tdp_code,ward_code,province_code,name,full_name,unit_type,code_name,seq,arrangement,verified,effective_date
00004.001,00004,01,1,Tổ dân phố 1,tổ dân phố,1,1,2026_07,unverified,2026-07-01
00004.002,00004,01,2,Tổ dân phố 2,tổ dân phố,2,2,2026_07,unverified,2026-07-01
00004.003,00004,01,3,Tổ dân phố 3,tổ dân phố,3,3,2026_07,unverified,2026-07-01
00004.004,00004,01,4,Tổ dân phố 4,tổ dân phố,4,4,2026_07,unverified,2026-07-01
00004.005,00004,01,5,Tổ dân phố 5,tổ dân phố,5,5,2026_07,unverified,2026-07-01
00004.006,00004,01,6,Tổ dân phố 6,tổ dân phố,6,6,2026_07,unverified,2026-07-01
00004.007,00004,01,7,Tổ dân phố 7,tổ dân phố,7,7,2026_07,unverified,2026-07-01
00004.008,00004,01,8,Tổ dân phố 8,tổ dân phố,8,8,2026_07,unverified,2026-07-01
00004.009,00004,01,9,Tổ dân phố 9,tổ dân phố,9,9,2026_07,unverified,2026-07-01
00004.010,00004,01,10,Tổ dân phố 10,tổ dân phố,10,10,2026_07,unverified,2026-07-01
00004.011,00004,01,11,Tổ dân phố 11,tổ dân phố,11,11,2026_07,unverified,2026-07-01
00004.012,00004,01,12,Tổ dân phố 12,tổ dân phố,12,12,2026_07,unverified,2026-07-01
00004.013,00004,01,13,Tổ dân phố 13,tổ dân phố,13,13,2026_07,unverified,2026-07-01
00004.014,00004,01,14,Tổ dân phố 14,tổ dân phố,14,14,2026_07,unverified,2026-07-01
00004.015,00004,01,15,Tổ dân phố 15,tổ dân phố,15,15,2026_07,unverified,2026-07-01
00004.016,00004,01,16,Tổ dân phố 16,tổ dân phố,16,16,2026_07,unverified,2026-07-01
00004.017,00004,01,17,Tổ dân phố 17,tổ dân phố,17,17,2026_07,unverified,2026-07-01
00004.018,00004,01,18,Tổ dân phố 18,tổ dân phố,18,18,2026_07,unverified,2026-07-01
00008.001,00008,01,1,Tổ dân phố 1,tổ dân phố,1,1,2026_07,unverified,2026-07-01
00008.002,00008,01,2,Tổ dân phố 2,tổ dân phố,2,2,2026_07,unverified,2026-07-01
00008.003,00008,01,3,Tổ dân phố 3,tổ dân phố,3,3,2026_07,unverified,2026-07-01
00008.004,00008,01,4,Tổ dân phố 4,tổ dân phố,4,4,2026_07,unverified,2026-07-01
00008.005,00008,01,5,Tổ dân phố 5,tổ dân phố,5,5,2026_07,unverified,2026-07-01
00008.006,00008,01,6,Tổ dân phố 6,tổ dân phố,6,6,2026_07,unverified,2026-07-01
00008.007,00008,01,7,Tổ dân phố 7,tổ dân phố,7,7,2026_07,unverified,2026-07-01
00008.008,00008,01,8,Tổ dân phố 8,tổ dân phố,8,8,2026_07,unverified,2026-07-01
00008.009,00008,01,9,Tổ dân phố 9,tổ dân phố,9,9,2026_07,unverified,2026-07-01
00008.010,00008,01,10,Tổ dân phố 10,tổ dân phố,10,10,2026_07,unverified,2026-07-01
00008.011,00008,01,11,Tổ dân phố 11,tổ dân phố,11,11,2026_07,unverified,2026-07-01
00008.012,00008,01,12,Tổ dân phố 12,tổ dân phố,12,12,2026_07,unverified,2026-07-01
00008.013,00008,01,13,Tổ dân phố 13,tổ dân phố,13,13,2026_07,unverified,2026-07-01
00008.014,00008,01,14,Tổ dân phố 14,tổ dân phố,14,14,2026_07,unverified,2026-07-01
00008.015,00008,01,15,Tổ dân phố 15,tổ dân phố,15,15,2026_07,unverified,2026-07-01
00008.016,00008,01,16,Tổ dân phố 16,tổ dân phố,16,16,2026_07,unverified,2026-07-01
00008.017,00008,01,17,Tổ dân phố 17,tổ dân phố,17,17,2026_07,unverified,2026-07-01
00008.018,00008,01,18,Tổ dân phố 18,tổ dân phố,18,18,2026_07,unverified,2026-07-01
00008.019,00008,01,19,Tổ dân phố 19,tổ dân phố,19,19,2026_07,unverified,2026-07-01
00008.020,00008,01,20,Tổ dân phố 20,tổ dân phố,20,20,2026_07,unverified,2026-07-01
00008.021,00008,01,21,Tổ dân phố 21,tổ dân phố,21,21,2026_07,unverified,2026-07-01
00008.022,00008,01,22,Tổ dân phố 22,tổ dân phố,22,22,2026_07,unverified,2026-07-01
00008.023,00008,01,23,Tổ dân phố 23,tổ dân phố,23,23,2026_07,unverified,2026-07-01
00008.024,00008,01,24,Tổ dân phố 24,tổ dân phố,24,24,2026_07,unverified,2026-07-01
00008.025,00008,01,25,Tổ dân phố 25,tổ dân phố,25,25,2026_07,unverified,2026-07-01
00008.026,00008,01,26,Tổ dân phố 26,tổ dân phố,26,26,2026_07,unverified,2026-07-01
00008.027,00008,01,27,Tổ dân phố 27,tổ dân phố,27,27,2026_07,unverified,2026-07-01
00008.028,00008,01,28,Tổ dân phố 28,tổ dân phố,28,28,2026_07,unverified,2026-07-01
00008.029,00008,01,29,Tổ dân phố 29,tổ dân phố,29,29,2026_07,unverified,2026-07-01
00008.030,00008,01,30,Tổ dân phố 30,tổ dân phố,30,30,2026_07,unverified,2026-07-01
00025.001,00025,01,1,Tổ dân phố 1,tổ dân phố,1,1,2026_07,unverified,2026-07-01
00025.002,00025,01,2,Tổ dân phố 2,tổ dân phố,2,2,2026_07,unverified,2026-07-01
00025.003,00025,01,3,Tổ dân phố 3,tổ dân phố,3,3,2026_07,unverified,2026-07-01
00025.004,00025,01,4,Tổ dân phố 4,tổ dân phố,4,4,2026_07,unverified,2026-07-01
00025.005,00025,01,5,Tổ dân phố 5,tổ dân phố,5,5,2026_07,unverified,2026-07-01
00025.006,00025,01,6,Tổ dân phố 6,tổ dân phố,6,6,2026_07,unverified,2026-07-01
00025.007,00025,01,7,Tổ dân phố 7,tổ dân phố,7,7,2026_07,unverified,2026-07-01
00025.008,00025,01,8,Tổ dân phố 8,tổ dân phố,8,8,2026_07,unverified,2026-07-01
00025.009,00025,01,9,Tổ dân phố 9,tổ dân phố,9,9,2026_07,unverified,2026-07-01
00025.010,00025,01,10,Tổ dân phố 10,tổ dân phố,10,10,2026_07,unverified,2026-07-01
00025.011,00025,01,11,Tổ dân phố 11,tổ dân phố,11,11,2026_07,unverified,2026-07-01
00025.012,00025,01,12,Tổ dân phố 12,tổ dân phố,12,12,2026_07,unverified,2026-07-01
00025.013,00025,01,13,Tổ dân phố 13,tổ dân phố,13,13,2026_07,unverified,2026-07-01
00025.014,00025,01,14,Tổ dân phố 14,tổ dân phố,14,14,2026_07,unverified,2026-07-01
00025.015,00025,01,15,Tổ dân phố 15,tổ dân phố,15,15,2026_07,unverified,2026-07-01
00025.016,00025,01,16,Tổ dân phố 16,tổ dân phố,16,16,2026_07,unverified,2026-07-01
00025.017,00025,01,17,Tổ dân phố 17,tổ dân phố,17,17,2026_07,unverified,2026-07-01
00025.018,00025,01,18,Tổ dân phố 18,tổ dân phố,18,18,2026_07,unverified,2026-07-01
00025.019,00025,01,19,Tổ dân phố 19,tổ dân phố,19,19,2026_07,unverified,2026-07-01
00025.020,00025,01,20,Tổ dân phố 20,tổ dân phố,20,20,2026_07,unverified,2026-07-01
00025.021,00025,01,21,Tổ dân phố 21,tổ dân phố,21,21,2026_07,unverified,2026-07-01
00025.022,00025,01,22,Tổ dân phố 22,tổ dân phố,22,22,2026_07,unverified,2026-07-01
00025.023,00025,01,23,Tổ dân phố 23,tổ dân phố,23,23,2026_07,unverified,2026-07-01
00025.024,00025,01,24,Tổ dân phố 24,tổ dân phố,24,24,2026_07,unverified,2026-07-01
00025.025,00025,01,25,Tổ dân phố 25,tổ dân phố,25,25,2026_07,unverified,2026-07-01
00070.001,00070,01,Cửa Đông 1,Tổ dân phố Cửa Đông 1,tổ dân phố,cua_dong_1,1,2026_07,unverified,2026-07-01
00070.002,00070,01,Cửa Đông 2,Tổ dân phố Cửa Đông 2,tổ dân phố,cua_dong_2,2,2026_07,unverified,2026-07-01
00070.003,00070,01,Cửa Đông 3,Tổ dân phố Cửa Đông 3,tổ dân phố,cua_dong_3,3,2026_07,unverified,2026-07-01
00070.004,00070,01,Điện Biên,Tổ dân phố Điện Biên,tổ dân phố,dien_bien,4,2026_07,unverified,2026-07-01
00070.005,00070,01,Đồng Xuân 1,Tổ dân phố Đồng Xuân 1,tổ dân phố,dong_xuan_1,5,2026_07,unverified,2026-07-01
00070.006,00070,01,Đồng Xuân 2,Tổ dân phố Đồng Xuân 2,tổ dân phố,dong_xuan_2,6,2026_07,unverified,2026-07-01
00070.007,00070,01,Hàng Bạc 1,Tổ dân phố Hàng Bạc 1,tổ dân phố,hang_bac_1,7,2026_07,unverified,2026-07-01
00070.008,00070,01,Hàng Bạc 2,Tổ dân phố Hàng Bạc 2,tổ dân phố,hang_bac_2,8,2026_07,unverified,2026-07-01
00070.009,00070,01,Hàng Bông 1,Tổ dân phố Hàng Bông 1,tổ dân phố,hang_bong_1,9,2026_07,unverified,2026-07-01
00070.010,00070,01,Hàng Bông 2,Tổ dân phố Hàng Bông 2,tổ dân phố,hang_bong_2,10,2026_07,unverified,2026-07-01
00070.011,00070,01,Hàng Bồ 1,Tổ dân phố Hàng Bồ 1,tổ dân phố,hang_bo_1,11,2026_07,unverified,2026-07-01
00070.012,00070,01,Hàng Bồ 2,Tổ dân phố Hàng Bồ 2,tổ dân phố,hang_bo_2,12,2026_07,unverified,2026-07-01
00070.013,00070,01,Hàng Buồm 1,Tổ dân phố Hàng Buồm 1,tổ dân phố,hang_buom_1,13,2026_07,unverified,2026-07-01
00070.014,00070,01,Hàng Buồm 2,Tổ dân phố Hàng Buồm 2,tổ dân phố,hang_buom_2,14,2026_07,unverified,2026-07-01
00070.015,00070,01,Hàng Buồm 3,Tổ dân phố Hàng Buồm 3,tổ dân phố,hang_buom_3,15,2026_07,unverified,2026-07-01
00070.016,00070,01,Hàng Buồm 4,Tổ dân phố Hàng Buồm 4,tổ dân phố,hang_buom_4,16,2026_07,unverified,2026-07-01
00070.017,00070,01,Hàng Đào,Tổ dân phố Hàng Đào,tổ dân phố,hang_dao,17,2026_07,unverified,2026-07-01
00070.018,00070,01,Hàng Gai 1,Tổ dân phố Hàng Gai 1,tổ dân phố,hang_gai_1,18,2026_07,unverified,2026-07-01
00070.019,00070,01,Hàng Gai 2,Tổ dân phố Hàng Gai 2,tổ dân phố,hang_gai_2,19,2026_07,unverified,2026-07-01
00070.020,00070,01,Hàng Gai 3,Tổ dân phố Hàng Gai 3,tổ dân phố,hang_gai_3,20,2026_07,unverified,2026-07-01
00070.021,00070,01,Hàng Mã 1,Tổ dân phố Hàng Mã 1,tổ dân phố,hang_ma_1,21,2026_07,unverified,2026-07-01
00070.022,00070,01,Hàng Mã 2,Tổ dân phố Hàng Mã 2,tổ dân phố,hang_ma_2,22,2026_07,unverified,2026-07-01
00070.023,00070,01,Hàng Mã 3,Tổ dân phố Hàng Mã 3,tổ dân phố,hang_ma_3,23,2026_07,unverified,2026-07-01
00070.024,00070,01,Hàng Trống 1,Tổ dân phố Hàng Trống 1,tổ dân phố,hang_trong_1,24,2026_07,unverified,2026-07-01
00070.025,00070,01,Hàng Trống 2,Tổ dân phố Hàng Trống 2,tổ dân phố,hang_trong_2,25,2026_07,unverified,2026-07-01
00070.026,00070,01,Lý Thái Tổ 1,Tổ dân phố Lý Thái Tổ 1,tổ dân phố,ly_thai_to_1,26,2026_07,unverified,2026-07-01
00070.027,00070,01,Lý Thái Tổ 2,Tổ dân phố Lý Thái Tổ 2,tổ dân phố,ly_thai_to_2,27,2026_07,unverified,2026-07-01
00070.028,00070,01,Tràng Tiền,Tổ dân phố Tràng Tiền,tổ dân phố,trang_tien,28,2026_07,unverified,2026-07-01
00082.001,00082,01,Bà Triệu,Tổ dân phố Bà Triệu,tổ dân phố,ba_trieu,1,2026_07,unverified,2026-07-01
00082.002,00082,01,Dã Tượng,Tổ dân phố Dã Tượng,tổ dân phố,da_tuong,2,2026_07,unverified,2026-07-01
00082.003,00082,01,Hai Bà Trưng,Tổ dân phố Hai Bà Trưng,tổ dân phố,hai_ba_trung,3,2026_07,unverified,2026-07-01
00082.004,00082,01,Hàm Long,Tổ dân phố Hàm Long,tổ dân phố,ham_long,4,2026_07,unverified,2026-07-01
00082.005,00082,01,Hàng Bài,Tổ dân phố Hàng Bài,tổ dân phố,hang_bai,5,2026_07,unverified,2026-07-01
00082.006,00082,01,Lê Thánh Tông,Tổ dân phố Lê Thánh Tông,tổ dân phố,le_thanh_tong,6,2026_07,unverified,2026-07-01
00082.007,00082,01,Lý Thường Kiệt,Tổ dân phố Lý Thường Kiệt,tổ dân phố,ly_thuong_kiet,7,2026_07,unverified,2026-07-01
00082.008,00082,01,Nam Ngư,Tổ dân phố Nam Ngư,tổ dân phố,nam_ngu,8,2026_07,unverified,2026-07-01
00082.009,00082,01,Ngô Quyền,Tổ dân phố Ngô Quyền,tổ dân phố,ngo_quyen,9,2026_07,unverified,2026-07-01
00082.010,00082,01,Phan Bội Châu,Tổ dân phố Phan Bội Châu,tổ dân phố,phan_boi_chau,10,2026_07,unverified,2026-07-01
00082.011,00082,01,Phan Chu Trinh,Tổ dân phố Phan Chu Trinh,tổ dân phố,phan_chu_trinh,11,2026_07,unverified,2026-07-01
00082.012,00082,01,Quang Trung,Tổ dân phố Quang Trung,tổ dân phố,quang_trung,12,2026_07,unverified,2026-07-01
00082.013,00082,01,Quán Sứ,Tổ dân phố Quán Sứ,tổ dân phố,quan_su,13,2026_07,unverified,2026-07-01
00082.014,00082,01,Trần Hưng Đạo,Tổ dân phố Trần Hưng Đạo,tổ dân phố,tran_hung_dao,14,2026_07,unverified,2026-07-01
00082.015,00082,01,Trần Quốc Toản,Tổ dân phố Trần Quốc Toản,tổ dân phố,tran_quoc_toan,15,2026_07,unverified,2026-07-01
00082.016,00082,01,Yết Kiêu,Tổ dân phố Yết Kiêu,tổ dân phố,yet_kieu,16,2026_07,unverified,2026-07-01
00097.001,00097,01,7 khu vực Bạch Đằng,Tổ dân phố 7 khu vực Bạch Đằng,tổ dân phố,7_khu_vuc_bach_dang,1,truoc_2026_07,unverified,
00097.002,00097,01,8 khu vực Bạch Đằng,Tổ dân phố 8 khu vực Bạch Đằng,tổ dân phố,8_khu_vuc_bach_dang,2,truoc_2026_07,unverified,
00097.003,00097,01,9 khu vực Bạch Đằng,Tổ dân phố 9 khu vực Bạch Đằng,tổ dân phố,9_khu_vuc_bach_dang,3,truoc_2026_07,unverified,
00097.004,00097,01,10 khu vực Bạch Đằng,Tổ dân phố 10 khu vực Bạch Đằng,tổ dân phố,10_khu_vuc_bach_dang,4,truoc_2026_07,unverified,
00097.005,00097,01,11 khu vực Bạch Đằng,Tổ dân phố 11 khu vực Bạch Đằng,tổ dân phố,11_khu_vuc_bach_dang,5,truoc_2026_07,unverified,
00097.006,00097,01,12 khu vực Bạch Đằng,Tổ dân phố 12 khu vực Bạch Đằng,tổ dân phố,12_khu_vuc_bach_dang,6,truoc_2026_07,unverified,
00097.007,00097,01,13 khu vực Bạch Đằng,Tổ dân phố 13 khu vực Bạch Đằng,tổ dân phố,13_khu_vuc_bach_dang,7,truoc_2026_07,unverified,
00097.008,00097,01,14 khu vực Bạch Đằng,Tổ dân phố 14 khu vực Bạch Đằng,tổ dân phố,14_khu_vuc_bach_dang,8,truoc_2026_07,unverified,
00097.009,00097,01,1 khu vực Chương Dương,Tổ dân phố 1 khu vực Chương Dương,tổ dân phố,1_khu_vuc_chuong_duong,9,truoc_2026_07,unverified,
00097.010,00097,01,2 khu vực Chương Dương,Tổ dân phố 2 khu vực Chương Dương,tổ dân phố,2_khu_vuc_chuong_duong,10,truoc_2026_07,unverified,
00097.011,00097,01,3 khu vực Chương Dương,Tổ dân phố 3 khu vực Chương Dương,tổ dân phố,3_khu_vuc_chuong_duong,11,truoc_2026_07,unverified,
00097.012,00097,01,4 khu vực Chương Dương,Tổ dân phố 4 khu vực Chương Dương,tổ dân phố,4_khu_vuc_chuong_duong,12,truoc_2026_07,unverified,
00097.013,00097,01,5 khu vực Chương Dương,Tổ dân phố 5 khu vực Chương Dương,tổ dân phố,5_khu_vuc_chuong_duong,13,truoc_2026_07,unverified,
00097.014,00097,01,6 khu vực Chương Dương,Tổ dân phố 6 khu vực Chương Dương,tổ dân phố,6_khu_vuc_chuong_duong,14,truoc_2026_07,unverified,
00097.015,00097,01,7 khu vực Chương Dương,Tổ dân phố 7 khu vực Chương Dương,tổ dân phố,7_khu_vuc_chuong_duong,15,truoc_2026_07,unverified,
00097.016,00097,01,8 khu vực Chương Dương,Tổ dân phố 8 khu vực Chương Dương,tổ dân phố,8_khu_vuc_chuong_duong,16,truoc_2026_07,unverified,
00097.017,00097,01,9 khu vực Chương Dương,Tổ dân phố 9 khu vực Chương Dương,tổ dân phố,9_khu_vuc_chuong_duong,17,truoc_2026_07,unverified,
00097.018,00097,01,10 khu vực Chương Dương,Tổ dân phố 10 khu vực Chương Dương,tổ dân phố,10_khu_vuc_chuong_duong,18,truoc_2026_07,unverified,
00097.019,00097,01,11 khu vực Chương Dương,Tổ dân phố 11 khu vực Chương Dương,tổ dân phố,11_khu_vuc_chuong_duong,19,truoc_2026_07,unverified,
00097.020,00097,01,12 khu vực Chương Dương,Tổ dân phố 12 khu vực Chương Dương,tổ dân phố,12_khu_vuc_chuong_duong,20,truoc_2026_07,unverified,
00097.021,00097,01,13 khu vực Chương Dương,Tổ dân phố 13 khu vực Chương Dương,tổ dân phố,13_khu_vuc_chuong_duong,21,truoc_2026_07,unverified,
00097.022,00097,01,14 khu vực Chương Dương,Tổ dân phố 14 khu vực Chương Dương,tổ dân phố,14_khu_vuc_chuong_duong,22,truoc_2026_07,unverified,
00097.023,00097,01,15 khu vực Chương Dương,Tổ dân phố 15 khu vực Chương Dương,tổ dân phố,15_khu_vuc_chuong_duong,23,truoc_2026_07,unverified,
00097.024,00097,01,16 khu vực Chương Dương,Tổ dân phố 16 khu vực Chương Dương,tổ dân phố,16_khu_vuc_chuong_duong,24,truoc_2026_07,unverified,
00097.025,00097,01,17 khu vực Chương Dương,Tổ dân phố 17 khu vực Chương Dương,tổ dân phố,17_khu_vuc_chuong_duong,25,truoc_2026_07,unverified,
00097.026,00097,01,18 khu vực Chương Dương,Tổ dân phố 18 khu vực Chương Dương,tổ dân phố,18_khu_vuc_chuong_duong,26,truoc_2026_07,unverified,
00097.027,00097,01,6 khu vực Nhật Tân,Tổ dân phố 6 khu vực Nhật Tân,tổ dân phố,6_khu_vuc_nhat_tan,27,truoc_2026_07,unverified,
00097.028,00097,01,7 khu vực Nhật Tân,Tổ dân phố 7 khu vực Nhật Tân,tổ dân phố,7_khu_vuc_nhat_tan,28,truoc_2026_07,unverified,
00097.029,00097,01,8 khu vực Nhật Tân,Tổ dân phố 8 khu vực Nhật Tân,tổ dân phố,8_khu_vuc_nhat_tan,29,truoc_2026_07,unverified,
00097.030,00097,01,9 khu vực Nhật Tân,Tổ dân phố 9 khu vực Nhật Tân,tổ dân phố,9_khu_vuc_nhat_tan,30,truoc_2026_07,unverified,
00097.031,00097,01,15 khu vực Phú Thượng,Tổ dân phố 15 khu vực Phú Thượng,tổ dân phố,15_khu_vuc_phu_thuong,31,truoc_2026_07,unverified,
00097.032,00097,01,1 khu vực Phúc Tân,Tổ dân phố 1 khu vực Phúc Tân,tổ dân phố,1_khu_vuc_phuc_tan,32,truoc_2026_07,unverified,
00097.033,00097,01,2 khu vực Phúc Tân,Tổ dân phố 2 khu vực Phúc Tân,tổ dân phố,2_khu_vuc_phuc_tan,33,truoc_2026_07,unverified,
00097.034,00097,01,3 khu vực Phúc Tân,Tổ dân phố 3 khu vực Phúc Tân,tổ dân phố,3_khu_vuc_phuc_tan,34,truoc_2026_07,unverified,
00097.035,00097,01,4 khu vực Phúc Tân,Tổ dân phố 4 khu vực Phúc Tân,tổ dân phố,4_khu_vuc_phuc_tan,35,truoc_2026_07,unverified,
00097.036,00097,01,5 khu vực Phúc Tân,Tổ dân phố 5 khu vực Phúc Tân,tổ dân phố,5_khu_vuc_phuc_tan,36,truoc_2026_07,unverified,
00097.037,00097,01,6 khu vực Phúc Tân,Tổ dân phố 6 khu vực Phúc Tân,tổ dân phố,6_khu_vuc_phuc_tan,37,truoc_2026_07,unverified,
00097.038,00097,01,7 khu vực Phúc Tân,Tổ dân phố 7 khu vực Phúc Tân,tổ dân phố,7_khu_vuc_phuc_tan,38,truoc_2026_07,unverified,
00097.039,00097,01,8 khu vực Phúc Tân,Tổ dân phố 8 khu vực Phúc Tân,tổ dân phố,8_khu_vuc_phuc_tan,39,truoc_2026_07,unverified,
00097.040,00097,01,9 khu vực Phúc Tân,Tổ dân phố 9 khu vực Phúc Tân,tổ dân phố,9_khu_vuc_phuc_tan,40,truoc_2026_07,unverified,
00097.041,00097,01,10 khu vực Phúc Tân,Tổ dân phố 10 khu vực Phúc Tân,tổ dân phố,10_khu_vuc_phuc_tan,41,truoc_2026_07,unverified,
00097.042,00097,01,11 khu vực Phúc Tân,Tổ dân phố 11 khu vực Phúc Tân,tổ dân phố,11_khu_vuc_phuc_tan,42,truoc_2026_07,unverified,
00097.043,00097,01,12 khu vực Phúc Tân,Tổ dân phố 12 khu vực Phúc Tân,tổ dân phố,12_khu_vuc_phuc_tan,43,truoc_2026_07,unverified,
00097.044,00097,01,13 khu vực Phúc Tân,Tổ dân phố 13 khu vực Phúc Tân,tổ dân phố,13_khu_vuc_phuc_tan,44,truoc_2026_07,unverified,
00097.045,00097,01,14 khu vực Phúc Tân,Tổ dân phố 14 khu vực Phúc Tân,tổ dân phố,14_khu_vuc_phuc_tan,45,truoc_2026_07,unverified,
00097.046,00097,01,15 khu vực Phúc Tân,Tổ dân phố 15 khu vực Phúc Tân,tổ dân phố,15_khu_vuc_phuc_tan,46,truoc_2026_07,unverified,
00097.047,00097,01,16 khu vực Phúc Tân,Tổ dân phố 16 khu vực Phúc Tân,tổ dân phố,16_khu_vuc_phuc_tan,47,truoc_2026_07,unverified,
00097.048,00097,01,1 khu vực Phúc Xá,Tổ dân phố 1 khu vực Phúc Xá,tổ dân phố,1_khu_vuc_phuc_xa,48,truoc_2026_07,unverified,
00097.049,00097,01,2 khu vực Phúc Xá,Tổ dân phố 2 khu vực Phúc Xá,tổ dân phố,2_khu_vuc_phuc_xa,49,truoc_2026_07,unverified,
00097.050,00097,01,3 khu vực Phúc Xá,Tổ dân phố 3 khu vực Phúc Xá,tổ dân phố,3_khu_vuc_phuc_xa,50,truoc_2026_07,unverified,
00097.051,00097,01,4 khu vực Phúc Xá,Tổ dân phố 4 khu vực Phúc Xá,tổ dân phố,4_khu_vuc_phuc_xa,51,truoc_2026_07,unverified,
00097.052,00097,01,5 khu vực Phúc Xá,Tổ dân phố 5 khu vực Phúc Xá,tổ dân phố,5_khu_vuc_phuc_xa,52,truoc_2026_07,unverified,
00097.053,00097,01,6 khu vực Phúc Xá,Tổ dân phố 6 khu vực Phúc Xá,tổ dân phố,6_khu_vuc_phuc_xa,53,truoc_2026_07,unverified,
00097.054,00097,01,7 khu vực Phúc Xá,Tổ dân phố 7 khu vực Phúc Xá,tổ dân phố,7_khu_vuc_phuc_xa,54,truoc_2026_07,unverified,
00097.055,00097,01,8 khu vực Phúc Xá,Tổ dân phố 8 khu vực Phúc Xá,tổ dân phố,8_khu_vuc_phuc_xa,55,truoc_2026_07,unverified,
00097.056,00097,01,9 khu vực Phúc Xá,Tổ dân phố 9 khu vực Phúc Xá,tổ dân phố,9_khu_vuc_phuc_xa,56,truoc_2026_07,unverified,
00097.057,00097,01,10 khu vực Phúc Xá,Tổ dân phố 10 khu vực Phúc Xá,tổ dân phố,10_khu_vuc_phuc_xa,57,truoc_2026_07,unverified,
00097.058,00097,01,11 khu vực Phúc Xá,Tổ dân phố 11 khu vực Phúc Xá,tổ dân phố,11_khu_vuc_phuc_xa,58,truoc_2026_07,unverified,
00097.059,00097,01,12 khu vực Phúc Xá,Tổ dân phố 12 khu vực Phúc Xá,tổ dân phố,12_khu_vuc_phuc_xa,59,truoc_2026_07,unverified,
00097.060,00097,01,13 khu vực Phúc Xá,Tổ dân phố 13 khu vực Phúc Xá,tổ dân phố,13_khu_vuc_phuc_xa,60,truoc_2026_07,unverified,
00097.061,00097,01,14 khu vực Phúc Xá,Tổ dân phố 14 khu vực Phúc Xá,tổ dân phố,14_khu_vuc_phuc_xa,61,truoc_2026_07,unverified,
00097.062,00097,01,15 khu vực Phúc Xá,Tổ dân phố 15 khu vực Phúc Xá,tổ dân phố,15_khu_vuc_phuc_xa,62,truoc_2026_07,unverified,
00097.063,00097,01,16 khu vực Phúc Xá,Tổ dân phố 16 khu vực Phúc Xá,tổ dân phố,16_khu_vuc_phuc_xa,63,truoc_2026_07,unverified,
00097.064,00097,01,17 khu vực Phúc Xá,Tổ dân phố 17 khu vực Phúc Xá,tổ dân phố,17_khu_vuc_phuc_xa,64,truoc_2026_07,unverified,
00097.065,00097,01,18 khu vực Phúc Xá,Tổ dân phố 18 khu vực Phúc Xá,tổ dân phố,18_khu_vuc_phuc_xa,65,truoc_2026_07,unverified,
00097.066,00097,01,19 khu vực Phúc Xá,Tổ dân phố 19 khu vực Phúc Xá,tổ dân phố,19_khu_vuc_phuc_xa,66,truoc_2026_07,unverified,
00097.067,00097,01,20 khu vực Phúc Xá,Tổ dân phố 20 khu vực Phúc Xá,tổ dân phố,20_khu_vuc_phuc_xa,67,truoc_2026_07,unverified,
00097.068,00097,01,21 khu vực Phúc Xá,Tổ dân phố 21 khu vực Phúc Xá,tổ dân phố,21_khu_vuc_phuc_xa,68,truoc_2026_07,unverified,
00097.069,00097,01,22 khu vực Phúc Xá,Tổ dân phố 22 khu vực Phúc Xá,tổ dân phố,22_khu_vuc_phuc_xa,69,truoc_2026_07,unverified,
00097.070,00097,01,2 khu vực Quảng An,Tổ dân phố 2 khu vực Quảng An,tổ dân phố,2_khu_vuc_quang_an,70,truoc_2026_07,unverified,
00097.071,00097,01,6 khu vực Quảng An,Tổ dân phố 6 khu vực Quảng An,tổ dân phố,6_khu_vuc_quang_an,71,truoc_2026_07,unverified,
00097.072,00097,01,19 khu vực Thanh Lương,Tổ dân phố 19 khu vực Thanh Lương,tổ dân phố,19_khu_vuc_thanh_luong,72,truoc_2026_07,unverified,
00097.073,00097,01,20 khu vực Thanh Lương,Tổ dân phố 20 khu vực Thanh Lương,tổ dân phố,20_khu_vuc_thanh_luong,73,truoc_2026_07,unverified,
00097.074,00097,01,21 khu vực Thanh Lương,Tổ dân phố 21 khu vực Thanh Lương,tổ dân phố,21_khu_vuc_thanh_luong,74,truoc_2026_07,unverified,
00097.075,00097,01,1 khu vực Tứ Liên,Tổ dân phố 1 khu vực Tứ Liên,tổ dân phố,1_khu_vuc_tu_lien,75,truoc_2026_07,unverified,
00097.076,00097,01,2 khu vực Tứ Liên,Tổ dân phố 2 khu vực Tứ Liên,tổ dân phố,2_khu_vuc_tu_lien,76,truoc_2026_07,unverified,
00097.077,00097,01,3 khu vực Tứ Liên,Tổ dân phố 3 khu vực Tứ Liên,tổ dân phố,3_khu_vuc_tu_lien,77,truoc_2026_07,unverified,
00097.078,00097,01,4 khu vực Tứ Liên,Tổ dân phố 4 khu vực Tứ Liên,tổ dân phố,4_khu_vuc_tu_lien,78,truoc_2026_07,unverified,
00097.079,00097,01,5 khu vực Tứ Liên,Tổ dân phố 5 khu vực Tứ Liên,tổ dân phố,5_khu_vuc_tu_lien,79,truoc_2026_07,unverified,
00097.080,00097,01,6 khu vực Tứ Liên,Tổ dân phố 6 khu vực Tứ Liên,tổ dân phố,6_khu_vuc_tu_lien,80,truoc_2026_07,unverified,
00097.081,00097,01,7 khu vực Tứ Liên,Tổ dân phố 7 khu vực Tứ Liên,tổ dân phố,7_khu_vuc_tu_lien,81,truoc_2026_07,unverified,
00097.082,00097,01,8 khu vực Tứ Liên,Tổ dân phố 8 khu vực Tứ Liên,tổ dân phố,8_khu_vuc_tu_lien,82,truoc_2026_07,unverified,
00097.083,00097,01,9 khu vực Tứ Liên,Tổ dân phố 9 khu vực Tứ Liên,tổ dân phố,9_khu_vuc_tu_lien,83,truoc_2026_07,unverified,
00097.084,00097,01,10 khu vực Tứ Liên,Tổ dân phố 10 khu vực Tứ Liên,tổ dân phố,10_khu_vuc_tu_lien,84,truoc_2026_07,unverified,
00097.085,00097,01,11 khu vực Tứ Liên,Tổ dân phố 11 khu vực Tứ Liên,tổ dân phố,11_khu_vuc_tu_lien,85,truoc_2026_07,unverified,
00097.086,00097,01,4 khu vực Yên Phụ,Tổ dân phố 4 khu vực Yên Phụ,tổ dân phố,4_khu_vuc_yen_phu,86,truoc_2026_07,unverified,
00097.087,00097,01,5 khu vực Yên Phụ,Tổ dân phố 5 khu vực Yên Phụ,tổ dân phố,5_khu_vuc_yen_phu,87,truoc_2026_07,unverified,
00097.088,00097,01,6 khu vực Yên Phụ,Tổ dân phố 6 khu vực Yên Phụ,tổ dân phố,6_khu_vuc_yen_phu,88,truoc_2026_07,unverified,
00097.089,00097,01,7 khu vực Yên Phụ,Tổ dân phố 7 khu vực Yên Phụ,tổ dân phố,7_khu_vuc_yen_phu,89,truoc_2026_07,unverified,
00097.090,00097,01,8 khu vực Yên Phụ,Tổ dân phố 8 khu vực Yên Phụ,tổ dân phố,8_khu_vuc_yen_phu,90,truoc_2026_07,unverified,
00097.091,00097,01,9 khu vực Yên Phụ,Tổ dân phố 9 khu vực Yên Phụ,tổ dân phố,9_khu_vuc_yen_phu,91,truoc_2026_07,unverified,
00097.092,00097,01,10 khu vực Yên Phụ,Tổ dân phố 10 khu vực Yên Phụ,tổ dân phố,10_khu_vuc_yen_phu,92,truoc_2026_07,unverified,
00097.093,00097,01,11 khu vực Yên Phụ,Tổ dân phố 11 khu vực Yên Phụ,tổ dân phố,11_khu_vuc_yen_phu,93,truoc_2026_07,unverified,
00097.094,00097,01,12 khu vực Yên Phụ,Tổ dân phố 12 khu vực Yên Phụ,tổ dân phố,12_khu_vuc_yen_phu,94,truoc_2026_07,unverified,
00097.095,00097,01,13 khu vực Yên Phụ,Tổ dân phố 13 khu vực Yên Phụ,tổ dân phố,13_khu_vuc_yen_phu,95,truoc_2026_07,unverified,
00097.096,00097,01,14 khu vực Yên Phụ,Tổ dân phố 14 khu vực Yên Phụ,tổ dân phố,14_khu_vuc_yen_phu,96,truoc_2026_07,unverified,
00118.001,00118,01,1,Tổ dân phố 1,tổ dân phố,1,1,2026_07,unverified,2026-07-01
00118.002,00118,01,2,Tổ dân phố 2,tổ dân phố,2,2,2026_07,unverified,2026-07-01
00118.003,00118,01,3,Tổ dân phố 3,tổ dân phố,3,3,2026_07,unverified,2026-07-01
00118.004,00118,01,4,Tổ dân phố 4,tổ dân phố,4,4,2026_07,unverified,2026-07-01
00118.005,00118,01,5,Tổ dân phố 5,tổ dân phố,5,5,2026_07,unverified,2026-07-01
00118.006,00118,01,6,Tổ dân phố 6,tổ dân phố,6,6,2026_07,unverified,2026-07-01
00118.007,00118,01,7,Tổ dân phố 7,tổ dân phố,7,7,2026_07,unverified,2026-07-01
00118.008,00118,01,8,Tổ dân phố 8,tổ dân phố,8,8,2026_07,unverified,2026-07-01
00118.009,00118,01,9,Tổ dân phố 9,tổ dân phố,9,9,2026_07,unverified,2026-07-01
00118.010,00118,01,10,Tổ dân phố 10,tổ dân phố,10,10,2026_07,unverified,2026-07-01
00118.011,00118,01,11,Tổ dân phố 11,tổ dân phố,11,11,2026_07,unverified,2026-07-01
00118.012,00118,01,12,Tổ dân phố 12,tổ dân phố,12,12,2026_07,unverified,2026-07-01
00118.013,00118,01,13,Tổ dân phố 13,tổ dân phố,13,13,2026_07,unverified,2026-07-01
00118.014,00118,01,14,Tổ dân phố 14,tổ dân phố,14,14,2026_07,unverified,2026-07-01
00118.015,00118,01,15,Tổ dân phố 15,tổ dân phố,15,15,2026_07,unverified,2026-07-01
00118.016,00118,01,16,Tổ dân phố 16,tổ dân phố,16,16,2026_07,unverified,2026-07-01
00118.017,00118,01,17,Tổ dân phố 17,tổ dân phố,17,17,2026_07,unverified,2026-07-01
00118.018,00118,01,18,Tổ dân phố 18,tổ dân phố,18,18,2026_07,unverified,2026-07-01
00118.019,00118,01,19,Tổ dân phố 19,tổ dân phố,19,19,2026_07,unverified,2026-07-01
00118.020,00118,01,20,Tổ dân phố 20,tổ dân phố,20,20,2026_07,unverified,2026-07-01
00118.021,00118,01,21,Tổ dân phố 21,tổ dân phố,21,21,2026_07,unverified,2026-07-01
00118.022,00118,01,22,Tổ dân phố 22,tổ dân phố,22,22,2026_07,unverified,2026-07-01
00118.023,00118,01,23,Tổ dân phố 23,tổ dân phố,23,23,2026_07,unverified,2026-07-01
00118.024,00118,01,24,Tổ dân phố 24,tổ dân phố,24,24,2026_07,unverified,2026-07-01
00118.025,00118,01,25,Tổ dân phố 25,tổ dân phố,25,25,2026_07,unverified,2026-07-01
00118.026,00118,01,26,Tổ dân phố 26,tổ dân phố,26,26,2026_07,unverified,2026-07-01
00118.027,00118,01,27,Tổ dân phố 27,tổ dân phố,27,27,2026_07,unverified,2026-07-01
00118.028,00118,01,28,Tổ dân phố 28,tổ dân phố,28,28,2026_07,unverified,2026-07-01
00118.029,00118,01,29,Tổ dân phố 29,tổ dân phố,29,29,2026_07,unverified,2026-07-01
00118.030,00118,01,30,Tổ dân phố 30,tổ dân phố,30,30,2026_07,unverified,2026-07-01
00118.031,00118,01,31,Tổ dân phố 31,tổ dân phố,31,31,2026_07,unverified,2026-07-01
00118.032,00118,01,32,Tổ dân phố 32,tổ dân phố,32,32,2026_07,unverified,2026-07-01
00118.033,00118,01,33,Tổ dân phố 33,tổ dân phố,33,33,2026_07,unverified,2026-07-01
00118.034,00118,01,34,Tổ dân phố 34,tổ dân phố,34,34,2026_07,unverified,2026-07-01
00118.035,00118,01,35,Tổ dân phố 35,tổ dân phố,35,35,2026_07,unverified,2026-07-01
00118.036,00118,01,36,Tổ dân phố 36,tổ dân phố,36,36,2026_07,unverified,2026-07-01
00118.037,00118,01,37,Tổ dân phố 37,tổ dân phố,37,37,2026_07,unverified,2026-07-01
00118.038,00118,01,38,Tổ dân phố 38,tổ dân phố,38,38,2026_07,unverified,2026-07-01
00118.039,00118,01,39,Tổ dân phố 39,tổ dân phố,39,39,2026_07,unverified,2026-07-01
00118.040,00118,01,40,Tổ dân phố 40,tổ dân phố,40,40,2026_07,unverified,2026-07-01
00118.041,00118,01,41,Tổ dân phố 41,tổ dân phố,41,41,2026_07,unverified,2026-07-01
00118.042,00118,01,42,Tổ dân phố 42,tổ dân phố,42,42,2026_07,unverified,2026-07-01
00118.043,00118,01,43,Tổ dân phố 43,tổ dân phố,43,43,2026_07,unverified,2026-07-01
00118.044,00118,01,44,Tổ dân phố 44,tổ dân phố,44,44,2026_07,unverified,2026-07-01
00118.045,00118,01,45,Tổ dân phố 45,tổ dân phố,45,45,2026_07,unverified,2026-07-01
00127.001,00127,01,Đức Giang 1,Tổ dân phố Đức Giang 1,tổ dân phố,duc_giang_1,1,2026_07,unverified,2026-07-01
00127.002,00127,01,Đức Giang 2,Tổ dân phố Đức Giang 2,tổ dân phố,duc_giang_2,2,2026_07,unverified,2026-07-01
00127.003,00127,01,Đức Giang 3,Tổ dân phố Đức Giang 3,tổ dân phố,duc_giang_3,3,2026_07,unverified,2026-07-01
00127.004,00127,01,Đức Giang 4,Tổ dân phố Đức Giang 4,tổ dân phố,duc_giang_4,4,2026_07,unverified,2026-07-01
00127.005,00127,01,Đức Giang 5,Tổ dân phố Đức Giang 5,tổ dân phố,duc_giang_5,5,2026_07,unverified,2026-07-01
00127.006,00127,01,Đức Giang 6,Tổ dân phố Đức Giang 6,tổ dân phố,duc_giang_6,6,2026_07,unverified,2026-07-01
00127.007,00127,01,Đức Giang 7,Tổ dân phố Đức Giang 7,tổ dân phố,duc_giang_7,7,2026_07,unverified,2026-07-01
00127.008,00127,01,Đức Giang 8,Tổ dân phố Đức Giang 8,tổ dân phố,duc_giang_8,8,2026_07,unverified,2026-07-01
00127.009,00127,01,Giang Biên 1,Tổ dân phố Giang Biên 1,tổ dân phố,giang_bien_1,9,2026_07,unverified,2026-07-01
00127.010,00127,01,Giang Biên 2,Tổ dân phố Giang Biên 2,tổ dân phố,giang_bien_2,10,2026_07,unverified,2026-07-01
00127.011,00127,01,Giang Biên 3,Tổ dân phố Giang Biên 3,tổ dân phố,giang_bien_3,11,2026_07,unverified,2026-07-01
00127.012,00127,01,Giang Biên 4,Tổ dân phố Giang Biên 4,tổ dân phố,giang_bien_4,12,2026_07,unverified,2026-07-01
00127.013,00127,01,Giang Biên 5,Tổ dân phố Giang Biên 5,tổ dân phố,giang_bien_5,13,2026_07,unverified,2026-07-01
00127.014,00127,01,Giang Biên 6,Tổ dân phố Giang Biên 6,tổ dân phố,giang_bien_6,14,2026_07,unverified,2026-07-01
00127.015,00127,01,Giang Biên 7,Tổ dân phố Giang Biên 7,tổ dân phố,giang_bien_7,15,2026_07,unverified,2026-07-01
00127.016,00127,01,Giang Biên 8,Tổ dân phố Giang Biên 8,tổ dân phố,giang_bien_8,16,2026_07,unverified,2026-07-01
00127.017,00127,01,Giang Biên 9,Tổ dân phố Giang Biên 9,tổ dân phố,giang_bien_9,17,2026_07,unverified,2026-07-01
00127.018,00127,01,Thượng Thanh 1,Tổ dân phố Thượng Thanh 1,tổ dân phố,thuong_thanh_1,18,2026_07,unverified,2026-07-01
00127.019,00127,01,Thượng Thanh 2,Tổ dân phố Thượng Thanh 2,tổ dân phố,thuong_thanh_2,19,2026_07,unverified,2026-07-01
00127.020,00127,01,Thượng Thanh 3,Tổ dân phố Thượng Thanh 3,tổ dân phố,thuong_thanh_3,20,2026_07,unverified,2026-07-01
00127.021,00127,01,Thượng Thanh 4,Tổ dân phố Thượng Thanh 4,tổ dân phố,thuong_thanh_4,21,2026_07,unverified,2026-07-01
00127.022,00127,01,Thượng Thanh 5,Tổ dân phố Thượng Thanh 5,tổ dân phố,thuong_thanh_5,22,2026_07,unverified,2026-07-01
00127.023,00127,01,Thượng Thanh 6,Tổ dân phố Thượng Thanh 6,tổ dân phố,thuong_thanh_6,23,2026_07,unverified,2026-07-01
00127.024,00127,01,Thượng Thanh 7,Tổ dân phố Thượng Thanh 7,tổ dân phố,thuong_thanh_7,24,2026_07,unverified,2026-07-01
00127.025,00127,01,Thượng Thanh 8,Tổ dân phố Thượng Thanh 8,tổ dân phố,thuong_thanh_8,25,2026_07,unverified,2026-07-01
00127.026,00127,01,Việt Hưng 1,Tổ dân phố Việt Hưng 1,tổ dân phố,viet_hung_1,26,2026_07,unverified,2026-07-01
00127.027,00127,01,Việt Hưng 2,Tổ dân phố Việt Hưng 2,tổ dân phố,viet_hung_2,27,2026_07,unverified,2026-07-01
00127.028,00127,01,Việt Hưng 3,Tổ dân phố Việt Hưng 3,tổ dân phố,viet_hung_3,28,2026_07,unverified,2026-07-01
00127.029,00127,01,Việt Hưng 4,Tổ dân phố Việt Hưng 4,tổ dân phố,viet_hung_4,29,2026_07,unverified,2026-07-01
00127.030,00127,01,Việt Hưng 5,Tổ dân phố Việt Hưng 5,tổ dân phố,viet_hung_5,30,2026_07,unverified,2026-07-01
00127.031,00127,01,Việt Hưng 6,Tổ dân phố Việt Hưng 6,tổ dân phố,viet_hung_6,31,2026_07,unverified,2026-07-01
00127.032,00127,01,Việt Hưng 7,Tổ dân phố Việt Hưng 7,tổ dân phố,viet_hung_7,32,2026_07,unverified,2026-07-01
00136.001,00136,01,1,Tổ dân phố 1,tổ dân phố,1,1,2026_07,unverified,2026-07-01
00136.002,00136,01,2,Tổ dân phố 2,tổ dân phố,2,2,2026_07,unverified,2026-07-01
00136.003,00136,01,3,Tổ dân phố 3,tổ dân phố,3,3,2026_07,unverified,2026-07-01
00136.004,00136,01,4,Tổ dân phố 4,tổ dân phố,4,4,2026_07,unverified,2026-07-01
00136.005,00136,01,5,Tổ dân phố 5,tổ dân phố,5,5,2026_07,unverified,2026-07-01
00136.006,00136,01,6,Tổ dân phố 6,tổ dân phố,6,6,2026_07,unverified,2026-07-01
00136.007,00136,01,7,Tổ dân phố 7,tổ dân phố,7,7,2026_07,unverified,2026-07-01
00136.008,00136,01,8,Tổ dân phố 8,tổ dân phố,8,8,2026_07,unverified,2026-07-01
00136.009,00136,01,9,Tổ dân phố 9,tổ dân phố,9,9,2026_07,unverified,2026-07-01
00136.010,00136,01,10,Tổ dân phố 10,tổ dân phố,10,10,2026_07,unverified,2026-07-01
00136.011,00136,01,11,Tổ dân phố 11,tổ dân phố,11,11,2026_07,unverified,2026-07-01
00136.012,00136,01,12,Tổ dân phố 12,tổ dân phố,12,12,2026_07,unverified,2026-07-01
00136.013,00136,01,13,Tổ dân phố 13,tổ dân phố,13,13,2026_07,unverified,2026-07-01
00136.014,00136,01,14,Tổ dân phố 14,tổ dân phố,14,14,2026_07,unverified,2026-07-01
00136.015,00136,01,15,Tổ dân phố 15,tổ dân phố,15,15,2026_07,unverified,2026-07-01
00136.016,00136,01,16,Tổ dân phố 16,tổ dân phố,16,16,2026_07,unverified,2026-07-01
00136.017,00136,01,17,Tổ dân phố 17,tổ dân phố,17,17,2026_07,unverified,2026-07-01
00136.018,00136,01,18,Tổ dân phố 18,tổ dân phố,18,18,2026_07,unverified,2026-07-01
00136.019,00136,01,19,Tổ dân phố 19,tổ dân phố,19,19,2026_07,unverified,2026-07-01
00136.020,00136,01,20,Tổ dân phố 20,tổ dân phố,20,20,2026_07,unverified,2026-07-01
00136.021,00136,01,21,Tổ dân phố 21,tổ dân phố,21,21,2026_07,unverified,2026-07-01
00145.001,00145,01,918,Tổ dân phố 918,tổ dân phố,918,1,2026_07,unverified,2026-07-01
00145.002,00145,01,Cự Đồng,Tổ dân phố Cự Đồng,tổ dân phố,cu_dong,2,2026_07,unverified,2026-07-01
00145.003,00145,01,Độc Lập,Tổ dân phố Độc Lập,tổ dân phố,doc_lap,3,2026_07,unverified,2026-07-01
00145.004,00145,01,Long Biên,Tổ dân phố Long Biên,tổ dân phố,long_bien,4,2026_07,unverified,2026-07-01
00145.005,00145,01,Ngọc Trì 1,Tổ dân phố Ngọc Trì 1,tổ dân phố,ngoc_tri_1,5,2026_07,unverified,2026-07-01
00145.006,00145,01,Ngọc Trì 2,Tổ dân phố Ngọc Trì 2,tổ dân phố,ngoc_tri_2,6,2026_07,unverified,2026-07-01
00145.007,00145,01,Ngô 1,Tổ dân phố Ngô 1,tổ dân phố,ngo_1,7,2026_07,unverified,2026-07-01
00145.008,00145,01,Ngô 2,Tổ dân phố Ngô 2,tổ dân phố,ngo_2,8,2026_07,unverified,2026-07-01
00145.009,00145,01,Nha 1,Tổ dân phố Nha 1,tổ dân phố,nha_1,9,2026_07,unverified,2026-07-01
00145.010,00145,01,Nha 2,Tổ dân phố Nha 2,tổ dân phố,nha_2,10,2026_07,unverified,2026-07-01
00145.011,00145,01,Thạch Bàn,Tổ dân phố Thạch Bàn,tổ dân phố,thach_ban,11,2026_07,unverified,2026-07-01
00145.012,00145,01,Thạch Cầu 1,Tổ dân phố Thạch Cầu 1,tổ dân phố,thach_cau_1,12,2026_07,unverified,2026-07-01
00145.013,00145,01,Thạch Cầu 2,Tổ dân phố Thạch Cầu 2,tổ dân phố,thach_cau_2,13,2026_07,unverified,2026-07-01
00145.014,00145,01,Thạch Cầu Bây 1,Tổ dân phố Thạch Cầu Bây 1,tổ dân phố,thach_cau_bay_1,14,2026_07,unverified,2026-07-01
00145.015,00145,01,Thạch Cầu Bây 2,Tổ dân phố Thạch Cầu Bây 2,tổ dân phố,thach_cau_bay_2,15,2026_07,unverified,2026-07-01
00145.016,00145,01,Thống Nhất,Tổ dân phố Thống Nhất,tổ dân phố,thong_nhat,16,2026_07,unverified,2026-07-01
00145.017,00145,01,Thổ Khối 1,Tổ dân phố Thổ Khối 1,tổ dân phố,tho_khoi_1,17,2026_07,unverified,2026-07-01
00145.018,00145,01,Thổ Khối 2,Tổ dân phố Thổ Khối 2,tổ dân phố,tho_khoi_2,18,2026_07,unverified,2026-07-01
00145.019,00145,01,Thượng Hội,Tổ dân phố Thượng Hội,tổ dân phố,thuong_hoi,19,2026_07,unverified,2026-07-01
00145.020,00145,01,Trạm 1,Tổ dân phố Trạm 1,tổ dân phố,tram_1,20,2026_07,unverified,2026-07-01
00145.021,00145,01,Trạm 2,Tổ dân phố Trạm 2,tổ dân phố,tram_2,21,2026_07,unverified,2026-07-01
00145.022,00145,01,Tư Đình 1,Tổ dân phố Tư Đình 1,tổ dân phố,tu_dinh_1,22,2026_07,unverified,2026-07-01
00145.023,00145,01,Tư Đình 2,Tổ dân phố Tư Đình 2,tổ dân phố,tu_dinh_2,23,2026_07,unverified,2026-07-01
00145.024,00145,01,Xuân Đỗ Hạ,Tổ dân phố Xuân Đỗ Hạ,tổ dân phố,xuan_do_ha,24,2026_07,unverified,2026-07-01
00145.025,00145,01,Xuân Đỗ Thượng,Tổ dân phố Xuân Đỗ Thượng,tổ dân phố,xuan_do_thuong,25,2026_07,unverified,2026-07-01
00160.001,00160,01,1,Tổ dân phố 1,tổ dân phố,1,1,2026_07,partial,2026-07-01
00160.002,00160,01,2,Tổ dân phố 2,tổ dân phố,2,2,2026_07,partial,2026-07-01
00160.003,00160,01,3,Tổ dân phố 3,tổ dân phố,3,3,2026_07,partial,2026-07-01
00160.004,00160,01,4,Tổ dân phố 4,tổ dân phố,4,4,2026_07,partial,2026-07-01
00160.005,00160,01,5,Tổ dân phố 5,tổ dân phố,5,5,2026_07,partial,2026-07-01
00160.006,00160,01,6,Tổ dân phố 6,tổ dân phố,6,6,2026_07,partial,2026-07-01
00160.007,00160,01,7,Tổ dân phố 7,tổ dân phố,7,7,2026_07,partial,2026-07-01
00160.008,00160,01,8,Tổ dân phố 8,tổ dân phố,8,8,2026_07,partial,2026-07-01
00160.009,00160,01,9,Tổ dân phố 9,tổ dân phố,9,9,2026_07,partial,2026-07-01
00160.010,00160,01,10,Tổ dân phố 10,tổ dân phố,10,10,2026_07,partial,2026-07-01
00160.011,00160,01,11,Tổ dân phố 11,tổ dân phố,11,11,2026_07,partial,2026-07-01
00160.012,00160,01,12,Tổ dân phố 12,tổ dân phố,12,12,2026_07,partial,2026-07-01
00160.013,00160,01,13,Tổ dân phố 13,tổ dân phố,13,13,2026_07,partial,2026-07-01
00160.014,00160,01,14,Tổ dân phố 14,tổ dân phố,14,14,2026_07,partial,2026-07-01
00160.015,00160,01,15,Tổ dân phố 15,tổ dân phố,15,15,2026_07,partial,2026-07-01
00160.016,00160,01,16,Tổ dân phố 16,tổ dân phố,16,16,2026_07,partial,2026-07-01
00160.017,00160,01,17,Tổ dân phố 17,tổ dân phố,17,17,2026_07,partial,2026-07-01
00160.018,00160,01,18,Tổ dân phố 18,tổ dân phố,18,18,2026_07,partial,2026-07-01
00160.019,00160,01,19,Tổ dân phố 19,tổ dân phố,19,19,2026_07,partial,2026-07-01
00160.020,00160,01,20,Tổ dân phố 20,tổ dân phố,20,20,2026_07,partial,2026-07-01
00160.021,00160,01,21,Tổ dân phố 21,tổ dân phố,21,21,2026_07,partial,2026-07-01
00160.022,00160,01,22,Tổ dân phố 22,tổ dân phố,22,22,2026_07,partial,2026-07-01
00160.023,00160,01,23,Tổ dân phố 23,tổ dân phố,23,23,2026_07,partial,2026-07-01
00160.024,00160,01,24,Tổ dân phố 24,tổ dân phố,24,24,2026_07,partial,2026-07-01
00160.025,00160,01,25,Tổ dân phố 25,tổ dân phố,25,25,2026_07,partial,2026-07-01
00160.026,00160,01,26,Tổ dân phố 26,tổ dân phố,26,26,2026_07,partial,2026-07-01
00160.027,00160,01,27,Tổ dân phố 27,tổ dân phố,27,27,2026_07,partial,2026-07-01
00160.028,00160,01,28,Tổ dân phố 28,tổ dân phố,28,28,2026_07,partial,2026-07-01
00160.029,00160,01,29,Tổ dân phố 29,tổ dân phố,29,29,2026_07,partial,2026-07-01
00160.030,00160,01,30,Tổ dân phố 30,tổ dân phố,30,30,2026_07,partial,2026-07-01
00160.031,00160,01,31,Tổ dân phố 31,tổ dân phố,31,31,2026_07,partial,2026-07-01
00160.032,00160,01,32,Tổ dân phố 32,tổ dân phố,32,32,2026_07,partial,2026-07-01
00160.033,00160,01,33,Tổ dân phố 33,tổ dân phố,33,33,2026_07,partial,2026-07-01
00160.034,00160,01,34,Tổ dân phố 34,tổ dân phố,34,34,2026_07,partial,2026-07-01
00160.035,00160,01,35,Tổ dân phố 35,tổ dân phố,35,35,2026_07,partial,2026-07-01
00160.036,00160,01,36,Tổ dân phố 36,tổ dân phố,36,36,2026_07,partial,2026-07-01
00160.037,00160,01,37,Tổ dân phố 37,tổ dân phố,37,37,2026_07,partial,2026-07-01
00160.038,00160,01,38,Tổ dân phố 38,tổ dân phố,38,38,2026_07,partial,2026-07-01
00160.039,00160,01,39,Tổ dân phố 39,tổ dân phố,39,39,2026_07,partial,2026-07-01
00160.040,00160,01,40,Tổ dân phố 40,tổ dân phố,40,40,2026_07,partial,2026-07-01
00160.041,00160,01,41,Tổ dân phố 41,tổ dân phố,41,41,2026_07,partial,2026-07-01
00160.042,00160,01,42,Tổ dân phố 42,tổ dân phố,42,42,2026_07,partial,2026-07-01
00160.043,00160,01,43,Tổ dân phố 43,tổ dân phố,43,43,2026_07,partial,2026-07-01
00160.044,00160,01,44,Tổ dân phố 44,tổ dân phố,44,44,2026_07,partial,2026-07-01
00160.045,00160,01,45,Tổ dân phố 45,tổ dân phố,45,45,2026_07,partial,2026-07-01
00160.046,00160,01,46,Tổ dân phố 46,tổ dân phố,46,46,2026_07,partial,2026-07-01
00160.047,00160,01,47,Tổ dân phố 47,tổ dân phố,47,47,2026_07,partial,2026-07-01
00160.048,00160,01,48,Tổ dân phố 48,tổ dân phố,48,48,2026_07,partial,2026-07-01
00160.049,00160,01,49,Tổ dân phố 49,tổ dân phố,49,49,2026_07,partial,2026-07-01
00160.050,00160,01,50,Tổ dân phố 50,tổ dân phố,50,50,2026_07,partial,2026-07-01
00175.001,00175,01,1,Tổ dân phố 1,tổ dân phố,1,1,2026_07,unverified,2026-07-01
00175.002,00175,01,2,Tổ dân phố 2,tổ dân phố,2,2,2026_07,unverified,2026-07-01
00175.003,00175,01,3,Tổ dân phố 3,tổ dân phố,3,3,2026_07,unverified,2026-07-01
00175.004,00175,01,4,Tổ dân phố 4,tổ dân phố,4,4,2026_07,unverified,2026-07-01
00175.005,00175,01,5,Tổ dân phố 5,tổ dân phố,5,5,2026_07,unverified,2026-07-01
00175.006,00175,01,6,Tổ dân phố 6,tổ dân phố,6,6,2026_07,unverified,2026-07-01
00175.007,00175,01,7,Tổ dân phố 7,tổ dân phố,7,7,2026_07,unverified,2026-07-01
00175.008,00175,01,8,Tổ dân phố 8,tổ dân phố,8,8,2026_07,unverified,2026-07-01
00175.009,00175,01,9,Tổ dân phố 9,tổ dân phố,9,9,2026_07,unverified,2026-07-01
00175.010,00175,01,10,Tổ dân phố 10,tổ dân phố,10,10,2026_07,unverified,2026-07-01
00175.011,00175,01,11,Tổ dân phố 11,tổ dân phố,11,11,2026_07,unverified,2026-07-01
00175.012,00175,01,12,Tổ dân phố 12,tổ dân phố,12,12,2026_07,unverified,2026-07-01
00175.013,00175,01,13,Tổ dân phố 13,tổ dân phố,13,13,2026_07,unverified,2026-07-01
00175.014,00175,01,14,Tổ dân phố 14,tổ dân phố,14,14,2026_07,unverified,2026-07-01
00175.015,00175,01,15,Tổ dân phố 15,tổ dân phố,15,15,2026_07,unverified,2026-07-01
00175.016,00175,01,16,Tổ dân phố 16,tổ dân phố,16,16,2026_07,unverified,2026-07-01
00175.017,00175,01,17,Tổ dân phố 17,tổ dân phố,17,17,2026_07,unverified,2026-07-01
00175.018,00175,01,18,Tổ dân phố 18,tổ dân phố,18,18,2026_07,unverified,2026-07-01
00175.019,00175,01,19,Tổ dân phố 19,tổ dân phố,19,19,2026_07,unverified,2026-07-01
00175.020,00175,01,20,Tổ dân phố 20,tổ dân phố,20,20,2026_07,unverified,2026-07-01
00175.021,00175,01,21,Tổ dân phố 21,tổ dân phố,21,21,2026_07,unverified,2026-07-01
00175.022,00175,01,22,Tổ dân phố 22,tổ dân phố,22,22,2026_07,unverified,2026-07-01
00175.023,00175,01,23,Tổ dân phố 23,tổ dân phố,23,23,2026_07,unverified,2026-07-01
00175.024,00175,01,24,Tổ dân phố 24,tổ dân phố,24,24,2026_07,unverified,2026-07-01
00175.025,00175,01,25,Tổ dân phố 25,tổ dân phố,25,25,2026_07,unverified,2026-07-01
00175.026,00175,01,26,Tổ dân phố 26,tổ dân phố,26,26,2026_07,unverified,2026-07-01
00175.027,00175,01,27,Tổ dân phố 27,tổ dân phố,27,27,2026_07,unverified,2026-07-01
00175.028,00175,01,28,Tổ dân phố 28,tổ dân phố,28,28,2026_07,unverified,2026-07-01
00175.029,00175,01,29,Tổ dân phố 29,tổ dân phố,29,29,2026_07,unverified,2026-07-01
00175.030,00175,01,30,Tổ dân phố 30,tổ dân phố,30,30,2026_07,unverified,2026-07-01
00175.031,00175,01,31,Tổ dân phố 31,tổ dân phố,31,31,2026_07,unverified,2026-07-01
00175.032,00175,01,32,Tổ dân phố 32,tổ dân phố,32,32,2026_07,unverified,2026-07-01
00175.033,00175,01,33,Tổ dân phố 33,tổ dân phố,33,33,2026_07,unverified,2026-07-01
00175.034,00175,01,34,Tổ dân phố 34,tổ dân phố,34,34,2026_07,unverified,2026-07-01
00175.035,00175,01,35,Tổ dân phố 35,tổ dân phố,35,35,2026_07,unverified,2026-07-01
00175.036,00175,01,36,Tổ dân phố 36,tổ dân phố,36,36,2026_07,unverified,2026-07-01
00175.037,00175,01,37,Tổ dân phố 37,tổ dân phố,37,37,2026_07,unverified,2026-07-01
00175.038,00175,01,38,Tổ dân phố 38,tổ dân phố,38,38,2026_07,unverified,2026-07-01
00175.039,00175,01,39,Tổ dân phố 39,tổ dân phố,39,39,2026_07,unverified,2026-07-01
00175.040,00175,01,40,Tổ dân phố 40,tổ dân phố,40,40,2026_07,unverified,2026-07-01
00175.041,00175,01,41,Tổ dân phố 41,tổ dân phố,41,41,2026_07,unverified,2026-07-01
00190.001,00190,01,1,Tổ dân phố 1,tổ dân phố,1,1,2026_07,unverified,2026-07-01
00190.002,00190,01,2,Tổ dân phố 2,tổ dân phố,2,2,2026_07,unverified,2026-07-01
00190.003,00190,01,3,Tổ dân phố 3,tổ dân phố,3,3,2026_07,unverified,2026-07-01
00190.004,00190,01,4,Tổ dân phố 4,tổ dân phố,4,4,2026_07,unverified,2026-07-01
00190.005,00190,01,5,Tổ dân phố 5,tổ dân phố,5,5,2026_07,unverified,2026-07-01
00190.006,00190,01,6,Tổ dân phố 6,tổ dân phố,6,6,2026_07,unverified,2026-07-01
00190.007,00190,01,7,Tổ dân phố 7,tổ dân phố,7,7,2026_07,unverified,2026-07-01
00190.008,00190,01,8,Tổ dân phố 8,tổ dân phố,8,8,2026_07,unverified,2026-07-01
00190.009,00190,01,9,Tổ dân phố 9,tổ dân phố,9,9,2026_07,unverified,2026-07-01
00190.010,00190,01,10,Tổ dân phố 10,tổ dân phố,10,10,2026_07,unverified,2026-07-01
00190.011,00190,01,11,Tổ dân phố 11,tổ dân phố,11,11,2026_07,unverified,2026-07-01
00190.012,00190,01,12,Tổ dân phố 12,tổ dân phố,12,12,2026_07,unverified,2026-07-01
00190.013,00190,01,13,Tổ dân phố 13,tổ dân phố,13,13,2026_07,unverified,2026-07-01
00190.014,00190,01,14,Tổ dân phố 14,tổ dân phố,14,14,2026_07,unverified,2026-07-01
00190.015,00190,01,15,Tổ dân phố 15,tổ dân phố,15,15,2026_07,unverified,2026-07-01
00190.016,00190,01,16,Tổ dân phố 16,tổ dân phố,16,16,2026_07,unverified,2026-07-01
00190.017,00190,01,17,Tổ dân phố 17,tổ dân phố,17,17,2026_07,unverified,2026-07-01
00190.018,00190,01,18,Tổ dân phố 18,tổ dân phố,18,18,2026_07,unverified,2026-07-01
00190.019,00190,01,19,Tổ dân phố 19,tổ dân phố,19,19,2026_07,unverified,2026-07-01
00190.020,00190,01,20,Tổ dân phố 20,tổ dân phố,20,20,2026_07,unverified,2026-07-01
00190.021,00190,01,21,Tổ dân phố 21,tổ dân phố,21,21,2026_07,unverified,2026-07-01
00190.022,00190,01,22,Tổ dân phố 22,tổ dân phố,22,22,2026_07,unverified,2026-07-01
00190.023,00190,01,23,Tổ dân phố 23,tổ dân phố,23,23,2026_07,unverified,2026-07-01
00199.001,00199,01,1,Tổ dân phố 1,tổ dân phố,1,1,2026_07,unverified,2026-07-01
00199.002,00199,01,2,Tổ dân phố 2,tổ dân phố,2,2,2026_07,unverified,2026-07-01
00199.003,00199,01,3,Tổ dân phố 3,tổ dân phố,3,3,2026_07,unverified,2026-07-01
00199.004,00199,01,4,Tổ dân phố 4,tổ dân phố,4,4,2026_07,unverified,2026-07-01
00199.005,00199,01,5,Tổ dân phố 5,tổ dân phố,5,5,2026_07,unverified,2026-07-01
00199.006,00199,01,6,Tổ dân phố 6,tổ dân phố,6,6,2026_07,unverified,2026-07-01
00199.007,00199,01,7,Tổ dân phố 7,tổ dân phố,7,7,2026_07,unverified,2026-07-01
00199.008,00199,01,8,Tổ dân phố 8,tổ dân phố,8,8,2026_07,unverified,2026-07-01
00199.009,00199,01,9,Tổ dân phố 9,tổ dân phố,9,9,2026_07,unverified,2026-07-01
00199.010,00199,01,10,Tổ dân phố 10,tổ dân phố,10,10,2026_07,unverified,2026-07-01
00199.011,00199,01,11,Tổ dân phố 11,tổ dân phố,11,11,2026_07,unverified,2026-07-01
00199.012,00199,01,12,Tổ dân phố 12,tổ dân phố,12,12,2026_07,unverified,2026-07-01
00199.013,00199,01,13,Tổ dân phố 13,tổ dân phố,13,13,2026_07,unverified,2026-07-01
00199.014,00199,01,14,Tổ dân phố 14,tổ dân phố,14,14,2026_07,unverified,2026-07-01
00199.015,00199,01,15,Tổ dân phố 15,tổ dân phố,15,15,2026_07,unverified,2026-07-01
00199.016,00199,01,16,Tổ dân phố 16,tổ dân phố,16,16,2026_07,unverified,2026-07-01
00199.017,00199,01,17,Tổ dân phố 17,tổ dân phố,17,17,2026_07,unverified,2026-07-01
00199.018,00199,01,18,Tổ dân phố 18,tổ dân phố,18,18,2026_07,unverified,2026-07-01
00199.019,00199,01,19,Tổ dân phố 19,tổ dân phố,19,19,2026_07,unverified,2026-07-01
00199.020,00199,01,20,Tổ dân phố 20,tổ dân phố,20,20,2026_07,unverified,2026-07-01
00199.021,00199,01,21,Tổ dân phố 21,tổ dân phố,21,21,2026_07,unverified,2026-07-01
00199.022,00199,01,22,Tổ dân phố 22,tổ dân phố,22,22,2026_07,unverified,2026-07-01
00199.023,00199,01,23,Tổ dân phố 23,tổ dân phố,23,23,2026_07,unverified,2026-07-01
00199.024,00199,01,24,Tổ dân phố 24,tổ dân phố,24,24,2026_07,unverified,2026-07-01
00199.025,00199,01,25,Tổ dân phố 25,tổ dân phố,25,25,2026_07,unverified,2026-07-01
00226.001,00226,01,1,Tổ dân phố 1,tổ dân phố,1,1,2026_07,unverified,2026-07-01
00226.002,00226,01,2,Tổ dân phố 2,tổ dân phố,2,2,2026_07,unverified,2026-07-01
00226.003,00226,01,3,Tổ dân phố 3,tổ dân phố,3,3,2026_07,unverified,2026-07-01
00226.004,00226,01,4,Tổ dân phố 4,tổ dân phố,4,4,2026_07,unverified,2026-07-01
00226.005,00226,01,5,Tổ dân phố 5,tổ dân phố,5,5,2026_07,unverified,2026-07-01
00226.006,00226,01,6,Tổ dân phố 6,tổ dân phố,6,6,2026_07,unverified,2026-07-01
00226.007,00226,01,7,Tổ dân phố 7,tổ dân phố,7,7,2026_07,unverified,2026-07-01
00226.008,00226,01,8,Tổ dân phố 8,tổ dân phố,8,8,2026_07,unverified,2026-07-01
00226.009,00226,01,9,Tổ dân phố 9,tổ dân phố,9,9,2026_07,unverified,2026-07-01
00226.010,00226,01,10,Tổ dân phố 10,tổ dân phố,10,10,2026_07,unverified,2026-07-01
00226.011,00226,01,11,Tổ dân phố 11,tổ dân phố,11,11,2026_07,unverified,2026-07-01
00226.012,00226,01,12,Tổ dân phố 12,tổ dân phố,12,12,2026_07,unverified,2026-07-01
00226.013,00226,01,13,Tổ dân phố 13,tổ dân phố,13,13,2026_07,unverified,2026-07-01
00226.014,00226,01,14,Tổ dân phố 14,tổ dân phố,14,14,2026_07,unverified,2026-07-01
00226.015,00226,01,15,Tổ dân phố 15,tổ dân phố,15,15,2026_07,unverified,2026-07-01
00226.016,00226,01,16,Tổ dân phố 16,tổ dân phố,16,16,2026_07,unverified,2026-07-01
00226.017,00226,01,17,Tổ dân phố 17,tổ dân phố,17,17,2026_07,unverified,2026-07-01
00226.018,00226,01,18,Tổ dân phố 18,tổ dân phố,18,18,2026_07,unverified,2026-07-01
00226.019,00226,01,19,Tổ dân phố 19,tổ dân phố,19,19,2026_07,unverified,2026-07-01
00226.020,00226,01,20,Tổ dân phố 20,tổ dân phố,20,20,2026_07,unverified,2026-07-01
00226.021,00226,01,21,Tổ dân phố 21,tổ dân phố,21,21,2026_07,unverified,2026-07-01
00226.022,00226,01,22,Tổ dân phố 22,tổ dân phố,22,22,2026_07,unverified,2026-07-01
00226.023,00226,01,23,Tổ dân phố 23,tổ dân phố,23,23,2026_07,unverified,2026-07-01
00226.024,00226,01,24,Tổ dân phố 24,tổ dân phố,24,24,2026_07,unverified,2026-07-01
00226.025,00226,01,25,Tổ dân phố 25,tổ dân phố,25,25,2026_07,unverified,2026-07-01
00226.026,00226,01,26,Tổ dân phố 26,tổ dân phố,26,26,2026_07,unverified,2026-07-01
00226.027,00226,01,27,Tổ dân phố 27,tổ dân phố,27,27,2026_07,unverified,2026-07-01
00226.028,00226,01,28,Tổ dân phố 28,tổ dân phố,28,28,2026_07,unverified,2026-07-01
00226.029,00226,01,29,Tổ dân phố 29,tổ dân phố,29,29,2026_07,unverified,2026-07-01
00226.030,00226,01,30,Tổ dân phố 30,tổ dân phố,30,30,2026_07,unverified,2026-07-01
00226.031,00226,01,31,Tổ dân phố 31,tổ dân phố,31,31,2026_07,unverified,2026-07-01
00226.032,00226,01,32,Tổ dân phố 32,tổ dân phố,32,32,2026_07,unverified,2026-07-01
00226.033,00226,01,33,Tổ dân phố 33,tổ dân phố,33,33,2026_07,unverified,2026-07-01
00226.034,00226,01,34,Tổ dân phố 34,tổ dân phố,34,34,2026_07,unverified,2026-07-01
00226.035,00226,01,35,Tổ dân phố 35,tổ dân phố,35,35,2026_07,unverified,2026-07-01
00229.001,00229,01,1,Tổ dân phố 1,tổ dân phố,1,1,2026_07,unverified,2026-07-01
00229.002,00229,01,2,Tổ dân phố 2,tổ dân phố,2,2,2026_07,unverified,2026-07-01
00229.003,00229,01,3,Tổ dân phố 3,tổ dân phố,3,3,2026_07,unverified,2026-07-01
00229.004,00229,01,4,Tổ dân phố 4,tổ dân phố,4,4,2026_07,unverified,2026-07-01
00229.005,00229,01,5,Tổ dân phố 5,tổ dân phố,5,5,2026_07,unverified,2026-07-01
00229.006,00229,01,6,Tổ dân phố 6,tổ dân phố,6,6,2026_07,unverified,2026-07-01
00229.007,00229,01,7,Tổ dân phố 7,tổ dân phố,7,7,2026_07,unverified,2026-07-01
00229.008,00229,01,8,Tổ dân phố 8,tổ dân phố,8,8,2026_07,unverified,2026-07-01
00229.009,00229,01,9,Tổ dân phố 9,tổ dân phố,9,9,2026_07,unverified,2026-07-01
00229.010,00229,01,10,Tổ dân phố 10,tổ dân phố,10,10,2026_07,unverified,2026-07-01
00229.011,00229,01,11,Tổ dân phố 11,tổ dân phố,11,11,2026_07,unverified,2026-07-01
00229.012,00229,01,12,Tổ dân phố 12,tổ dân phố,12,12,2026_07,unverified,2026-07-01
00229.013,00229,01,13,Tổ dân phố 13,tổ dân phố,13,13,2026_07,unverified,2026-07-01
00229.014,00229,01,14,Tổ dân phố 14,tổ dân phố,14,14,2026_07,unverified,2026-07-01
00229.015,00229,01,15,Tổ dân phố 15,tổ dân phố,15,15,2026_07,unverified,2026-07-01
00229.016,00229,01,16,Tổ dân phố 16,tổ dân phố,16,16,2026_07,unverified,2026-07-01
00229.017,00229,01,17,Tổ dân phố 17,tổ dân phố,17,17,2026_07,unverified,2026-07-01
00229.018,00229,01,18,Tổ dân phố 18,tổ dân phố,18,18,2026_07,unverified,2026-07-01
00229.019,00229,01,19,Tổ dân phố 19,tổ dân phố,19,19,2026_07,unverified,2026-07-01
00229.020,00229,01,20,Tổ dân phố 20,tổ dân phố,20,20,2026_07,unverified,2026-07-01
00229.021,00229,01,21,Tổ dân phố 21,tổ dân phố,21,21,2026_07,unverified,2026-07-01
00229.022,00229,01,22,Tổ dân phố 22,tổ dân phố,22,22,2026_07,unverified,2026-07-01
00229.023,00229,01,23,Tổ dân phố 23,tổ dân phố,23,23,2026_07,unverified,2026-07-01
00229.024,00229,01,24,Tổ dân phố 24,tổ dân phố,24,24,2026_07,unverified,2026-07-01
00229.025,00229,01,25,Tổ dân phố 25,tổ dân phố,25,25,2026_07,unverified,2026-07-01
00229.026,00229,01,26,Tổ dân phố 26,tổ dân phố,26,26,2026_07,unverified,2026-07-01
00229.027,00229,01,27,Tổ dân phố 27,tổ dân phố,27,27,2026_07,unverified,2026-07-01
00229.028,00229,01,28,Tổ dân phố 28,tổ dân phố,28,28,2026_07,unverified,2026-07-01
00229.029,00229,01,29,Tổ dân phố 29,tổ dân phố,29,29,2026_07,unverified,2026-07-01
00235.001,00235,01,1,Tổ dân phố 1,tổ dân phố,1,1,2026_07,unverified,2026-07-01
00235.002,00235,01,2,Tổ dân phố 2,tổ dân phố,2,2,2026_07,unverified,2026-07-01
00235.003,00235,01,3,Tổ dân phố 3,tổ dân phố,3,3,2026_07,unverified,2026-07-01
00235.004,00235,01,4,Tổ dân phố 4,tổ dân phố,4,4,2026_07,unverified,2026-07-01
00235.005,00235,01,5,Tổ dân phố 5,tổ dân phố,5,5,2026_07,unverified,2026-07-01
00235.006,00235,01,6,Tổ dân phố 6,tổ dân phố,6,6,2026_07,unverified,2026-07-01
00235.007,00235,01,7,Tổ dân phố 7,tổ dân phố,7,7,2026_07,unverified,2026-07-01
00235.008,00235,01,8,Tổ dân phố 8,tổ dân phố,8,8,2026_07,unverified,2026-07-01
00235.009,00235,01,9,Tổ dân phố 9,tổ dân phố,9,9,2026_07,unverified,2026-07-01
00235.010,00235,01,10,Tổ dân phố 10,tổ dân phố,10,10,2026_07,unverified,2026-07-01
00235.011,00235,01,11,Tổ dân phố 11,tổ dân phố,11,11,2026_07,unverified,2026-07-01
00235.012,00235,01,12,Tổ dân phố 12,tổ dân phố,12,12,2026_07,unverified,2026-07-01
00235.013,00235,01,13,Tổ dân phố 13,tổ dân phố,13,13,2026_07,unverified,2026-07-01
00235.014,00235,01,14,Tổ dân phố 14,tổ dân phố,14,14,2026_07,unverified,2026-07-01
00235.015,00235,01,15,Tổ dân phố 15,tổ dân phố,15,15,2026_07,unverified,2026-07-01
00235.016,00235,01,16,Tổ dân phố 16,tổ dân phố,16,16,2026_07,unverified,2026-07-01
00235.017,00235,01,17,Tổ dân phố 17,tổ dân phố,17,17,2026_07,unverified,2026-07-01
00235.018,00235,01,18,Tổ dân phố 18,tổ dân phố,18,18,2026_07,unverified,2026-07-01
00235.019,00235,01,19,Tổ dân phố 19,tổ dân phố,19,19,2026_07,unverified,2026-07-01
00235.020,00235,01,20,Tổ dân phố 20,tổ dân phố,20,20,2026_07,unverified,2026-07-01
00235.021,00235,01,21,Tổ dân phố 21,tổ dân phố,21,21,2026_07,unverified,2026-07-01
00235.022,00235,01,22,Tổ dân phố 22,tổ dân phố,22,22,2026_07,unverified,2026-07-01
00235.023,00235,01,23,Tổ dân phố 23,tổ dân phố,23,23,2026_07,unverified,2026-07-01
00256.001,00256,01,Bạch Đằng 1,Tổ dân phố Bạch Đằng 1,tổ dân phố,bach_dang_1,1,2026_07,unverified,2026-07-01
00256.002,00256,01,Bạch Đằng 2,Tổ dân phố Bạch Đằng 2,tổ dân phố,bach_dang_2,2,2026_07,unverified,2026-07-01
00256.003,00256,01,Bạch Đằng 3,Tổ dân phố Bạch Đằng 3,tổ dân phố,bach_dang_3,3,2026_07,unverified,2026-07-01
00256.004,00256,01,Đồng Nhân 1,Tổ dân phố Đồng Nhân 1,tổ dân phố,dong_nhan_1,4,2026_07,unverified,2026-07-01
00256.005,00256,01,Đồng Nhân 2,Tổ dân phố Đồng Nhân 2,tổ dân phố,dong_nhan_2,5,2026_07,unverified,2026-07-01
00256.006,00256,01,Đồng Nhân 3,Tổ dân phố Đồng Nhân 3,tổ dân phố,dong_nhan_3,6,2026_07,unverified,2026-07-01
00256.007,00256,01,Đồng Nhân 4,Tổ dân phố Đồng Nhân 4,tổ dân phố,dong_nhan_4,7,2026_07,unverified,2026-07-01
00256.008,00256,01,Đồng Nhân 5,Tổ dân phố Đồng Nhân 5,tổ dân phố,dong_nhan_5,8,2026_07,unverified,2026-07-01
00256.009,00256,01,Đồng Nhân 6,Tổ dân phố Đồng Nhân 6,tổ dân phố,dong_nhan_6,9,2026_07,unverified,2026-07-01
00256.010,00256,01,Lê Đại Hành 1,Tổ dân phố Lê Đại Hành 1,tổ dân phố,le_dai_hanh_1,10,2026_07,unverified,2026-07-01
00256.011,00256,01,Lê Đại Hành 2,Tổ dân phố Lê Đại Hành 2,tổ dân phố,le_dai_hanh_2,11,2026_07,unverified,2026-07-01
00256.012,00256,01,Lê Đại Hành 3,Tổ dân phố Lê Đại Hành 3,tổ dân phố,le_dai_hanh_3,12,2026_07,unverified,2026-07-01
00256.013,00256,01,Lê Đại Hành 4,Tổ dân phố Lê Đại Hành 4,tổ dân phố,le_dai_hanh_4,13,2026_07,unverified,2026-07-01
00256.014,00256,01,Nguyễn Du 1,Tổ dân phố Nguyễn Du 1,tổ dân phố,nguyen_du_1,14,2026_07,unverified,2026-07-01
00256.015,00256,01,Nguyễn Du 2,Tổ dân phố Nguyễn Du 2,tổ dân phố,nguyen_du_2,15,2026_07,unverified,2026-07-01
00256.016,00256,01,Nguyễn Du 3,Tổ dân phố Nguyễn Du 3,tổ dân phố,nguyen_du_3,16,2026_07,unverified,2026-07-01
00256.017,00256,01,Nguyễn Du 4,Tổ dân phố Nguyễn Du 4,tổ dân phố,nguyen_du_4,17,2026_07,unverified,2026-07-01
00256.018,00256,01,Phạm Đình Hổ 1,Tổ dân phố Phạm Đình Hổ 1,tổ dân phố,pham_dinh_ho_1,18,2026_07,unverified,2026-07-01
00256.019,00256,01,Phạm Đình Hổ 2,Tổ dân phố Phạm Đình Hổ 2,tổ dân phố,pham_dinh_ho_2,19,2026_07,unverified,2026-07-01
00256.020,00256,01,Phạm Đình Hổ 3,Tổ dân phố Phạm Đình Hổ 3,tổ dân phố,pham_dinh_ho_3,20,2026_07,unverified,2026-07-01
00256.021,00256,01,Phạm Đình Hổ 4,Tổ dân phố Phạm Đình Hổ 4,tổ dân phố,pham_dinh_ho_4,21,2026_07,unverified,2026-07-01
00256.022,00256,01,Phố Huế 1,Tổ dân phố Phố Huế 1,tổ dân phố,pho_hue_1,22,2026_07,unverified,2026-07-01
00256.023,00256,01,Phố Huế 2,Tổ dân phố Phố Huế 2,tổ dân phố,pho_hue_2,23,2026_07,unverified,2026-07-01
00256.024,00256,01,Phố Huế 3,Tổ dân phố Phố Huế 3,tổ dân phố,pho_hue_3,24,2026_07,unverified,2026-07-01
00256.025,00256,01,Phố Huế 4,Tổ dân phố Phố Huế 4,tổ dân phố,pho_hue_4,25,2026_07,unverified,2026-07-01
00283.001,00283,01,1,Tổ dân phố 1,tổ dân phố,1,1,2026_07,unverified,2026-07-01
00283.002,00283,01,2,Tổ dân phố 2,tổ dân phố,2,2,2026_07,unverified,2026-07-01
00283.003,00283,01,3,Tổ dân phố 3,tổ dân phố,3,3,2026_07,unverified,2026-07-01
00283.004,00283,01,4,Tổ dân phố 4,tổ dân phố,4,4,2026_07,unverified,2026-07-01
00283.005,00283,01,5,Tổ dân phố 5,tổ dân phố,5,5,2026_07,unverified,2026-07-01
00283.006,00283,01,6,Tổ dân phố 6,tổ dân phố,6,6,2026_07,unverified,2026-07-01
00283.007,00283,01,7,Tổ dân phố 7,tổ dân phố,7,7,2026_07,unverified,2026-07-01
00283.008,00283,01,8,Tổ dân phố 8,tổ dân phố,8,8,2026_07,unverified,2026-07-01
00283.009,00283,01,9,Tổ dân phố 9,tổ dân phố,9,9,2026_07,unverified,2026-07-01
00283.010,00283,01,10,Tổ dân phố 10,tổ dân phố,10,10,2026_07,unverified,2026-07-01
00283.011,00283,01,11,Tổ dân phố 11,tổ dân phố,11,11,2026_07,unverified,2026-07-01
00283.012,00283,01,12,Tổ dân phố 12,tổ dân phố,12,12,2026_07,unverified,2026-07-01
00283.013,00283,01,13,Tổ dân phố 13,tổ dân phố,13,13,2026_07,unverified,2026-07-01
00283.014,00283,01,14,Tổ dân phố 14,tổ dân phố,14,14,2026_07,unverified,2026-07-01
00283.015,00283,01,15,Tổ dân phố 15,tổ dân phố,15,15,2026_07,unverified,2026-07-01
00283.016,00283,01,16,Tổ dân phố 16,tổ dân phố,16,16,2026_07,unverified,2026-07-01
00283.017,00283,01,17,Tổ dân phố 17,tổ dân phố,17,17,2026_07,unverified,2026-07-01
00283.018,00283,01,18,Tổ dân phố 18,tổ dân phố,18,18,2026_07,unverified,2026-07-01
00283.019,00283,01,19,Tổ dân phố 19,tổ dân phố,19,19,2026_07,unverified,2026-07-01
00283.020,00283,01,20,Tổ dân phố 20,tổ dân phố,20,20,2026_07,unverified,2026-07-01
00283.021,00283,01,21,Tổ dân phố 21,tổ dân phố,21,21,2026_07,unverified,2026-07-01
00283.022,00283,01,22,Tổ dân phố 22,tổ dân phố,22,22,2026_07,unverified,2026-07-01
00283.023,00283,01,23,Tổ dân phố 23,tổ dân phố,23,23,2026_07,unverified,2026-07-01
00283.024,00283,01,24,Tổ dân phố 24,tổ dân phố,24,24,2026_07,unverified,2026-07-01
00283.025,00283,01,25,Tổ dân phố 25,tổ dân phố,25,25,2026_07,unverified,2026-07-01
00283.026,00283,01,26,Tổ dân phố 26,tổ dân phố,26,26,2026_07,unverified,2026-07-01
00283.027,00283,01,27,Tổ dân phố 27,tổ dân phố,27,27,2026_07,unverified,2026-07-01
00283.028,00283,01,28,Tổ dân phố 28,tổ dân phố,28,28,2026_07,unverified,2026-07-01
00283.029,00283,01,29,Tổ dân phố 29,tổ dân phố,29,29,2026_07,unverified,2026-07-01
00283.030,00283,01,30,Tổ dân phố 30,tổ dân phố,30,30,2026_07,unverified,2026-07-01
00283.031,00283,01,31,Tổ dân phố 31,tổ dân phố,31,31,2026_07,unverified,2026-07-01
00283.032,00283,01,32,Tổ dân phố 32,tổ dân phố,32,32,2026_07,unverified,2026-07-01
00283.033,00283,01,33,Tổ dân phố 33,tổ dân phố,33,33,2026_07,unverified,2026-07-01
00283.034,00283,01,34,Tổ dân phố 34,tổ dân phố,34,34,2026_07,unverified,2026-07-01
00283.035,00283,01,35,Tổ dân phố 35,tổ dân phố,35,35,2026_07,unverified,2026-07-01
00283.036,00283,01,36,Tổ dân phố 36,tổ dân phố,36,36,2026_07,unverified,2026-07-01
00283.037,00283,01,37,Tổ dân phố 37,tổ dân phố,37,37,2026_07,unverified,2026-07-01
00283.038,00283,01,38,Tổ dân phố 38,tổ dân phố,38,38,2026_07,unverified,2026-07-01
00292.001,00292,01,1,Tổ dân phố 1,tổ dân phố,1,1,2026_07,unverified,2026-07-01
00292.002,00292,01,2,Tổ dân phố 2,tổ dân phố,2,2,2026_07,unverified,2026-07-01
00292.003,00292,01,3,Tổ dân phố 3,tổ dân phố,3,3,2026_07,unverified,2026-07-01
00292.004,00292,01,4,Tổ dân phố 4,tổ dân phố,4,4,2026_07,unverified,2026-07-01
00292.005,00292,01,5,Tổ dân phố 5,tổ dân phố,5,5,2026_07,unverified,2026-07-01
00292.006,00292,01,6,Tổ dân phố 6,tổ dân phố,6,6,2026_07,unverified,2026-07-01
00292.007,00292,01,7,Tổ dân phố 7,tổ dân phố,7,7,2026_07,unverified,2026-07-01
00292.008,00292,01,8,Tổ dân phố 8,tổ dân phố,8,8,2026_07,unverified,2026-07-01
00292.009,00292,01,9,Tổ dân phố 9,tổ dân phố,9,9,2026_07,unverified,2026-07-01
00292.010,00292,01,10,Tổ dân phố 10,tổ dân phố,10,10,2026_07,unverified,2026-07-01
00292.011,00292,01,11,Tổ dân phố 11,tổ dân phố,11,11,2026_07,unverified,2026-07-01
00292.012,00292,01,12,Tổ dân phố 12,tổ dân phố,12,12,2026_07,unverified,2026-07-01
00292.013,00292,01,13,Tổ dân phố 13,tổ dân phố,13,13,2026_07,unverified,2026-07-01
00292.014,00292,01,14,Tổ dân phố 14,tổ dân phố,14,14,2026_07,unverified,2026-07-01
00292.015,00292,01,15,Tổ dân phố 15,tổ dân phố,15,15,2026_07,unverified,2026-07-01
00292.016,00292,01,16,Tổ dân phố 16,tổ dân phố,16,16,2026_07,unverified,2026-07-01
00292.017,00292,01,17,Tổ dân phố 17,tổ dân phố,17,17,2026_07,unverified,2026-07-01
00292.018,00292,01,18,Tổ dân phố 18,tổ dân phố,18,18,2026_07,unverified,2026-07-01
00292.019,00292,01,19,Tổ dân phố 19,tổ dân phố,19,19,2026_07,unverified,2026-07-01
00292.020,00292,01,20,Tổ dân phố 20,tổ dân phố,20,20,2026_07,unverified,2026-07-01
00292.021,00292,01,21,Tổ dân phố 21,tổ dân phố,21,21,2026_07,unverified,2026-07-01
00292.022,00292,01,22,Tổ dân phố 22,tổ dân phố,22,22,2026_07,unverified,2026-07-01
00292.023,00292,01,23,Tổ dân phố 23,tổ dân phố,23,23,2026_07,unverified,2026-07-01
00292.024,00292,01,24,Tổ dân phố 24,tổ dân phố,24,24,2026_07,unverified,2026-07-01
00292.025,00292,01,25,Tổ dân phố 25,tổ dân phố,25,25,2026_07,unverified,2026-07-01
00292.026,00292,01,26,Tổ dân phố 26,tổ dân phố,26,26,2026_07,unverified,2026-07-01
00292.027,00292,01,27,Tổ dân phố 27,tổ dân phố,27,27,2026_07,unverified,2026-07-01
00292.028,00292,01,28,Tổ dân phố 28,tổ dân phố,28,28,2026_07,unverified,2026-07-01
00292.029,00292,01,29,Tổ dân phố 29,tổ dân phố,29,29,2026_07,unverified,2026-07-01
00292.030,00292,01,30,Tổ dân phố 30,tổ dân phố,30,30,2026_07,unverified,2026-07-01
00292.031,00292,01,31,Tổ dân phố 31,tổ dân phố,31,31,2026_07,unverified,2026-07-01
00292.032,00292,01,32,Tổ dân phố 32,tổ dân phố,32,32,2026_07,unverified,2026-07-01
00292.033,00292,01,33,Tổ dân phố 33,tổ dân phố,33,33,2026_07,unverified,2026-07-01
00292.034,00292,01,34,Tổ dân phố 34,tổ dân phố,34,34,2026_07,unverified,2026-07-01
00292.035,00292,01,35,Tổ dân phố 35,tổ dân phố,35,35,2026_07,unverified,2026-07-01
00292.036,00292,01,36,Tổ dân phố 36,tổ dân phố,36,36,2026_07,unverified,2026-07-01
00292.037,00292,01,37,Tổ dân phố 37,tổ dân phố,37,37,2026_07,unverified,2026-07-01
00292.038,00292,01,38,Tổ dân phố 38,tổ dân phố,38,38,2026_07,unverified,2026-07-01
00292.039,00292,01,39,Tổ dân phố 39,tổ dân phố,39,39,2026_07,unverified,2026-07-01
00292.040,00292,01,40,Tổ dân phố 40,tổ dân phố,40,40,2026_07,unverified,2026-07-01
00292.041,00292,01,41,Tổ dân phố 41,tổ dân phố,41,41,2026_07,unverified,2026-07-01
00292.042,00292,01,42,Tổ dân phố 42,tổ dân phố,42,42,2026_07,unverified,2026-07-01
00292.043,00292,01,43,Tổ dân phố 43,tổ dân phố,43,43,2026_07,unverified,2026-07-01
00292.044,00292,01,44,Tổ dân phố 44,tổ dân phố,44,44,2026_07,unverified,2026-07-01
00292.045,00292,01,45,Tổ dân phố 45,tổ dân phố,45,45,2026_07,unverified,2026-07-01
00292.046,00292,01,46,Tổ dân phố 46,tổ dân phố,46,46,2026_07,unverified,2026-07-01
00292.047,00292,01,47,Tổ dân phố 47,tổ dân phố,47,47,2026_07,unverified,2026-07-01
00292.048,00292,01,48,Tổ dân phố 48,tổ dân phố,48,48,2026_07,unverified,2026-07-01
00292.049,00292,01,49,Tổ dân phố 49,tổ dân phố,49,49,2026_07,unverified,2026-07-01
00292.050,00292,01,50,Tổ dân phố 50,tổ dân phố,50,50,2026_07,unverified,2026-07-01
00292.051,00292,01,51,Tổ dân phố 51,tổ dân phố,51,51,2026_07,unverified,2026-07-01
00301.001,00301,01,1,Tổ dân phố 1,tổ dân phố,1,1,2026_07,unverified,2026-07-01
00301.002,00301,01,2,Tổ dân phố 2,tổ dân phố,2,2,2026_07,unverified,2026-07-01
00301.003,00301,01,3,Tổ dân phố 3,tổ dân phố,3,3,2026_07,unverified,2026-07-01
00301.004,00301,01,4,Tổ dân phố 4,tổ dân phố,4,4,2026_07,unverified,2026-07-01
00301.005,00301,01,5,Tổ dân phố 5,tổ dân phố,5,5,2026_07,unverified,2026-07-01
00301.006,00301,01,6,Tổ dân phố 6,tổ dân phố,6,6,2026_07,unverified,2026-07-01
00301.007,00301,01,7,Tổ dân phố 7,tổ dân phố,7,7,2026_07,unverified,2026-07-01
00301.008,00301,01,8,Tổ dân phố 8,tổ dân phố,8,8,2026_07,unverified,2026-07-01
00301.009,00301,01,9,Tổ dân phố 9,tổ dân phố,9,9,2026_07,unverified,2026-07-01
00301.010,00301,01,10,Tổ dân phố 10,tổ dân phố,10,10,2026_07,unverified,2026-07-01
00301.011,00301,01,11,Tổ dân phố 11,tổ dân phố,11,11,2026_07,unverified,2026-07-01
00301.012,00301,01,12a,Tổ dân phố 12a,tổ dân phố,12a,12,2026_07,unverified,2026-07-01
00301.013,00301,01,12b,Tổ dân phố 12b,tổ dân phố,12b,13,2026_07,unverified,2026-07-01
00301.014,00301,01,14,Tổ dân phố 14,tổ dân phố,14,14,2026_07,unverified,2026-07-01
00301.015,00301,01,15,Tổ dân phố 15,tổ dân phố,15,15,2026_07,unverified,2026-07-01
00301.016,00301,01,16,Tổ dân phố 16,tổ dân phố,16,16,2026_07,unverified,2026-07-01
00301.017,00301,01,17,Tổ dân phố 17,tổ dân phố,17,17,2026_07,unverified,2026-07-01
00301.018,00301,01,18,Tổ dân phố 18,tổ dân phố,18,18,2026_07,unverified,2026-07-01
00301.019,00301,01,19,Tổ dân phố 19,tổ dân phố,19,19,2026_07,unverified,2026-07-01
00301.020,00301,01,20,Tổ dân phố 20,tổ dân phố,20,20,2026_07,unverified,2026-07-01
00301.021,00301,01,21,Tổ dân phố 21,tổ dân phố,21,21,2026_07,unverified,2026-07-01
00301.022,00301,01,22,Tổ dân phố 22,tổ dân phố,22,22,2026_07,unverified,2026-07-01
00301.023,00301,01,23,Tổ dân phố 23,tổ dân phố,23,23,2026_07,unverified,2026-07-01
00301.024,00301,01,24,Tổ dân phố 24,tổ dân phố,24,24,2026_07,unverified,2026-07-01
00301.025,00301,01,25,Tổ dân phố 25,tổ dân phố,25,25,2026_07,unverified,2026-07-01
00316.001,00316,01,1,Tổ dân phố 1,tổ dân phố,1,1,2026_07,unverified,2026-07-01
00316.002,00316,01,2,Tổ dân phố 2,tổ dân phố,2,2,2026_07,unverified,2026-07-01
00316.003,00316,01,3,Tổ dân phố 3,tổ dân phố,3,3,2026_07,unverified,2026-07-01
00316.004,00316,01,4,Tổ dân phố 4,tổ dân phố,4,4,2026_07,unverified,2026-07-01
00316.005,00316,01,5,Tổ dân phố 5,tổ dân phố,5,5,2026_07,unverified,2026-07-01
00316.006,00316,01,6,Tổ dân phố 6,tổ dân phố,6,6,2026_07,unverified,2026-07-01
00316.007,00316,01,7,Tổ dân phố 7,tổ dân phố,7,7,2026_07,unverified,2026-07-01
00316.008,00316,01,8,Tổ dân phố 8,tổ dân phố,8,8,2026_07,unverified,2026-07-01
00316.009,00316,01,9,Tổ dân phố 9,tổ dân phố,9,9,2026_07,unverified,2026-07-01
00316.010,00316,01,10,Tổ dân phố 10,tổ dân phố,10,10,2026_07,unverified,2026-07-01
00316.011,00316,01,11,Tổ dân phố 11,tổ dân phố,11,11,2026_07,unverified,2026-07-01
00316.012,00316,01,12,Tổ dân phố 12,tổ dân phố,12,12,2026_07,unverified,2026-07-01
00316.013,00316,01,13,Tổ dân phố 13,tổ dân phố,13,13,2026_07,unverified,2026-07-01
00316.014,00316,01,14,Tổ dân phố 14,tổ dân phố,14,14,2026_07,unverified,2026-07-01
00316.015,00316,01,15,Tổ dân phố 15,tổ dân phố,15,15,2026_07,unverified,2026-07-01
00316.016,00316,01,16,Tổ dân phố 16,tổ dân phố,16,16,2026_07,unverified,2026-07-01
00316.017,00316,01,17,Tổ dân phố 17,tổ dân phố,17,17,2026_07,unverified,2026-07-01
00316.018,00316,01,18,Tổ dân phố 18,tổ dân phố,18,18,2026_07,unverified,2026-07-01
00316.019,00316,01,19,Tổ dân phố 19,tổ dân phố,19,19,2026_07,unverified,2026-07-01
00316.020,00316,01,20,Tổ dân phố 20,tổ dân phố,20,20,2026_07,unverified,2026-07-01
00316.021,00316,01,21,Tổ dân phố 21,tổ dân phố,21,21,2026_07,unverified,2026-07-01
00316.022,00316,01,22,Tổ dân phố 22,tổ dân phố,22,22,2026_07,unverified,2026-07-01
00316.023,00316,01,23,Tổ dân phố 23,tổ dân phố,23,23,2026_07,unverified,2026-07-01
00316.024,00316,01,24,Tổ dân phố 24,tổ dân phố,24,24,2026_07,unverified,2026-07-01
00316.025,00316,01,25,Tổ dân phố 25,tổ dân phố,25,25,2026_07,unverified,2026-07-01
00316.026,00316,01,26,Tổ dân phố 26,tổ dân phố,26,26,2026_07,unverified,2026-07-01
00316.027,00316,01,27,Tổ dân phố 27,tổ dân phố,27,27,2026_07,unverified,2026-07-01
00316.028,00316,01,28,Tổ dân phố 28,tổ dân phố,28,28,2026_07,unverified,2026-07-01
00316.029,00316,01,29,Tổ dân phố 29,tổ dân phố,29,29,2026_07,unverified,2026-07-01
00316.030,00316,01,30,Tổ dân phố 30,tổ dân phố,30,30,2026_07,unverified,2026-07-01
00316.031,00316,01,31,Tổ dân phố 31,tổ dân phố,31,31,2026_07,unverified,2026-07-01
00316.032,00316,01,32,Tổ dân phố 32,tổ dân phố,32,32,2026_07,unverified,2026-07-01
00316.033,00316,01,33,Tổ dân phố 33,tổ dân phố,33,33,2026_07,unverified,2026-07-01
00316.034,00316,01,34,Tổ dân phố 34,tổ dân phố,34,34,2026_07,unverified,2026-07-01
00316.035,00316,01,35,Tổ dân phố 35,tổ dân phố,35,35,2026_07,unverified,2026-07-01
00322.001,00322,01,1,Tổ dân phố 1,tổ dân phố,1,1,2026_07,unverified,2026-07-01
00322.002,00322,01,2,Tổ dân phố 2,tổ dân phố,2,2,2026_07,unverified,2026-07-01
00322.003,00322,01,3,Tổ dân phố 3,tổ dân phố,3,3,2026_07,unverified,2026-07-01
00322.004,00322,01,4,Tổ dân phố 4,tổ dân phố,4,4,2026_07,unverified,2026-07-01
00322.005,00322,01,5,Tổ dân phố 5,tổ dân phố,5,5,2026_07,unverified,2026-07-01
00322.006,00322,01,6,Tổ dân phố 6,tổ dân phố,6,6,2026_07,unverified,2026-07-01
00322.007,00322,01,7,Tổ dân phố 7,tổ dân phố,7,7,2026_07,unverified,2026-07-01
00322.008,00322,01,8,Tổ dân phố 8,tổ dân phố,8,8,2026_07,unverified,2026-07-01
00322.009,00322,01,9,Tổ dân phố 9,tổ dân phố,9,9,2026_07,unverified,2026-07-01
00322.010,00322,01,10,Tổ dân phố 10,tổ dân phố,10,10,2026_07,unverified,2026-07-01
00322.011,00322,01,11,Tổ dân phố 11,tổ dân phố,11,11,2026_07,unverified,2026-07-01
00322.012,00322,01,12,Tổ dân phố 12,tổ dân phố,12,12,2026_07,unverified,2026-07-01
00322.013,00322,01,13,Tổ dân phố 13,tổ dân phố,13,13,2026_07,unverified,2026-07-01
00322.014,00322,01,14,Tổ dân phố 14,tổ dân phố,14,14,2026_07,unverified,2026-07-01
00322.015,00322,01,15,Tổ dân phố 15,tổ dân phố,15,15,2026_07,unverified,2026-07-01
00322.016,00322,01,16,Tổ dân phố 16,tổ dân phố,16,16,2026_07,unverified,2026-07-01
00322.017,00322,01,17,Tổ dân phố 17,tổ dân phố,17,17,2026_07,unverified,2026-07-01
00322.018,00322,01,18,Tổ dân phố 18,tổ dân phố,18,18,2026_07,unverified,2026-07-01
00322.019,00322,01,19,Tổ dân phố 19,tổ dân phố,19,19,2026_07,unverified,2026-07-01
00322.020,00322,01,20,Tổ dân phố 20,tổ dân phố,20,20,2026_07,unverified,2026-07-01
00322.021,00322,01,21,Tổ dân phố 21,tổ dân phố,21,21,2026_07,unverified,2026-07-01
00322.022,00322,01,22,Tổ dân phố 22,tổ dân phố,22,22,2026_07,unverified,2026-07-01
00322.023,00322,01,23,Tổ dân phố 23,tổ dân phố,23,23,2026_07,unverified,2026-07-01
00322.024,00322,01,24,Tổ dân phố 24,tổ dân phố,24,24,2026_07,unverified,2026-07-01
00322.025,00322,01,25,Tổ dân phố 25,tổ dân phố,25,25,2026_07,unverified,2026-07-01
00322.026,00322,01,26,Tổ dân phố 26,tổ dân phố,26,26,2026_07,unverified,2026-07-01
00322.027,00322,01,27,Tổ dân phố 27,tổ dân phố,27,27,2026_07,unverified,2026-07-01
00322.028,00322,01,28,Tổ dân phố 28,tổ dân phố,28,28,2026_07,unverified,2026-07-01
00322.029,00322,01,29,Tổ dân phố 29,tổ dân phố,29,29,2026_07,unverified,2026-07-01
00322.030,00322,01,30,Tổ dân phố 30,tổ dân phố,30,30,2026_07,unverified,2026-07-01
00322.031,00322,01,31,Tổ dân phố 31,tổ dân phố,31,31,2026_07,unverified,2026-07-01
00322.032,00322,01,32,Tổ dân phố 32,tổ dân phố,32,32,2026_07,unverified,2026-07-01
00322.033,00322,01,33,Tổ dân phố 33,tổ dân phố,33,33,2026_07,unverified,2026-07-01
00322.034,00322,01,34,Tổ dân phố 34,tổ dân phố,34,34,2026_07,unverified,2026-07-01
00322.035,00322,01,35,Tổ dân phố 35,tổ dân phố,35,35,2026_07,unverified,2026-07-01
00322.036,00322,01,36,Tổ dân phố 36,tổ dân phố,36,36,2026_07,unverified,2026-07-01
00322.037,00322,01,37,Tổ dân phố 37,tổ dân phố,37,37,2026_07,unverified,2026-07-01
00322.038,00322,01,38,Tổ dân phố 38,tổ dân phố,38,38,2026_07,unverified,2026-07-01
00322.039,00322,01,39,Tổ dân phố 39,tổ dân phố,39,39,2026_07,unverified,2026-07-01
00322.040,00322,01,40,Tổ dân phố 40,tổ dân phố,40,40,2026_07,unverified,2026-07-01
00322.041,00322,01,41,Tổ dân phố 41,tổ dân phố,41,41,2026_07,unverified,2026-07-01
00322.042,00322,01,42,Tổ dân phố 42,tổ dân phố,42,42,2026_07,unverified,2026-07-01
00322.043,00322,01,43,Tổ dân phố 43,tổ dân phố,43,43,2026_07,unverified,2026-07-01
00322.044,00322,01,44,Tổ dân phố 44,tổ dân phố,44,44,2026_07,unverified,2026-07-01
00322.045,00322,01,45,Tổ dân phố 45,tổ dân phố,45,45,2026_07,unverified,2026-07-01
00322.046,00322,01,46,Tổ dân phố 46,tổ dân phố,46,46,2026_07,unverified,2026-07-01
00322.047,00322,01,47,Tổ dân phố 47,tổ dân phố,47,47,2026_07,unverified,2026-07-01
00322.048,00322,01,48,Tổ dân phố 48,tổ dân phố,48,48,2026_07,unverified,2026-07-01
00322.049,00322,01,50,Tổ dân phố 50,tổ dân phố,50,49,2026_07,unverified,2026-07-01
00322.050,00322,01,51,Tổ dân phố 51,tổ dân phố,51,50,2026_07,unverified,2026-07-01
00322.051,00322,01,52,Tổ dân phố 52,tổ dân phố,52,51,2026_07,unverified,2026-07-01
00328.001,00328,01,1,Tổ dân phố 1,tổ dân phố,1,1,2026_07,unverified,2026-07-01
00328.002,00328,01,2,Tổ dân phố 2,tổ dân phố,2,2,2026_07,unverified,2026-07-01
00328.003,00328,01,3,Tổ dân phố 3,tổ dân phố,3,3,2026_07,unverified,2026-07-01
00328.004,00328,01,5,Tổ dân phố 5,tổ dân phố,5,4,2026_07,unverified,2026-07-01
00328.005,00328,01,6,Tổ dân phố 6,tổ dân phố,6,5,2026_07,unverified,2026-07-01
00328.006,00328,01,11,Tổ dân phố 11,tổ dân phố,11,6,2026_07,unverified,2026-07-01
00328.007,00328,01,20,Tổ dân phố 20,tổ dân phố,20,7,2026_07,unverified,2026-07-01
00328.008,00328,01,21,Tổ dân phố 21,tổ dân phố,21,8,2026_07,unverified,2026-07-01
00328.009,00328,01,22,Tổ dân phố 22,tổ dân phố,22,9,2026_07,unverified,2026-07-01
00328.010,00328,01,23,Tổ dân phố 23,tổ dân phố,23,10,2026_07,unverified,2026-07-01
00328.011,00328,01,24,Tổ dân phố 24,tổ dân phố,24,11,2026_07,unverified,2026-07-01
00328.012,00328,01,25,Tổ dân phố 25,tổ dân phố,25,12,2026_07,unverified,2026-07-01
00328.013,00328,01,26,Tổ dân phố 26,tổ dân phố,26,13,2026_07,unverified,2026-07-01
00328.014,00328,01,27,Tổ dân phố 27,tổ dân phố,27,14,2026_07,unverified,2026-07-01
00331.001,00331,01,1,Tổ dân phố 1,tổ dân phố,1,1,2026_07,unverified,2026-07-01
00331.002,00331,01,2,Tổ dân phố 2,tổ dân phố,2,2,2026_07,unverified,2026-07-01
00331.003,00331,01,3,Tổ dân phố 3,tổ dân phố,3,3,2026_07,unverified,2026-07-01
00331.004,00331,01,4,Tổ dân phố 4,tổ dân phố,4,4,2026_07,unverified,2026-07-01
00331.005,00331,01,5,Tổ dân phố 5,tổ dân phố,5,5,2026_07,unverified,2026-07-01
00331.006,00331,01,6,Tổ dân phố 6,tổ dân phố,6,6,2026_07,unverified,2026-07-01
00331.007,00331,01,7,Tổ dân phố 7,tổ dân phố,7,7,2026_07,unverified,2026-07-01
00331.008,00331,01,8,Tổ dân phố 8,tổ dân phố,8,8,2026_07,unverified,2026-07-01
00331.009,00331,01,9,Tổ dân phố 9,tổ dân phố,9,9,2026_07,unverified,2026-07-01
00331.010,00331,01,10,Tổ dân phố 10,tổ dân phố,10,10,2026_07,unverified,2026-07-01
00331.011,00331,01,11,Tổ dân phố 11,tổ dân phố,11,11,2026_07,unverified,2026-07-01
00331.012,00331,01,12,Tổ dân phố 12,tổ dân phố,12,12,2026_07,unverified,2026-07-01
00331.013,00331,01,13,Tổ dân phố 13,tổ dân phố,13,13,2026_07,unverified,2026-07-01
00331.014,00331,01,14,Tổ dân phố 14,tổ dân phố,14,14,2026_07,unverified,2026-07-01
00331.015,00331,01,15,Tổ dân phố 15,tổ dân phố,15,15,2026_07,unverified,2026-07-01
00331.016,00331,01,16,Tổ dân phố 16,tổ dân phố,16,16,2026_07,unverified,2026-07-01
00331.017,00331,01,17,Tổ dân phố 17,tổ dân phố,17,17,2026_07,unverified,2026-07-01
00331.018,00331,01,18,Tổ dân phố 18,tổ dân phố,18,18,2026_07,unverified,2026-07-01
00331.019,00331,01,19,Tổ dân phố 19,tổ dân phố,19,19,2026_07,unverified,2026-07-01
00331.020,00331,01,20,Tổ dân phố 20,tổ dân phố,20,20,2026_07,unverified,2026-07-01
00331.021,00331,01,21,Tổ dân phố 21,tổ dân phố,21,21,2026_07,unverified,2026-07-01
00331.022,00331,01,22,Tổ dân phố 22,tổ dân phố,22,22,2026_07,unverified,2026-07-01
00331.023,00331,01,23,Tổ dân phố 23,tổ dân phố,23,23,2026_07,unverified,2026-07-01
00331.024,00331,01,24,Tổ dân phố 24,tổ dân phố,24,24,2026_07,unverified,2026-07-01
00331.025,00331,01,25,Tổ dân phố 25,tổ dân phố,25,25,2026_07,unverified,2026-07-01
00331.026,00331,01,26,Tổ dân phố 26,tổ dân phố,26,26,2026_07,unverified,2026-07-01
00331.027,00331,01,27,Tổ dân phố 27,tổ dân phố,27,27,2026_07,unverified,2026-07-01
00331.028,00331,01,28,Tổ dân phố 28,tổ dân phố,28,28,2026_07,unverified,2026-07-01
00331.029,00331,01,29,Tổ dân phố 29,tổ dân phố,29,29,2026_07,unverified,2026-07-01
00331.030,00331,01,30,Tổ dân phố 30,tổ dân phố,30,30,2026_07,unverified,2026-07-01
00331.031,00331,01,31,Tổ dân phố 31,tổ dân phố,31,31,2026_07,unverified,2026-07-01
00331.032,00331,01,32,Tổ dân phố 32,tổ dân phố,32,32,2026_07,unverified,2026-07-01
00331.033,00331,01,33,Tổ dân phố 33,tổ dân phố,33,33,2026_07,unverified,2026-07-01
00331.034,00331,01,34,Tổ dân phố 34,tổ dân phố,34,34,2026_07,unverified,2026-07-01
00331.035,00331,01,35,Tổ dân phố 35,tổ dân phố,35,35,2026_07,unverified,2026-07-01
00331.036,00331,01,36,Tổ dân phố 36,tổ dân phố,36,36,2026_07,unverified,2026-07-01
00331.037,00331,01,37,Tổ dân phố 37,tổ dân phố,37,37,2026_07,unverified,2026-07-01
00331.038,00331,01,38,Tổ dân phố 38,tổ dân phố,38,38,2026_07,unverified,2026-07-01
00331.039,00331,01,39,Tổ dân phố 39,tổ dân phố,39,39,2026_07,unverified,2026-07-01
00331.040,00331,01,40,Tổ dân phố 40,tổ dân phố,40,40,2026_07,unverified,2026-07-01
00331.041,00331,01,41,Tổ dân phố 41,tổ dân phố,41,41,2026_07,unverified,2026-07-01
00337.001,00337,01,1 – Linh Đàm,Tổ dân phố 1 – Linh Đàm,tổ dân phố,1_linh_dam,1,2026_07,unverified,2026-07-01
00337.002,00337,01,2 – Bắc Linh Đàm,Tổ dân phố 2 – Bắc Linh Đàm,tổ dân phố,2_bac_linh_dam,2,2026_07,unverified,2026-07-01
00337.003,00337,01,3 – Bán đảo Linh Đàm,Tổ dân phố 3 – Bán đảo Linh Đàm,tổ dân phố,3_ban_dao_linh_dam,3,2026_07,unverified,2026-07-01
00337.004,00337,01,4 – Bán đảo Linh Đàm,Tổ dân phố 4 – Bán đảo Linh Đàm,tổ dân phố,4_ban_dao_linh_dam,4,2026_07,unverified,2026-07-01
00337.005,00337,01,5 – Bán đảo Linh Đàm,Tổ dân phố 5 – Bán đảo Linh Đàm,tổ dân phố,5_ban_dao_linh_dam,5,2026_07,unverified,2026-07-01
00337.006,00337,01,6 – HH,Tổ dân phố 6 – HH,tổ dân phố,6_hh,6,2026_07,unverified,2026-07-01
00337.007,00337,01,7 – HH,Tổ dân phố 7 – HH,tổ dân phố,7_hh,7,2026_07,unverified,2026-07-01
00337.008,00337,01,8 – HH,Tổ dân phố 8 – HH,tổ dân phố,8_hh,8,2026_07,unverified,2026-07-01
00337.009,00337,01,9 – HH,Tổ dân phố 9 – HH,tổ dân phố,9_hh,9,2026_07,unverified,2026-07-01
00337.010,00337,01,10 – HH,Tổ dân phố 10 – HH,tổ dân phố,10_hh,10,2026_07,unverified,2026-07-01
00337.011,00337,01,11 – Tứ Kỳ,Tổ dân phố 11 – Tứ Kỳ,tổ dân phố,11_tu_ky,11,2026_07,unverified,2026-07-01
00337.012,00337,01,12 – Tây nam Linh Đàm,Tổ dân phố 12 – Tây nam Linh Đàm,tổ dân phố,12_tay_nam_linh_dam,12,2026_07,unverified,2026-07-01
00337.013,00337,01,13 – Tây nam Linh Đàm,Tổ dân phố 13 – Tây nam Linh Đàm,tổ dân phố,13_tay_nam_linh_dam,13,2026_07,unverified,2026-07-01
00337.014,00337,01,14 – Tây nam Linh Đàm,Tổ dân phố 14 – Tây nam Linh Đàm,tổ dân phố,14_tay_nam_linh_dam,14,2026_07,unverified,2026-07-01
00337.015,00337,01,15 – Bằng A,Tổ dân phố 15 – Bằng A,tổ dân phố,15_bang_a,15,2026_07,unverified,2026-07-01
00337.016,00337,01,16 – Bằng A,Tổ dân phố 16 – Bằng A,tổ dân phố,16_bang_a,16,2026_07,unverified,2026-07-01
00337.017,00337,01,17 – Bằng B,Tổ dân phố 17 – Bằng B,tổ dân phố,17_bang_b,17,2026_07,unverified,2026-07-01
00337.018,00337,01,18 – Liên Cơ,Tổ dân phố 18 – Liên Cơ,tổ dân phố,18_lien_co,18,2026_07,unverified,2026-07-01
00337.019,00337,01,19 – Tựu Liệt,Tổ dân phố 19 – Tựu Liệt,tổ dân phố,19_tuu_liet,19,2026_07,unverified,2026-07-01
00337.020,00337,01,20 – Quốc Bảo,Tổ dân phố 20 – Quốc Bảo,tổ dân phố,20_quoc_bao,20,2026_07,unverified,2026-07-01
00340.001,00340,01,Hưng Phúc,Tổ dân phố Hưng Phúc,tổ dân phố,hung_phuc,1,2026_07,unverified,2026-07-01
00340.002,00340,01,Hưng Thịnh,Tổ dân phố Hưng Thịnh,tổ dân phố,hung_thinh,2,2026_07,unverified,2026-07-01
00340.003,00340,01,Pháp Vân 1,Tổ dân phố Pháp Vân 1,tổ dân phố,phap_van_1,3,2026_07,unverified,2026-07-01
00340.004,00340,01,Pháp Vân 2,Tổ dân phố Pháp Vân 2,tổ dân phố,phap_van_2,4,2026_07,unverified,2026-07-01
00340.005,00340,01,Pháp Vân 3,Tổ dân phố Pháp Vân 3,tổ dân phố,phap_van_3,5,2026_07,unverified,2026-07-01
00340.006,00340,01,Pháp Vân 4,Tổ dân phố Pháp Vân 4,tổ dân phố,phap_van_4,6,2026_07,unverified,2026-07-01
00340.007,00340,01,Pháp Vân 5,Tổ dân phố Pháp Vân 5,tổ dân phố,phap_van_5,7,2026_07,unverified,2026-07-01
00340.008,00340,01,Pháp Vân 6,Tổ dân phố Pháp Vân 6,tổ dân phố,phap_van_6,8,2026_07,unverified,2026-07-01
00340.009,00340,01,Tứ Hiệp 1,Tổ dân phố Tứ Hiệp 1,tổ dân phố,tu_hiep_1,9,2026_07,unverified,2026-07-01
00340.010,00340,01,Tứ Hiệp 2,Tổ dân phố Tứ Hiệp 2,tổ dân phố,tu_hiep_2,10,2026_07,unverified,2026-07-01
00340.011,00340,01,Tứ Hiệp 3,Tổ dân phố Tứ Hiệp 3,tổ dân phố,tu_hiep_3,11,2026_07,unverified,2026-07-01
00352.001,00352,01,1,Tổ dân phố 1,tổ dân phố,1,1,2026_07,unverified,2026-07-01
00352.002,00352,01,2,Tổ dân phố 2,tổ dân phố,2,2,2026_07,unverified,2026-07-01
00352.003,00352,01,3,Tổ dân phố 3,tổ dân phố,3,3,2026_07,unverified,2026-07-01
00352.004,00352,01,4,Tổ dân phố 4,tổ dân phố,4,4,2026_07,unverified,2026-07-01
00352.005,00352,01,5,Tổ dân phố 5,tổ dân phố,5,5,2026_07,unverified,2026-07-01
00352.006,00352,01,6,Tổ dân phố 6,tổ dân phố,6,6,2026_07,unverified,2026-07-01
00352.007,00352,01,7,Tổ dân phố 7,tổ dân phố,7,7,2026_07,unverified,2026-07-01
00352.008,00352,01,8,Tổ dân phố 8,tổ dân phố,8,8,2026_07,unverified,2026-07-01
00352.009,00352,01,9,Tổ dân phố 9,tổ dân phố,9,9,2026_07,unverified,2026-07-01
00352.010,00352,01,10,Tổ dân phố 10,tổ dân phố,10,10,2026_07,unverified,2026-07-01
00352.011,00352,01,11,Tổ dân phố 11,tổ dân phố,11,11,2026_07,unverified,2026-07-01
00352.012,00352,01,12,Tổ dân phố 12,tổ dân phố,12,12,2026_07,unverified,2026-07-01
00352.013,00352,01,13,Tổ dân phố 13,tổ dân phố,13,13,2026_07,unverified,2026-07-01
00352.014,00352,01,14,Tổ dân phố 14,tổ dân phố,14,14,2026_07,unverified,2026-07-01
00352.015,00352,01,15,Tổ dân phố 15,tổ dân phố,15,15,2026_07,unverified,2026-07-01
00352.016,00352,01,16,Tổ dân phố 16,tổ dân phố,16,16,2026_07,unverified,2026-07-01
00352.017,00352,01,17,Tổ dân phố 17,tổ dân phố,17,17,2026_07,unverified,2026-07-01
00352.018,00352,01,18,Tổ dân phố 18,tổ dân phố,18,18,2026_07,unverified,2026-07-01
00352.019,00352,01,19,Tổ dân phố 19,tổ dân phố,19,19,2026_07,unverified,2026-07-01
00352.020,00352,01,20,Tổ dân phố 20,tổ dân phố,20,20,2026_07,unverified,2026-07-01
00352.021,00352,01,21,Tổ dân phố 21,tổ dân phố,21,21,2026_07,unverified,2026-07-01
00352.022,00352,01,22,Tổ dân phố 22,tổ dân phố,22,22,2026_07,unverified,2026-07-01
00352.023,00352,01,23,Tổ dân phố 23,tổ dân phố,23,23,2026_07,unverified,2026-07-01
00352.024,00352,01,24,Tổ dân phố 24,tổ dân phố,24,24,2026_07,unverified,2026-07-01
00352.025,00352,01,25,Tổ dân phố 25,tổ dân phố,25,25,2026_07,unverified,2026-07-01
00364.001,00364,01,1,Tổ dân phố 1,tổ dân phố,1,1,2026_07,unverified,2026-07-01
00364.002,00364,01,2,Tổ dân phố 2,tổ dân phố,2,2,2026_07,unverified,2026-07-01
00364.003,00364,01,3,Tổ dân phố 3,tổ dân phố,3,3,2026_07,unverified,2026-07-01
00364.004,00364,01,4,Tổ dân phố 4,tổ dân phố,4,4,2026_07,unverified,2026-07-01
00364.005,00364,01,5,Tổ dân phố 5,tổ dân phố,5,5,2026_07,unverified,2026-07-01
00364.006,00364,01,6,Tổ dân phố 6,tổ dân phố,6,6,2026_07,unverified,2026-07-01
00364.007,00364,01,7,Tổ dân phố 7,tổ dân phố,7,7,2026_07,unverified,2026-07-01
00364.008,00364,01,8,Tổ dân phố 8,tổ dân phố,8,8,2026_07,unverified,2026-07-01
00364.009,00364,01,9,Tổ dân phố 9,tổ dân phố,9,9,2026_07,unverified,2026-07-01
00364.010,00364,01,10,Tổ dân phố 10,tổ dân phố,10,10,2026_07,unverified,2026-07-01
00364.011,00364,01,11,Tổ dân phố 11,tổ dân phố,11,11,2026_07,unverified,2026-07-01
00364.012,00364,01,12,Tổ dân phố 12,tổ dân phố,12,12,2026_07,unverified,2026-07-01
00364.013,00364,01,13,Tổ dân phố 13,tổ dân phố,13,13,2026_07,unverified,2026-07-01
00364.014,00364,01,14,Tổ dân phố 14,tổ dân phố,14,14,2026_07,unverified,2026-07-01
00364.015,00364,01,15,Tổ dân phố 15,tổ dân phố,15,15,2026_07,unverified,2026-07-01
00364.016,00364,01,16,Tổ dân phố 16,tổ dân phố,16,16,2026_07,unverified,2026-07-01
00364.017,00364,01,17,Tổ dân phố 17,tổ dân phố,17,17,2026_07,unverified,2026-07-01
00364.018,00364,01,18,Tổ dân phố 18,tổ dân phố,18,18,2026_07,unverified,2026-07-01
00364.019,00364,01,19,Tổ dân phố 19,tổ dân phố,19,19,2026_07,unverified,2026-07-01
00364.020,00364,01,20,Tổ dân phố 20,tổ dân phố,20,20,2026_07,unverified,2026-07-01
00364.021,00364,01,21,Tổ dân phố 21,tổ dân phố,21,21,2026_07,unverified,2026-07-01
00364.022,00364,01,22,Tổ dân phố 22,tổ dân phố,22,22,2026_07,unverified,2026-07-01
00364.023,00364,01,23,Tổ dân phố 23,tổ dân phố,23,23,2026_07,unverified,2026-07-01
00364.024,00364,01,24,Tổ dân phố 24,tổ dân phố,24,24,2026_07,unverified,2026-07-01
00364.025,00364,01,25,Tổ dân phố 25,tổ dân phố,25,25,2026_07,unverified,2026-07-01
00364.026,00364,01,26,Tổ dân phố 26,tổ dân phố,26,26,2026_07,unverified,2026-07-01
00364.027,00364,01,27,Tổ dân phố 27,tổ dân phố,27,27,2026_07,unverified,2026-07-01
00364.028,00364,01,28,Tổ dân phố 28,tổ dân phố,28,28,2026_07,unverified,2026-07-01
00364.029,00364,01,29,Tổ dân phố 29,tổ dân phố,29,29,2026_07,unverified,2026-07-01
00364.030,00364,01,30,Tổ dân phố 30,tổ dân phố,30,30,2026_07,unverified,2026-07-01
00364.031,00364,01,31,Tổ dân phố 31,tổ dân phố,31,31,2026_07,unverified,2026-07-01
00364.032,00364,01,32,Tổ dân phố 32,tổ dân phố,32,32,2026_07,unverified,2026-07-01
00364.033,00364,01,33,Tổ dân phố 33,tổ dân phố,33,33,2026_07,unverified,2026-07-01
00364.034,00364,01,34,Tổ dân phố 34,tổ dân phố,34,34,2026_07,unverified,2026-07-01
00364.035,00364,01,35,Tổ dân phố 35,tổ dân phố,35,35,2026_07,unverified,2026-07-01
00364.036,00364,01,36,Tổ dân phố 36,tổ dân phố,36,36,2026_07,unverified,2026-07-01
00364.037,00364,01,37,Tổ dân phố 37,tổ dân phố,37,37,2026_07,unverified,2026-07-01
00367.001,00367,01,1,Tổ dân phố 1,tổ dân phố,1,1,2026_07,unverified,2026-07-01
00367.002,00367,01,2,Tổ dân phố 2,tổ dân phố,2,2,2026_07,unverified,2026-07-01
00367.003,00367,01,3,Tổ dân phố 3,tổ dân phố,3,3,2026_07,unverified,2026-07-01
00367.004,00367,01,4,Tổ dân phố 4,tổ dân phố,4,4,2026_07,unverified,2026-07-01
00367.005,00367,01,5,Tổ dân phố 5,tổ dân phố,5,5,2026_07,unverified,2026-07-01
00367.006,00367,01,6,Tổ dân phố 6,tổ dân phố,6,6,2026_07,unverified,2026-07-01
00367.007,00367,01,7,Tổ dân phố 7,tổ dân phố,7,7,2026_07,unverified,2026-07-01
00367.008,00367,01,8,Tổ dân phố 8,tổ dân phố,8,8,2026_07,unverified,2026-07-01
00367.009,00367,01,9,Tổ dân phố 9,tổ dân phố,9,9,2026_07,unverified,2026-07-01
00367.010,00367,01,10,Tổ dân phố 10,tổ dân phố,10,10,2026_07,unverified,2026-07-01
00367.011,00367,01,11,Tổ dân phố 11,tổ dân phố,11,11,2026_07,unverified,2026-07-01
00367.012,00367,01,12,Tổ dân phố 12,tổ dân phố,12,12,2026_07,unverified,2026-07-01
00367.013,00367,01,13,Tổ dân phố 13,tổ dân phố,13,13,2026_07,unverified,2026-07-01
00367.014,00367,01,14,Tổ dân phố 14,tổ dân phố,14,14,2026_07,unverified,2026-07-01
00367.015,00367,01,15,Tổ dân phố 15,tổ dân phố,15,15,2026_07,unverified,2026-07-01
00367.016,00367,01,16,Tổ dân phố 16,tổ dân phố,16,16,2026_07,unverified,2026-07-01
00367.017,00367,01,17,Tổ dân phố 17,tổ dân phố,17,17,2026_07,unverified,2026-07-01
00367.018,00367,01,18,Tổ dân phố 18,tổ dân phố,18,18,2026_07,unverified,2026-07-01
00367.019,00367,01,19,Tổ dân phố 19,tổ dân phố,19,19,2026_07,unverified,2026-07-01
00367.020,00367,01,20,Tổ dân phố 20,tổ dân phố,20,20,2026_07,unverified,2026-07-01
00367.021,00367,01,21,Tổ dân phố 21,tổ dân phố,21,21,2026_07,unverified,2026-07-01
00367.022,00367,01,22,Tổ dân phố 22,tổ dân phố,22,22,2026_07,unverified,2026-07-01
00367.023,00367,01,23,Tổ dân phố 23,tổ dân phố,23,23,2026_07,unverified,2026-07-01
00367.024,00367,01,24,Tổ dân phố 24,tổ dân phố,24,24,2026_07,unverified,2026-07-01
00367.025,00367,01,25,Tổ dân phố 25,tổ dân phố,25,25,2026_07,unverified,2026-07-01
00367.026,00367,01,26,Tổ dân phố 26,tổ dân phố,26,26,2026_07,unverified,2026-07-01
00367.027,00367,01,27,Tổ dân phố 27,tổ dân phố,27,27,2026_07,unverified,2026-07-01
00367.028,00367,01,28,Tổ dân phố 28,tổ dân phố,28,28,2026_07,unverified,2026-07-01
00367.029,00367,01,29,Tổ dân phố 29,tổ dân phố,29,29,2026_07,unverified,2026-07-01
00367.030,00367,01,30,Tổ dân phố 30,tổ dân phố,30,30,2026_07,unverified,2026-07-01
00367.031,00367,01,31,Tổ dân phố 31,tổ dân phố,31,31,2026_07,unverified,2026-07-01
00367.032,00367,01,32,Tổ dân phố 32,tổ dân phố,32,32,2026_07,unverified,2026-07-01
00367.033,00367,01,33,Tổ dân phố 33,tổ dân phố,33,33,2026_07,unverified,2026-07-01
00367.034,00367,01,34,Tổ dân phố 34,tổ dân phố,34,34,2026_07,unverified,2026-07-01
00367.035,00367,01,35,Tổ dân phố 35,tổ dân phố,35,35,2026_07,unverified,2026-07-01
00367.036,00367,01,36,Tổ dân phố 36,tổ dân phố,36,36,2026_07,unverified,2026-07-01
00367.037,00367,01,37,Tổ dân phố 37,tổ dân phố,37,37,2026_07,unverified,2026-07-01
00367.038,00367,01,38,Tổ dân phố 38,tổ dân phố,38,38,2026_07,unverified,2026-07-01
00367.039,00367,01,39,Tổ dân phố 39,tổ dân phố,39,39,2026_07,unverified,2026-07-01
00367.040,00367,01,40,Tổ dân phố 40,tổ dân phố,40,40,2026_07,unverified,2026-07-01
00367.041,00367,01,41,Tổ dân phố 41,tổ dân phố,41,41,2026_07,unverified,2026-07-01
00367.042,00367,01,42,Tổ dân phố 42,tổ dân phố,42,42,2026_07,unverified,2026-07-01
00367.043,00367,01,43,Tổ dân phố 43,tổ dân phố,43,43,2026_07,unverified,2026-07-01
00367.044,00367,01,44,Tổ dân phố 44,tổ dân phố,44,44,2026_07,unverified,2026-07-01
00367.045,00367,01,45,Tổ dân phố 45,tổ dân phố,45,45,2026_07,unverified,2026-07-01
00367.046,00367,01,46,Tổ dân phố 46,tổ dân phố,46,46,2026_07,unverified,2026-07-01
00367.047,00367,01,47,Tổ dân phố 47,tổ dân phố,47,47,2026_07,unverified,2026-07-01
00367.048,00367,01,48,Tổ dân phố 48,tổ dân phố,48,48,2026_07,unverified,2026-07-01
00367.049,00367,01,49,Tổ dân phố 49,tổ dân phố,49,49,2026_07,unverified,2026-07-01
00367.050,00367,01,50,Tổ dân phố 50,tổ dân phố,50,50,2026_07,unverified,2026-07-01
00367.051,00367,01,51,Tổ dân phố 51,tổ dân phố,51,51,2026_07,unverified,2026-07-01
00376.001,00376,01,1,Tổ dân phố 1,tổ dân phố,1,1,2026_07,unverified,2026-07-01
00376.002,00376,01,2,Tổ dân phố 2,tổ dân phố,2,2,2026_07,unverified,2026-07-01
00376.003,00376,01,225,Tổ dân phố 225,tổ dân phố,225,3,2026_07,unverified,2026-07-01
00376.004,00376,01,Bắc Lý,Tổ dân phố Bắc Lý,tổ dân phố,bac_ly,4,2026_07,unverified,2026-07-01
00376.005,00376,01,Cộng Hòa,Tổ dân phố Cộng Hòa,tổ dân phố,cong_hoa,5,2026_07,unverified,2026-07-01
00376.006,00376,01,Dược Hạ,Tổ dân phố Dược Hạ,tổ dân phố,duoc_ha,6,2026_07,unverified,2026-07-01
00376.007,00376,01,Dược Thượng,Tổ dân phố Dược Thượng,tổ dân phố,duoc_thuong,7,2026_07,unverified,2026-07-01
00376.008,00376,01,Đan Tảo,Tổ dân phố Đan Tảo,tổ dân phố,dan_tao,8,2026_07,unverified,2026-07-01
00376.009,00376,01,Đoài,Tổ dân phố Đoài,tổ dân phố,doai,9,2026_07,unverified,2026-07-01
00376.010,00376,01,Đông,Tổ dân phố Đông,tổ dân phố,dong,10,2026_07,unverified,2026-07-01
00376.011,00376,01,Đông Tảo,Tổ dân phố Đông Tảo,tổ dân phố,dong_tao,11,2026_07,unverified,2026-07-01
00376.012,00376,01,Đồng Lạc,Tổ dân phố Đồng Lạc,tổ dân phố,dong_lac,12,2026_07,unverified,2026-07-01
00376.013,00376,01,Hương Đình,Tổ dân phố Hương Đình,tổ dân phố,huong_dinh,13,2026_07,unverified,2026-07-01
00376.014,00376,01,Lương Châu,Tổ dân phố Lương Châu,tổ dân phố,luong_chau,14,2026_07,unverified,2026-07-01
00376.015,00376,01,Mai Sơn,Tổ dân phố Mai Sơn,tổ dân phố,mai_son,15,2026_07,unverified,2026-07-01
00376.016,00376,01,Mai Xuân,Tổ dân phố Mai Xuân,tổ dân phố,mai_xuan,16,2026_07,unverified,2026-07-01
00376.017,00376,01,Phố Chợ,Tổ dân phố Phố Chợ,tổ dân phố,pho_cho,17,2026_07,unverified,2026-07-01
00376.018,00376,01,Phù Mã,Tổ dân phố Phù Mã,tổ dân phố,phu_ma,18,2026_07,unverified,2026-07-01
00376.019,00376,01,Thanh Thủy,Tổ dân phố Thanh Thủy,tổ dân phố,thanh_thuy,19,2026_07,unverified,2026-07-01
00376.020,00376,01,Thái Phù,Tổ dân phố Thái Phù,tổ dân phố,thai_phu,20,2026_07,unverified,2026-07-01
00376.021,00376,01,Thống Nhất,Tổ dân phố Thống Nhất,tổ dân phố,thong_nhat,21,2026_07,unverified,2026-07-01
00376.022,00376,01,Vệ Linh,Tổ dân phố Vệ Linh,tổ dân phố,ve_linh,22,2026_07,unverified,2026-07-01
00376.023,00376,01,Vệ Sơn,Tổ dân phố Vệ Sơn,tổ dân phố,ve_son,23,2026_07,unverified,2026-07-01
00376.024,00376,01,Xuân Dục,Tổ dân phố Xuân Dục,tổ dân phố,xuan_duc,24,2026_07,unverified,2026-07-01
00376.025,00376,01,Xuân Đồng,Tổ dân phố Xuân Đồng,tổ dân phố,xuan_dong,25,2026_07,unverified,2026-07-01
00376.026,00376,01,Xuân Kỳ,Tổ dân phố Xuân Kỳ,tổ dân phố,xuan_ky,26,2026_07,unverified,2026-07-01
00382.001,00382,01,An Ninh,Thôn An Ninh,thôn,an_ninh,1,2026_07,unverified,2026-07-01
00382.002,00382,01,Lập Trí,Thôn Lập Trí,thôn,lap_tri,2,2026_07,unverified,2026-07-01
00382.003,00382,01,Liên Thắng,Thôn Liên Thắng,thôn,lien_thang,3,2026_07,unverified,2026-07-01
00382.004,00382,01,Mỹ Ninh,Thôn Mỹ Ninh,thôn,my_ninh,4,2026_07,unverified,2026-07-01
00382.005,00382,01,Phú Hạ,Thôn Phú Hạ,thôn,phu_ha,5,2026_07,unverified,2026-07-01
00382.006,00382,01,Phú Sơn,Thôn Phú Sơn,thôn,phu_son,6,2026_07,unverified,2026-07-01
00382.007,00382,01,Phú Thượng,Thôn Phú Thượng,thôn,phu_thuong,7,2026_07,unverified,2026-07-01
00382.008,00382,01,Thanh Ninh,Thôn Thanh Ninh,thôn,thanh_ninh,8,2026_07,unverified,2026-07-01
00382.009,00382,01,Thanh Trí,Thôn Thanh Trí,thôn,thanh_tri,9,2026_07,unverified,2026-07-01
00382.010,00382,01,Thái Vụ,Thôn Thái Vụ,thôn,thai_vu,10,2026_07,unverified,2026-07-01
00382.011,00382,01,Xuân Sơn,Thôn Xuân Sơn,thôn,xuan_son,11,2026_07,unverified,2026-07-01
00385.001,00385,01,An Lạc,Thôn An Lạc,thôn,an_lac,1,2026_07,unverified,2026-07-01
00385.002,00385,01,Bắc Sơn,Thôn Bắc Sơn,thôn,bac_son,2,2026_07,unverified,2026-07-01
00385.003,00385,01,Bình An,Thôn Bình An,thôn,binh_an,3,2026_07,unverified,2026-07-01
00385.004,00385,01,Đô Tân,Thôn Đô Tân,thôn,do_tan,4,2026_07,unverified,2026-07-01
00385.005,00385,01,Hồng Kỳ,Thôn Hồng Kỳ,thôn,hong_ky,5,2026_07,unverified,2026-07-01
00385.006,00385,01,Hợp Nhất,Thôn Hợp Nhất,thôn,hop_nhat,6,2026_07,unverified,2026-07-01
00385.007,00385,01,Kim Ninh,Thôn Kim Ninh,thôn,kim_ninh,7,2026_07,unverified,2026-07-01
00385.008,00385,01,Lai Sơn,Thôn Lai Sơn,thôn,lai_son,8,2026_07,unverified,2026-07-01
00385.009,00385,01,Lương Hội,Thôn Lương Hội,thôn,luong_hoi,9,2026_07,unverified,2026-07-01
00385.010,00385,01,Nam Lý,Thôn Nam Lý,thôn,nam_ly,10,2026_07,unverified,2026-07-01
00385.011,00385,01,Nam Sơn,Thôn Nam Sơn,thôn,nam_son,11,2026_07,unverified,2026-07-01
00385.012,00385,01,Phổ Nỷ,Thôn Phổ Nỷ,thôn,pho_ny,12,2026_07,unverified,2026-07-01
00385.013,00385,01,Tân Yên,Thôn Tân Yên,thôn,tan_yen,13,2026_07,unverified,2026-07-01
00385.014,00385,01,Thanh Hà,Thôn Thanh Hà,thôn,thanh_ha,14,2026_07,unverified,2026-07-01
00385.015,00385,01,Thống Nhất,Thôn Thống Nhất,thôn,thong_nhat,15,2026_07,unverified,2026-07-01
00385.016,00385,01,Xuân Bảng,Thôn Xuân Bảng,thôn,xuan_bang,16,2026_07,unverified,2026-07-01
00430.001,00430,01,Bắc Phú,Thôn Bắc Phú,thôn,bac_phu,1,2026_07,unverified,2026-07-01
00430.002,00430,01,Bắc Vọng,Thôn Bắc Vọng,thôn,bac_vong,2,2026_07,unverified,2026-07-01
00430.003,00430,01,Đức Hậu,Thôn Đức Hậu,thôn,duc_hau,3,2026_07,unverified,2026-07-01
00430.004,00430,01,Đức Hòa,Thôn Đức Hòa,thôn,duc_hoa,4,2026_07,unverified,2026-07-01
00430.005,00430,01,Hiệu Cẩm,Thôn Hiệu Cẩm,thôn,hieu_cam,5,2026_07,unverified,2026-07-01
00430.006,00430,01,Kim Lũ,Thôn Kim Lũ,thôn,kim_lu,6,2026_07,unverified,2026-07-01
00430.007,00430,01,Kim Thượng,Thôn Kim Thượng,thôn,kim_thuong,7,2026_07,unverified,2026-07-01
00430.008,00430,01,Lai Cách,Thôn Lai Cách,thôn,lai_cach,8,2026_07,unverified,2026-07-01
00430.009,00430,01,Ngô Đạo,Thôn Ngô Đạo,thôn,ngo_dao,9,2026_07,unverified,2026-07-01
00430.010,00430,01,Phú Tàng,Thôn Phú Tàng,thôn,phu_tang,10,2026_07,unverified,2026-07-01
00430.011,00430,01,Tân Hưng,Thôn Tân Hưng,thôn,tan_hung,11,2026_07,unverified,2026-07-01
00430.012,00430,01,Thượng Thanh,Thôn Thượng Thanh,thôn,thuong_thanh,12,2026_07,unverified,2026-07-01
00430.013,00430,01,Tiên Tào,Thôn Tiên Tào,thôn,tien_tao,13,2026_07,unverified,2026-07-01
00430.014,00430,01,Việt Long,Thôn Việt Long,thôn,viet_long,14,2026_07,unverified,2026-07-01
00430.015,00430,01,Xuân Dương,Thôn Xuân Dương,thôn,xuan_duong,15,2026_07,unverified,2026-07-01
00430.016,00430,01,Xuân Giang,Thôn Xuân Giang,thôn,xuan_giang,16,2026_07,unverified,2026-07-01
00430.017,00430,01,Xuân Lai,Thôn Xuân Lai,thôn,xuan_lai,17,2026_07,unverified,2026-07-01
00430.018,00430,01,Xuân Ngọc,Thôn Xuân Ngọc,thôn,xuan_ngoc,18,2026_07,unverified,2026-07-01
00430.019,00430,01,Xuân Thu,Thôn Xuân Thu,thôn,xuan_thu,19,2026_07,unverified,2026-07-01
00433.001,00433,01,Đông Lai,Thôn Đông Lai,thôn,dong_lai,1,2026_07,unverified,2026-07-01
00433.002,00433,01,Hiền Lương,Thôn Hiền Lương,thôn,hien_luong,2,2026_07,unverified,2026-07-01
00433.003,00433,01,Hương Gia,Thôn Hương Gia,thôn,huong_gia,3,2026_07,unverified,2026-07-01
00433.004,00433,01,Kim Anh,Thôn Kim Anh,thôn,kim_anh,4,2026_07,unverified,2026-07-01
00433.005,00433,01,Nam Cương,Thôn Nam Cương,thôn,nam_cuong,5,2026_07,unverified,2026-07-01
00433.006,00433,01,Ninh Bắc,Thôn Ninh Bắc,thôn,ninh_bac,6,2026_07,unverified,2026-07-01
00433.007,00433,01,Ninh Môn,Thôn Ninh Môn,thôn,ninh_mon,7,2026_07,unverified,2026-07-01
00433.008,00433,01,Phù Xá Đoài,Thôn Phù Xá Đoài,thôn,phu_xa_doai,8,2026_07,unverified,2026-07-01
00433.009,00433,01,Phù Xá Đông,Thôn Phù Xá Đông,thôn,phu_xa_dong,9,2026_07,unverified,2026-07-01
00433.010,00433,01,Tân Trại,Thôn Tân Trại,thôn,tan_trai,10,2026_07,unverified,2026-07-01
00433.011,00433,01,Thanh Nhàn,Thôn Thanh Nhàn,thôn,thanh_nhan,11,2026_07,unverified,2026-07-01
00433.012,00433,01,Thạch Lỗi,Thôn Thạch Lỗi,thôn,thach_loi,12,2026_07,unverified,2026-07-01
00433.013,00433,01,Thắng Lợi,Thôn Thắng Lợi,thôn,thang_loi,13,2026_07,unverified,2026-07-01
00433.014,00433,01,Thụy Hương,Thôn Thụy Hương,thôn,thuy_huong,14,2026_07,unverified,2026-07-01
00433.015,00433,01,Trung Na,Thôn Trung Na,thôn,trung_na,15,2026_07,unverified,2026-07-01
00433.016,00433,01,Xuân Bách,Thôn Xuân Bách,thôn,xuan_bach,16,2026_07,unverified,2026-07-01
00433.017,00433,01,Yên Ninh,Thôn Yên Ninh,thôn,yen_ninh,17,2026_07,unverified,2026-07-01
00454.001,00454,01,Cầu Cả,Thôn Cầu Cả,thôn,cau_ca,1,2026_07,unverified,2026-07-01
00454.002,00454,01,Cổ Loa,Thôn Cổ Loa,thôn,co_loa,2,2026_07,unverified,2026-07-01
00454.003,00454,01,Cổ Vân,Thôn Cổ Vân,thôn,co_van,3,2026_07,unverified,2026-07-01
00454.004,00454,01,Cường Nỗ,Thôn Cường Nỗ,thôn,cuong_no,4,2026_07,unverified,2026-07-01
00454.005,00454,01,Dục Nội,Thôn Dục Nội,thôn,duc_noi,5,2026_07,unverified,2026-07-01
00454.006,00454,01,Dục Tú,Thôn Dục Tú,thôn,duc_tu,6,2026_07,unverified,2026-07-01
00454.007,00454,01,Đa Vang,Thôn Đa Vang,thôn,da_vang,7,2026_07,unverified,2026-07-01
00454.008,00454,01,Đản Mỗ,Thôn Đản Mỗ,thôn,dan_mo,8,2026_07,unverified,2026-07-01
00454.009,00454,01,Đông Anh,Thôn Đông Anh,thôn,dong_anh,9,2026_07,unverified,2026-07-01
00454.010,00454,01,Đông Hội,Thôn Đông Hội,thôn,dong_hoi,10,2026_07,unverified,2026-07-01
00454.011,00454,01,Đông Ngàn,Thôn Đông Ngàn,thôn,dong_ngan,11,2026_07,unverified,2026-07-01
00454.012,00454,01,Đông Trù,Thôn Đông Trù,thôn,dong_tru,12,2026_07,unverified,2026-07-01
00454.013,00454,01,Đồng Dầu,Thôn Đồng Dầu,thôn,dong_dau,13,2026_07,unverified,2026-07-01
00454.014,00454,01,Gia Lương,Thôn Gia Lương,thôn,gia_luong,14,2026_07,unverified,2026-07-01
00454.015,00454,01,Hồng Lạc,Thôn Hồng Lạc,thôn,hong_lac,15,2026_07,unverified,2026-07-01
00454.016,00454,01,Hội Phụ,Thôn Hội Phụ,thôn,hoi_phu,16,2026_07,unverified,2026-07-01
00454.017,00454,01,Hùng Sơn,Thôn Hùng Sơn,thôn,hung_son,17,2026_07,unverified,2026-07-01
00454.018,00454,01,Lại Đà,Thôn Lại Đà,thôn,lai_da,18,2026_07,unverified,2026-07-01
00454.019,00454,01,Lộc Hà,Thôn Lộc Hà,thôn,loc_ha,19,2026_07,unverified,2026-07-01
00454.020,00454,01,Lực Canh,Thôn Lực Canh,thôn,luc_canh,20,2026_07,unverified,2026-07-01
00454.021,00454,01,Lý Nhân,Thôn Lý Nhân,thôn,ly_nhan,21,2026_07,unverified,2026-07-01
00454.022,00454,01,Mai Hiên,Thôn Mai Hiên,thôn,mai_hien,22,2026_07,unverified,2026-07-01
00454.023,00454,01,Mai Lâm,Thôn Mai Lâm,thôn,mai_lam,23,2026_07,unverified,2026-07-01
00454.024,00454,01,Mạch Tràng,Thôn Mạch Tràng,thôn,mach_trang,24,2026_07,unverified,2026-07-01
00454.025,00454,01,Oai Nỗ,Thôn Oai Nỗ,thôn,oai_no,25,2026_07,unverified,2026-07-01
00454.026,00454,01,Phúc Hậu,Thôn Phúc Hậu,thôn,phuc_hau,26,2026_07,unverified,2026-07-01
00454.027,00454,01,Thái Bình,Thôn Thái Bình,thôn,thai_binh,27,2026_07,unverified,2026-07-01
00454.028,00454,01,Thục Vương,Thôn Thục Vương,thôn,thuc_vuong,28,2026_07,unverified,2026-07-01
00454.029,00454,01,Thượng Lộc,Thôn Thượng Lộc,thôn,thuong_loc,29,2026_07,unverified,2026-07-01
00454.030,00454,01,Thượng Oai,Thôn Thượng Oai,thôn,thuong_oai,30,2026_07,unverified,2026-07-01
00454.031,00454,01,Thượng Thư,Thôn Thượng Thư,thôn,thuong_thu,31,2026_07,unverified,2026-07-01
00454.032,00454,01,Uy Nỗ,Thôn Uy Nỗ,thôn,uy_no,32,2026_07,unverified,2026-07-01
00454.033,00454,01,Uy Sơn,Thôn Uy Sơn,thôn,uy_son,33,2026_07,unverified,2026-07-01
00454.034,00454,01,Việt Hùng,Thôn Việt Hùng,thôn,viet_hung,34,2026_07,unverified,2026-07-01
00454.035,00454,01,Xuân Canh,Thôn Xuân Canh,thôn,xuan_canh,35,2026_07,unverified,2026-07-01
00454.036,00454,01,Xuân Trạch,Thôn Xuân Trạch,thôn,xuan_trach,36,2026_07,unverified,2026-07-01
00466.001,00466,01,An Thịnh,Thôn An Thịnh,thôn,an_thinh,1,2026_07,unverified,2026-07-01
00466.002,00466,01,Bến Trung,Thôn Bến Trung,thôn,ben_trung,2,2026_07,unverified,2026-07-01
00466.003,00466,01,Cán Khê,Thôn Cán Khê,thôn,can_khe,3,2026_07,unverified,2026-07-01
00466.004,00466,01,Cổ Dương,Thôn Cổ Dương,thôn,co_duong,4,2026_07,unverified,2026-07-01
00466.005,00466,01,Đìa,Thôn Đìa,thôn,dia,5,2026_07,unverified,2026-07-01
00466.006,00466,01,Đoài,Thôn Đoài,thôn,doai,6,2026_07,unverified,2026-07-01
00466.007,00466,01,Khê Nữ,Thôn Khê Nữ,thôn,khe_nu,7,2026_07,unverified,2026-07-01
00466.008,00466,01,Lễ Pháp,Thôn Lễ Pháp,thôn,le_phap,8,2026_07,unverified,2026-07-01
00466.009,00466,01,Lương Nỗ,Thôn Lương Nỗ,thôn,luong_no,9,2026_07,unverified,2026-07-01
00466.010,00466,01,Mỹ Nội,Thôn Mỹ Nội,thôn,my_noi,10,2026_07,unverified,2026-07-01
00466.011,00466,01,Nguyên Khê,Thôn Nguyên Khê,thôn,nguyen_khe,11,2026_07,unverified,2026-07-01
00466.012,00466,01,Phù Thụy,Thôn Phù Thụy,thôn,phu_thuy,12,2026_07,unverified,2026-07-01
00466.013,00466,01,Quan Âm,Thôn Quan Âm,thôn,quan_am,13,2026_07,unverified,2026-07-01
00466.014,00466,01,Sơn Du,Thôn Sơn Du,thôn,son_du,14,2026_07,unverified,2026-07-01
00466.015,00466,01,Tằng My,Thôn Tằng My,thôn,tang_my,15,2026_07,unverified,2026-07-01
00466.016,00466,01,Thượng Phúc,Thôn Thượng Phúc,thôn,thuong_phuc,16,2026_07,unverified,2026-07-01
00466.017,00466,01,Tiên Hùng,Thôn Tiên Hùng,thôn,tien_hung,17,2026_07,unverified,2026-07-01
00466.018,00466,01,Tiên Kha,Thôn Tiên Kha,thôn,tien_kha,18,2026_07,unverified,2026-07-01
00466.019,00466,01,Toàn Thắng,Thôn Toàn Thắng,thôn,toan_thang,19,2026_07,unverified,2026-07-01
00466.020,00466,01,Trung Oai,Thôn Trung Oai,thôn,trung_oai,20,2026_07,unverified,2026-07-01
00466.021,00466,01,Tuân Lề,Thôn Tuân Lề,thôn,tuan_le,21,2026_07,unverified,2026-07-01
00466.022,00466,01,Vân Long,Thôn Vân Long,thôn,van_long,22,2026_07,unverified,2026-07-01
00466.023,00466,01,Vân Nội,Thôn Vân Nội,thôn,van_noi,23,2026_07,unverified,2026-07-01
00466.024,00466,01,Vân Trì,Thôn Vân Trì,thôn,van_tri,24,2026_07,unverified,2026-07-01
00466.025,00466,01,Vệ,Thôn Vệ,thôn,ve,25,2026_07,unverified,2026-07-01
00466.026,00466,01,Viên Nội,Thôn Viên Nội,thôn,vien_noi,26,2026_07,unverified,2026-07-01
00475.001,00475,01,Bằng Lâm,Thôn Bằng Lâm,thôn,bang_lam,1,2026_07,unverified,2026-07-01
00475.002,00475,01,Châu Phong,Thôn Châu Phong,thôn,chau_phong,2,2026_07,unverified,2026-07-01
00475.003,00475,01,Cổ Miếu,Thôn Cổ Miếu,thôn,co_mieu,3,2026_07,unverified,2026-07-01
00475.004,00475,01,Đào Thục,Thôn Đào Thục,thôn,dao_thuc,4,2026_07,unverified,2026-07-01
00475.005,00475,01,Đại Vĩ,Thôn Đại Vĩ,thôn,dai_vi,5,2026_07,unverified,2026-07-01
00475.006,00475,01,Đình Ngọc,Thôn Đình Ngọc,thôn,dinh_ngoc,6,2026_07,unverified,2026-07-01
00475.007,00475,01,Đình Trung,Thôn Đình Trung,thôn,dinh_trung,7,2026_07,unverified,2026-07-01
00475.008,00475,01,Đường Nhạn,Thôn Đường Nhạn,thôn,duong_nhan,8,2026_07,unverified,2026-07-01
00475.009,00475,01,Đường Yên,Thôn Đường Yên,thôn,duong_yen,9,2026_07,unverified,2026-07-01
00475.010,00475,01,Đức Lâm,Thôn Đức Lâm,thôn,duc_lam,10,2026_07,unverified,2026-07-01
00475.011,00475,01,Giao Tác,Thôn Giao Tác,thôn,giao_tac,11,2026_07,unverified,2026-07-01
00475.012,00475,01,Hà Khê,Thôn Hà Khê,thôn,ha_khe,12,2026_07,unverified,2026-07-01
00475.013,00475,01,Hà Lâm,Thôn Hà Lâm,thôn,ha_lam,13,2026_07,unverified,2026-07-01
00475.014,00475,01,Kim Tiên,Thôn Kim Tiên,thôn,kim_tien,14,2026_07,unverified,2026-07-01
00475.015,00475,01,Kính Nỗ,Thôn Kính Nỗ,thôn,kinh_no,15,2026_07,unverified,2026-07-01
00475.016,00475,01,Lâm Tiên,Thôn Lâm Tiên,thôn,lam_tien,16,2026_07,unverified,2026-07-01
00475.017,00475,01,Liên Hà 1,Thôn Liên Hà 1,thôn,lien_ha_1,17,2026_07,unverified,2026-07-01
00475.018,00475,01,Liên Hà 2,Thôn Liên Hà 2,thôn,lien_ha_2,18,2026_07,unverified,2026-07-01
00475.019,00475,01,Lỗ Giao,Thôn Lỗ Giao,thôn,lo_giao,19,2026_07,unverified,2026-07-01
00475.020,00475,01,Lỗ Khê,Thôn Lỗ Khê,thôn,lo_khe,20,2026_07,unverified,2026-07-01
00475.021,00475,01,Lương Quy,Thôn Lương Quy,thôn,luong_quy,21,2026_07,unverified,2026-07-01
00475.022,00475,01,Mạnh Tân,Thôn Mạnh Tân,thôn,manh_tan,22,2026_07,unverified,2026-07-01
00475.023,00475,01,Phú Lâm,Thôn Phú Lâm,thôn,phu_lam,23,2026_07,unverified,2026-07-01
00475.024,00475,01,Phúc Lâm,Thôn Phúc Lâm,thôn,phuc_lam,24,2026_07,unverified,2026-07-01
00475.025,00475,01,Thanh Lâm,Thôn Thanh Lâm,thôn,thanh_lam,25,2026_07,unverified,2026-07-01
00475.026,00475,01,Thiết Úng,Thôn Thiết Úng,thôn,thiet_ung,26,2026_07,unverified,2026-07-01
00475.027,00475,01,Thụy Lôi 1,Thôn Thụy Lôi 1,thôn,thuy_loi_1,27,2026_07,unverified,2026-07-01
00475.028,00475,01,Thụy Lôi 2,Thôn Thụy Lôi 2,thôn,thuy_loi_2,28,2026_07,unverified,2026-07-01
00475.029,00475,01,Thụy Lôi 3,Thôn Thụy Lôi 3,thôn,thuy_loi_3,29,2026_07,unverified,2026-07-01
00475.030,00475,01,Tuệ Lâm,Thôn Tuệ Lâm,thôn,tue_lam,30,2026_07,unverified,2026-07-01
00475.031,00475,01,Tùng Lâm,Thôn Tùng Lâm,thôn,tung_lam,31,2026_07,unverified,2026-07-01
00475.032,00475,01,Vân Điềm,Thôn Vân Điềm,thôn,van_diem,32,2026_07,unverified,2026-07-01
00475.033,00475,01,Vân Hà,Thôn Vân Hà,thôn,van_ha,33,2026_07,unverified,2026-07-01
00475.034,00475,01,Xuân Nộn,Thôn Xuân Nộn,thôn,xuan_non,34,2026_07,unverified,2026-07-01
00493.001,00493,01,Bắc,Thôn Bắc,thôn,bac,1,truoc_2026_07,unverified,
00493.002,00493,01,Bầu,Thôn Bầu,thôn,bau,2,truoc_2026_07,unverified,
00493.003,00493,01,Cầu Thăng Long,Thôn Cầu Thăng Long,thôn,cau_thang_long,3,truoc_2026_07,unverified,
00493.004,00493,01,Đại Đồng,Thôn Đại Đồng,thôn,dai_dong,4,truoc_2026_07,unverified,
00493.005,00493,01,Đại Độ,Thôn Đại Độ,thôn,dai_do,5,truoc_2026_07,unverified,
00493.006,00493,01,Đoài,Thôn Đoài,thôn,doai,6,truoc_2026_07,unverified,
00493.007,00493,01,Đông,Thôn Đông,thôn,dong,7,truoc_2026_07,unverified,
00493.008,00493,01,Hậu Dưỡng,Thôn Hậu Dưỡng,thôn,hau_duong,8,truoc_2026_07,unverified,
00493.009,00493,01,Mai Châu,Thôn Mai Châu,thôn,mai_chau,9,truoc_2026_07,unverified,
00493.010,00493,01,Mạch Lũng,Thôn Mạch Lũng,thôn,mach_lung,10,truoc_2026_07,unverified,
00493.011,00493,01,Nhuế,Thôn Nhuế,thôn,nhue,11,truoc_2026_07,unverified,
00493.012,00493,01,Sáp Mai,Thôn Sáp Mai,thôn,sap_mai,12,truoc_2026_07,unverified,
00493.013,00493,01,Thọ Đa,Thôn Thọ Đa,thôn,tho_da,13,truoc_2026_07,unverified,
00493.014,00493,01,Võng La,Thôn Võng La,thôn,vong_la,14,truoc_2026_07,unverified,
00508.001,00508,01,Cổ Điển,Thôn Cổ Điển,thôn,co_dien,1,truoc_2026_07,unverified,
00508.002,00508,01,Đoài,Thôn Đoài,thôn,doai,2,truoc_2026_07,unverified,
00508.003,00508,01,Đông,Thôn Đông,thôn,dong,3,truoc_2026_07,unverified,
00508.004,00508,01,Đồng Nhân,Thôn Đồng Nhân,thôn,dong_nhan,4,truoc_2026_07,unverified,
00508.005,00508,01,Hải Bối,Thôn Hải Bối,thôn,hai_boi,5,truoc_2026_07,unverified,
00508.006,00508,01,dân cư Thăng Long,Thôn dân cư Thăng Long,thôn,dan_cu_thang_long,6,truoc_2026_07,unverified,
00508.007,00508,01,Ngọc Chi,Thôn Ngọc Chi,thôn,ngoc_chi,7,truoc_2026_07,unverified,
00508.008,00508,01,Ngọc Giang,Thôn Ngọc Giang,thôn,ngoc_giang,8,truoc_2026_07,unverified,
00508.009,00508,01,Phương Trạch,Thôn Phương Trạch,thôn,phuong_trach,9,truoc_2026_07,unverified,
00508.010,00508,01,Vĩnh Thanh,Thôn Vĩnh Thanh,thôn,vinh_thanh,10,truoc_2026_07,unverified,
00508.011,00508,01,Yên Hà,Thôn Yên Hà,thôn,yen_ha,11,truoc_2026_07,unverified,
00541.001,00541,01,1 Ninh Hiệp,Thôn 1 Ninh Hiệp,thôn,1_ninh_hiep,1,2026_07,unverified,2026-07-01
00541.002,00541,01,2 Ninh Hiệp,Thôn 2 Ninh Hiệp,thôn,2_ninh_hiep,2,2026_07,unverified,2026-07-01
00541.003,00541,01,3 Ninh Hiệp,Thôn 3 Ninh Hiệp,thôn,3_ninh_hiep,3,2026_07,unverified,2026-07-01
00541.004,00541,01,4 Ninh Hiệp,Thôn 4 Ninh Hiệp,thôn,4_ninh_hiep,4,2026_07,unverified,2026-07-01
00541.005,00541,01,Ái Mộ,Thôn Ái Mộ,thôn,ai_mo,5,2026_07,unverified,2026-07-01
00541.006,00541,01,Công Đình,Thôn Công Đình,thôn,cong_dinh,6,2026_07,unverified,2026-07-01
00541.007,00541,01,Cống Thôn,Thôn Cống Thôn,thôn,cong_thon,7,2026_07,unverified,2026-07-01
00541.008,00541,01,Cơ khí Yên Viên,Thôn Cơ khí Yên Viên,thôn,co_khi_yen_vien,8,2026_07,unverified,2026-07-01
00541.009,00541,01,Đình Vỹ,Thôn Đình Vỹ,thôn,dinh_vy,9,2026_07,unverified,2026-07-01
00541.010,00541,01,Đổng Viên,Thôn Đổng Viên,thôn,dong_vien,10,2026_07,unverified,2026-07-01
00541.011,00541,01,Hạ,Thôn Hạ,thôn,ha,11,2026_07,unverified,2026-07-01
00541.012,00541,01,Kim Quan,Thôn Kim Quan,thôn,kim_quan,12,2026_07,unverified,2026-07-01
00541.013,00541,01,Lã Côi,Thôn Lã Côi,thôn,la_coi,13,2026_07,unverified,2026-07-01
00541.014,00541,01,Lại Hoàng,Thôn Lại Hoàng,thôn,lai_hoang,14,2026_07,unverified,2026-07-01
00541.015,00541,01,Liên Đàm,Thôn Liên Đàm,thôn,lien_dam,15,2026_07,unverified,2026-07-01
00541.016,00541,01,Phù Dực,Thôn Phù Dực,thôn,phu_duc,16,2026_07,unverified,2026-07-01
00541.017,00541,01,Phù Đổng,Thôn Phù Đổng,thôn,phu_dong,17,2026_07,unverified,2026-07-01
00541.018,00541,01,Quy Mông,Thôn Quy Mông,thôn,quy_mong,18,2026_07,unverified,2026-07-01
00541.019,00541,01,Tế Xuyên,Thôn Tế Xuyên,thôn,te_xuyen,19,2026_07,unverified,2026-07-01
00541.020,00541,01,Thịnh Liên,Thôn Thịnh Liên,thôn,thinh_lien,20,2026_07,unverified,2026-07-01
00541.021,00541,01,Thượng,Thôn Thượng,thôn,thuong,21,2026_07,unverified,2026-07-01
00541.022,00541,01,Trung,Thôn Trung,thôn,trung,22,2026_07,unverified,2026-07-01
00541.023,00541,01,Trung Mầu,Thôn Trung Mầu,thôn,trung_mau,23,2026_07,unverified,2026-07-01
00541.024,00541,01,Trùng Quán,Thôn Trùng Quán,thôn,trung_quan,24,2026_07,unverified,2026-07-01
00541.025,00541,01,Vân,Thôn Vân,thôn,van,25,2026_07,unverified,2026-07-01
00541.026,00541,01,Xuân Dục,Thôn Xuân Dục,thôn,xuan_duc,26,2026_07,unverified,2026-07-01
00541.027,00541,01,Yên Hà,Thôn Yên Hà,thôn,yen_ha,27,2026_07,unverified,2026-07-01
00541.028,00541,01,Yên Khê,Thôn Yên Khê,thôn,yen_khe,28,2026_07,unverified,2026-07-01
00541.029,00541,01,Yên Tân,Thôn Yên Tân,thôn,yen_tan,29,2026_07,unverified,2026-07-01
00541.030,00541,01,Yên Viên,Thôn Yên Viên,thôn,yen_vien,30,2026_07,unverified,2026-07-01
00541.031,00541,01,Yên Xá,Thôn Yên Xá,thôn,yen_xa,31,2026_07,unverified,2026-07-01
00562.001,00562,01,1,Tổ dân phố 1,tổ dân phố,1,1,2026_07,unverified,2026-07-01
00562.002,00562,01,2,Tổ dân phố 2,tổ dân phố,2,2,2026_07,unverified,2026-07-01
00562.003,00562,01,3,Tổ dân phố 3,tổ dân phố,3,3,2026_07,unverified,2026-07-01
00562.004,00562,01,Bình Trù,Tổ dân phố Bình Trù,tổ dân phố,binh_tru,4,2026_07,unverified,2026-07-01
00562.005,00562,01,Dương Quang,Tổ dân phố Dương Quang,tổ dân phố,duong_quang,5,2026_07,unverified,2026-07-01
00562.006,00562,01,Đại Lạc,Tổ dân phố Đại Lạc,tổ dân phố,dai_lac,6,2026_07,unverified,2026-07-01
00562.007,00562,01,Đề Trụ,Tổ dân phố Đề Trụ,tổ dân phố,de_tru,7,2026_07,unverified,2026-07-01
00562.008,00562,01,Đổng Xuyên,Tổ dân phố Đổng Xuyên,tổ dân phố,dong_xuyen,8,2026_07,unverified,2026-07-01
00562.009,00562,01,Giao Tất,Tổ dân phố Giao Tất,tổ dân phố,giao_tat,9,2026_07,unverified,2026-07-01
00562.010,00562,01,Giao Tự,Tổ dân phố Giao Tự,tổ dân phố,giao_tu,10,2026_07,unverified,2026-07-01
00562.011,00562,01,Kim Đà,Tổ dân phố Kim Đà,tổ dân phố,kim_da,11,2026_07,unverified,2026-07-01
00562.012,00562,01,Kim Sen,Tổ dân phố Kim Sen,tổ dân phố,kim_sen,12,2026_07,unverified,2026-07-01
00562.013,00562,01,Kim Sơn,Tổ dân phố Kim Sơn,tổ dân phố,kim_son,13,2026_07,unverified,2026-07-01
00562.014,00562,01,Lam Khê,Tổ dân phố Lam Khê,tổ dân phố,lam_khe,14,2026_07,unverified,2026-07-01
00562.015,00562,01,Lâm Giang,Tổ dân phố Lâm Giang,tổ dân phố,lam_giang,15,2026_07,unverified,2026-07-01
00562.016,00562,01,Lê Đặng,Tổ dân phố Lê Đặng,tổ dân phố,le_dang,16,2026_07,unverified,2026-07-01
00562.017,00562,01,Lệ Chi,Tổ dân phố Lệ Chi,tổ dân phố,le_chi,17,2026_07,unverified,2026-07-01
00562.018,00562,01,Linh Quy,Tổ dân phố Linh Quy,tổ dân phố,linh_quy,18,2026_07,unverified,2026-07-01
00562.019,00562,01,Thiên Đức,Tổ dân phố Thiên Đức,tổ dân phố,thien_duc,19,2026_07,unverified,2026-07-01
00562.020,00562,01,Tô Khê,Tổ dân phố Tô Khê,tổ dân phố,to_khe,20,2026_07,unverified,2026-07-01
00562.021,00562,01,Trân Tảo,Tổ dân phố Trân Tảo,tổ dân phố,tran_tao,21,2026_07,unverified,2026-07-01
00562.022,00562,01,Yên Mỹ,Tổ dân phố Yên Mỹ,tổ dân phố,yen_my,22,2026_07,unverified,2026-07-01
00565.001,00565,01,1,Tổ dân phố 1,tổ dân phố,1,1,2026_07,unverified,2026-07-01
00565.002,00565,01,2,Tổ dân phố 2,tổ dân phố,2,2,2026_07,unverified,2026-07-01
00565.003,00565,01,3,Tổ dân phố 3,tổ dân phố,3,3,2026_07,unverified,2026-07-01
00565.004,00565,01,5,Tổ dân phố 5,tổ dân phố,5,4,2026_07,unverified,2026-07-01
00565.005,00565,01,6,Tổ dân phố 6,tổ dân phố,6,5,2026_07,unverified,2026-07-01
00565.006,00565,01,7,Tổ dân phố 7,tổ dân phố,7,6,2026_07,unverified,2026-07-01
00565.007,00565,01,An Đào,Tổ dân phố An Đào,tổ dân phố,an_dao,7,2026_07,unverified,2026-07-01
00565.008,00565,01,An Lạc,Tổ dân phố An Lạc,tổ dân phố,an_lac,8,2026_07,unverified,2026-07-01
00565.009,00565,01,Bình Minh,Tổ dân phố Bình Minh,tổ dân phố,binh_minh,9,2026_07,unverified,2026-07-01
00565.010,00565,01,Chính Trung,Tổ dân phố Chính Trung,tổ dân phố,chinh_trung,10,2026_07,unverified,2026-07-01
00565.011,00565,01,Cửu Việt,Tổ dân phố Cửu Việt,tổ dân phố,cuu_viet,11,2026_07,unverified,2026-07-01
00565.012,00565,01,Kiên Thành,Tổ dân phố Kiên Thành,tổ dân phố,kien_thanh,12,2026_07,unverified,2026-07-01
00565.013,00565,01,Nông Nghiệp,Tổ dân phố Nông Nghiệp,tổ dân phố,nong_nghiep,13,2026_07,unverified,2026-07-01
00565.014,00565,01,Thành Trung,Tổ dân phố Thành Trung,tổ dân phố,thanh_trung,14,2026_07,unverified,2026-07-01
00565.015,00565,01,Cam,Tổ dân phố Cam,tổ dân phố,cam,15,2026_07,unverified,2026-07-01
00565.016,00565,01,Dương Đanh,Tổ dân phố Dương Đanh,tổ dân phố,duong_danh,16,2026_07,unverified,2026-07-01
00565.017,00565,01,Dương Đá,Tổ dân phố Dương Đá,tổ dân phố,duong_da,17,2026_07,unverified,2026-07-01
00565.018,00565,01,Dương Đình,Tổ dân phố Dương Đình,tổ dân phố,duong_dinh,18,2026_07,unverified,2026-07-01
00565.019,00565,01,Gia Xuân,Tổ dân phố Gia Xuân,tổ dân phố,gia_xuan,19,2026_07,unverified,2026-07-01
00565.020,00565,01,Hoàng Chu Báo,Tổ dân phố Hoàng Chu Báo,tổ dân phố,hoang_chu_bao,20,2026_07,unverified,2026-07-01
00565.021,00565,01,Hội,Tổ dân phố Hội,tổ dân phố,hoi,21,2026_07,unverified,2026-07-01
00565.022,00565,01,Kiêu Kỵ,Tổ dân phố Kiêu Kỵ,tổ dân phố,kieu_ky,22,2026_07,unverified,2026-07-01
00565.023,00565,01,Phú Thị,Tổ dân phố Phú Thị,tổ dân phố,phu_thi,23,2026_07,unverified,2026-07-01
00565.024,00565,01,Thuận Quang,Tổ dân phố Thuận Quang,tổ dân phố,thuan_quang,24,2026_07,unverified,2026-07-01
00565.025,00565,01,Trung Dương,Tổ dân phố Trung Dương,tổ dân phố,trung_duong,25,2026_07,unverified,2026-07-01
00565.026,00565,01,Vàng,Tổ dân phố Vàng,tổ dân phố,vang,26,2026_07,unverified,2026-07-01
00565.027,00565,01,Yên Bình,Tổ dân phố Yên Bình,tổ dân phố,yen_binh,27,2026_07,unverified,2026-07-01
00577.001,00577,01,1 Kim Lan,Thôn 1 Kim Lan,thôn,1_kim_lan,1,2026_07,unverified,2026-07-01
00577.002,00577,01,2 Kim Lan,Thôn 2 Kim Lan,thôn,2_kim_lan,2,2026_07,unverified,2026-07-01
00577.003,00577,01,Bát Tràng,Thôn Bát Tràng,thôn,bat_trang,3,2026_07,unverified,2026-07-01
00577.004,00577,01,Chử Xá,Thôn Chử Xá,thôn,chu_xa,4,2026_07,unverified,2026-07-01
00577.005,00577,01,Đa Tốn,Thôn Đa Tốn,thôn,da_ton,5,2026_07,unverified,2026-07-01
00577.006,00577,01,Đào Xuyên,Thôn Đào Xuyên,thôn,dao_xuyen,6,2026_07,unverified,2026-07-01
00577.007,00577,01,Giang Cao,Thôn Giang Cao,thôn,giang_cao,7,2026_07,unverified,2026-07-01
00577.008,00577,01,Hạ Đông Dư,Thôn Hạ Đông Dư,thôn,ha_dong_du,8,2026_07,unverified,2026-07-01
00577.009,00577,01,Khoan Tế,Thôn Khoan Tế,thôn,khoan_te,9,2026_07,unverified,2026-07-01
00577.010,00577,01,Thuận Tốn,Thôn Thuận Tốn,thôn,thuan_ton,10,2026_07,unverified,2026-07-01
00577.011,00577,01,Thượng Đông Dư,Thôn Thượng Đông Dư,thôn,thuong_dong_du,11,2026_07,unverified,2026-07-01
00577.012,00577,01,Trung Quan,Thôn Trung Quan,thôn,trung_quan,12,2026_07,unverified,2026-07-01
00592.001,00592,01,1 Mai Dịch,Tổ dân phố 1 Mai Dịch,tổ dân phố,1_mai_dich,1,2026_07,unverified,2026-07-01
00592.002,00592,01,2 Mai Dịch,Tổ dân phố 2 Mai Dịch,tổ dân phố,2_mai_dich,2,2026_07,unverified,2026-07-01
00592.003,00592,01,3 Mai Dịch,Tổ dân phố 3 Mai Dịch,tổ dân phố,3_mai_dich,3,2026_07,unverified,2026-07-01
00592.004,00592,01,4 Mai Dịch,Tổ dân phố 4 Mai Dịch,tổ dân phố,4_mai_dich,4,2026_07,unverified,2026-07-01
00592.005,00592,01,5 Mai Dịch,Tổ dân phố 5 Mai Dịch,tổ dân phố,5_mai_dich,5,2026_07,unverified,2026-07-01
00592.006,00592,01,6 Cầu Diễn,Tổ dân phố 6 Cầu Diễn,tổ dân phố,6_cau_dien,6,2026_07,unverified,2026-07-01
00592.007,00592,01,7 Cầu Diễn,Tổ dân phố 7 Cầu Diễn,tổ dân phố,7_cau_dien,7,2026_07,unverified,2026-07-01
00592.008,00592,01,8 Cầu Diễn,Tổ dân phố 8 Cầu Diễn,tổ dân phố,8_cau_dien,8,2026_07,unverified,2026-07-01
00592.009,00592,01,9 Cầu Diễn,Tổ dân phố 9 Cầu Diễn,tổ dân phố,9_cau_dien,9,2026_07,unverified,2026-07-01
00592.010,00592,01,10 Cầu Diễn,Tổ dân phố 10 Cầu Diễn,tổ dân phố,10_cau_dien,10,2026_07,unverified,2026-07-01
00592.011,00592,01,11 Cầu Diễn,Tổ dân phố 11 Cầu Diễn,tổ dân phố,11_cau_dien,11,2026_07,unverified,2026-07-01
00592.012,00592,01,12 Cầu Diễn,Tổ dân phố 12 Cầu Diễn,tổ dân phố,12_cau_dien,12,2026_07,unverified,2026-07-01
00592.013,00592,01,13 Phú Đô,Tổ dân phố 13 Phú Đô,tổ dân phố,13_phu_do,13,2026_07,unverified,2026-07-01
00592.014,00592,01,14 Phú Đô,Tổ dân phố 14 Phú Đô,tổ dân phố,14_phu_do,14,2026_07,unverified,2026-07-01
00592.015,00592,01,15 Phú Đô,Tổ dân phố 15 Phú Đô,tổ dân phố,15_phu_do,15,2026_07,unverified,2026-07-01
00592.016,00592,01,16 Phú Đô,Tổ dân phố 16 Phú Đô,tổ dân phố,16_phu_do,16,2026_07,unverified,2026-07-01
00592.017,00592,01,17 Mễ Trì,Tổ dân phố 17 Mễ Trì,tổ dân phố,17_me_tri,17,2026_07,unverified,2026-07-01
00592.018,00592,01,18 Mễ Trì,Tổ dân phố 18 Mễ Trì,tổ dân phố,18_me_tri,18,2026_07,unverified,2026-07-01
00592.019,00592,01,19 Mễ Trì,Tổ dân phố 19 Mễ Trì,tổ dân phố,19_me_tri,19,2026_07,unverified,2026-07-01
00592.020,00592,01,20 Mễ Trì,Tổ dân phố 20 Mễ Trì,tổ dân phố,20_me_tri,20,2026_07,unverified,2026-07-01
00592.021,00592,01,21 Mễ Trì,Tổ dân phố 21 Mễ Trì,tổ dân phố,21_me_tri,21,2026_07,unverified,2026-07-01
00592.022,00592,01,22 Mễ Trì,Tổ dân phố 22 Mễ Trì,tổ dân phố,22_me_tri,22,2026_07,unverified,2026-07-01
00592.023,00592,01,23 Mễ Trì,Tổ dân phố 23 Mễ Trì,tổ dân phố,23_me_tri,23,2026_07,unverified,2026-07-01
00592.024,00592,01,24 Mễ Trì,Tổ dân phố 24 Mễ Trì,tổ dân phố,24_me_tri,24,2026_07,unverified,2026-07-01
00592.025,00592,01,25 Mỹ Đình,Tổ dân phố 25 Mỹ Đình,tổ dân phố,25_my_dinh,25,2026_07,unverified,2026-07-01
00592.026,00592,01,26 Mỹ Đình,Tổ dân phố 26 Mỹ Đình,tổ dân phố,26_my_dinh,26,2026_07,unverified,2026-07-01
00592.027,00592,01,27 Mỹ Đình,Tổ dân phố 27 Mỹ Đình,tổ dân phố,27_my_dinh,27,2026_07,unverified,2026-07-01
00592.028,00592,01,28 Mỹ Đình,Tổ dân phố 28 Mỹ Đình,tổ dân phố,28_my_dinh,28,2026_07,unverified,2026-07-01
00592.029,00592,01,29 Mỹ Đình,Tổ dân phố 29 Mỹ Đình,tổ dân phố,29_my_dinh,29,2026_07,unverified,2026-07-01
00592.030,00592,01,30 Mỹ Đình,Tổ dân phố 30 Mỹ Đình,tổ dân phố,30_my_dinh,30,2026_07,unverified,2026-07-01
00592.031,00592,01,31 Mỹ Đình,Tổ dân phố 31 Mỹ Đình,tổ dân phố,31_my_dinh,31,2026_07,unverified,2026-07-01
00592.032,00592,01,32 Mỹ Đình,Tổ dân phố 32 Mỹ Đình,tổ dân phố,32_my_dinh,32,2026_07,unverified,2026-07-01
00592.033,00592,01,33 Mỹ Đình,Tổ dân phố 33 Mỹ Đình,tổ dân phố,33_my_dinh,33,2026_07,unverified,2026-07-01
00592.034,00592,01,34 Mỹ Đình,Tổ dân phố 34 Mỹ Đình,tổ dân phố,34_my_dinh,34,2026_07,unverified,2026-07-01
00592.035,00592,01,35 Mỹ Đình,Tổ dân phố 35 Mỹ Đình,tổ dân phố,35_my_dinh,35,2026_07,unverified,2026-07-01
00592.036,00592,01,36 Mỹ Đình,Tổ dân phố 36 Mỹ Đình,tổ dân phố,36_my_dinh,36,2026_07,unverified,2026-07-01
00592.037,00592,01,37 Mỹ Đình,Tổ dân phố 37 Mỹ Đình,tổ dân phố,37_my_dinh,37,2026_07,unverified,2026-07-01
00592.038,00592,01,38 Mỹ Đình,Tổ dân phố 38 Mỹ Đình,tổ dân phố,38_my_dinh,38,2026_07,unverified,2026-07-01
00592.039,00592,01,39 Mỹ Đình,Tổ dân phố 39 Mỹ Đình,tổ dân phố,39_my_dinh,39,2026_07,unverified,2026-07-01
00611.001,00611,01,Xuân Trung,Tổ dân phố Xuân Trung,tổ dân phố,xuan_trung,1,2026_07,primary,2026-07-01
00611.002,00611,01,Cáo Đỉnh 1,Tổ dân phố Cáo Đỉnh 1,tổ dân phố,cao_dinh_1,2,2026_07,primary,2026-07-01
00611.003,00611,01,Cáo Đỉnh 2,Tổ dân phố Cáo Đỉnh 2,tổ dân phố,cao_dinh_2,3,2026_07,primary,2026-07-01
00611.004,00611,01,Xuân Lộc 1,Tổ dân phố Xuân Lộc 1,tổ dân phố,xuan_loc_1,4,2026_07,primary,2026-07-01
00611.005,00611,01,Xuân Lộc 2,Tổ dân phố Xuân Lộc 2,tổ dân phố,xuan_loc_2,5,2026_07,primary,2026-07-01
00611.006,00611,01,Xuân Lộc 3,Tổ dân phố Xuân Lộc 3,tổ dân phố,xuan_loc_3,6,2026_07,primary,2026-07-01
00611.007,00611,01,Xuân Nhang,Tổ dân phố Xuân Nhang,tổ dân phố,xuan_nhang,7,2026_07,primary,2026-07-01
00611.008,00611,01,Trung 1,Tổ dân phố Trung 1,tổ dân phố,trung_1,8,2026_07,primary,2026-07-01
00611.009,00611,01,Trung 2,Tổ dân phố Trung 2,tổ dân phố,trung_2,9,2026_07,primary,2026-07-01
00611.010,00611,01,Trung 3,Tổ dân phố Trung 3,tổ dân phố,trung_3,10,2026_07,primary,2026-07-01
00611.011,00611,01,Xuân Tảo 1,Tổ dân phố Xuân Tảo 1,tổ dân phố,xuan_tao_1,11,2026_07,primary,2026-07-01
00611.012,00611,01,Xuân Tảo 2,Tổ dân phố Xuân Tảo 2,tổ dân phố,xuan_tao_2,12,2026_07,primary,2026-07-01
00611.013,00611,01,Xuân Tảo 3,Tổ dân phố Xuân Tảo 3,tổ dân phố,xuan_tao_3,13,2026_07,primary,2026-07-01
00611.014,00611,01,Xuân Tảo 4,Tổ dân phố Xuân Tảo 4,tổ dân phố,xuan_tao_4,14,2026_07,primary,2026-07-01
00611.015,00611,01,Xuân Tảo 5,Tổ dân phố Xuân Tảo 5,tổ dân phố,xuan_tao_5,15,2026_07,primary,2026-07-01
00611.016,00611,01,Xuân Tảo 6,Tổ dân phố Xuân Tảo 6,tổ dân phố,xuan_tao_6,16,2026_07,primary,2026-07-01
00611.017,00611,01,Xuân Tảo 7,Tổ dân phố Xuân Tảo 7,tổ dân phố,xuan_tao_7,17,2026_07,primary,2026-07-01
00611.018,00611,01,Xuân Tảo 8,Tổ dân phố Xuân Tảo 8,tổ dân phố,xuan_tao_8,18,2026_07,primary,2026-07-01
00611.019,00611,01,Xuân Tảo 9,Tổ dân phố Xuân Tảo 9,tổ dân phố,xuan_tao_9,19,2026_07,primary,2026-07-01
00611.020,00611,01,Xuân La 1,Tổ dân phố Xuân La 1,tổ dân phố,xuan_la_1,20,2026_07,primary,2026-07-01
00611.021,00611,01,Xuân La 2,Tổ dân phố Xuân La 2,tổ dân phố,xuan_la_2,21,2026_07,primary,2026-07-01
00611.022,00611,01,Cổ Nhuế Hoàng,Tổ dân phố Cổ Nhuế Hoàng,tổ dân phố,co_nhue_hoang,22,2026_07,primary,2026-07-01
00613.001,00613,01,Hạ 1,Tổ dân phố Hạ 1,tổ dân phố,ha_1,1,2026_07,unverified,2026-07-01
00613.002,00613,01,Hạ 2,Tổ dân phố Hạ 2,tổ dân phố,ha_2,2,2026_07,unverified,2026-07-01
00613.003,00613,01,Minh Khai,Tổ dân phố Minh Khai,tổ dân phố,minh_khai,3,2026_07,unverified,2026-07-01
00613.004,00613,01,Ngọa Long,Tổ dân phố Ngọa Long,tổ dân phố,ngoa_long,4,2026_07,unverified,2026-07-01
00613.005,00613,01,Nguyên Xá 1,Tổ dân phố Nguyên Xá 1,tổ dân phố,nguyen_xa_1,5,2026_07,unverified,2026-07-01
00613.006,00613,01,Nguyên Xá 2,Tổ dân phố Nguyên Xá 2,tổ dân phố,nguyen_xa_2,6,2026_07,unverified,2026-07-01
00613.007,00613,01,Phúc Lý 1,Tổ dân phố Phúc Lý 1,tổ dân phố,phuc_ly_1,7,2026_07,unverified,2026-07-01
00613.008,00613,01,Phúc Lý 2,Tổ dân phố Phúc Lý 2,tổ dân phố,phuc_ly_2,8,2026_07,unverified,2026-07-01
00613.009,00613,01,Thượng 1,Tổ dân phố Thượng 1,tổ dân phố,thuong_1,9,2026_07,unverified,2026-07-01
00613.010,00613,01,Thượng 2,Tổ dân phố Thượng 2,tổ dân phố,thuong_2,10,2026_07,unverified,2026-07-01
00613.011,00613,01,Trung 1,Tổ dân phố Trung 1,tổ dân phố,trung_1,11,2026_07,unverified,2026-07-01
00613.012,00613,01,Trung 2,Tổ dân phố Trung 2,tổ dân phố,trung_2,12,2026_07,unverified,2026-07-01
00613.013,00613,01,Văn Trì 1,Tổ dân phố Văn Trì 1,tổ dân phố,van_tri_1,13,2026_07,unverified,2026-07-01
00613.014,00613,01,Văn Trì 2,Tổ dân phố Văn Trì 2,tổ dân phố,van_tri_2,14,2026_07,unverified,2026-07-01
00622.001,00622,01,1 Thị Cấm,Tổ dân phố 1 Thị Cấm,tổ dân phố,1_thi_cam,1,2026_07,unverified,2026-07-01
00622.002,00622,01,2 Thị Cấm,Tổ dân phố 2 Thị Cấm,tổ dân phố,2_thi_cam,2,2026_07,unverified,2026-07-01
00622.003,00622,01,3 Ngọc Mạch,Tổ dân phố 3 Ngọc Mạch,tổ dân phố,3_ngoc_mach,3,2026_07,unverified,2026-07-01
00622.004,00622,01,4 Ngọc Mạch,Tổ dân phố 4 Ngọc Mạch,tổ dân phố,4_ngoc_mach,4,2026_07,unverified,2026-07-01
00622.005,00622,01,5 Ngọc Mạch,Tổ dân phố 5 Ngọc Mạch,tổ dân phố,5_ngoc_mach,5,2026_07,unverified,2026-07-01
00622.006,00622,01,6 Hòe Thị,Tổ dân phố 6 Hòe Thị,tổ dân phố,6_hoe_thi,6,2026_07,unverified,2026-07-01
00622.007,00622,01,7 Hòe Thị,Tổ dân phố 7 Hòe Thị,tổ dân phố,7_hoe_thi,7,2026_07,unverified,2026-07-01
00622.008,00622,01,8 Hòe Thị,Tổ dân phố 8 Hòe Thị,tổ dân phố,8_hoe_thi,8,2026_07,unverified,2026-07-01
00622.009,00622,01,9 Hòe Thị,Tổ dân phố 9 Hòe Thị,tổ dân phố,9_hoe_thi,9,2026_07,unverified,2026-07-01
00622.010,00622,01,10 Tu Hoàng,Tổ dân phố 10 Tu Hoàng,tổ dân phố,10_tu_hoang,10,2026_07,unverified,2026-07-01
00622.011,00622,01,11 Tu Hoàng,Tổ dân phố 11 Tu Hoàng,tổ dân phố,11_tu_hoang,11,2026_07,unverified,2026-07-01
00622.012,00622,01,12 Tu Hoàng,Tổ dân phố 12 Tu Hoàng,tổ dân phố,12_tu_hoang,12,2026_07,unverified,2026-07-01
00622.013,00622,01,13 Kiều Mai,Tổ dân phố 13 Kiều Mai,tổ dân phố,13_kieu_mai,13,2026_07,unverified,2026-07-01
00622.014,00622,01,14 Kiều Mai,Tổ dân phố 14 Kiều Mai,tổ dân phố,14_kieu_mai,14,2026_07,unverified,2026-07-01
00622.015,00622,01,15 Phúc Diễn,Tổ dân phố 15 Phúc Diễn,tổ dân phố,15_phuc_dien,15,2026_07,unverified,2026-07-01
00622.016,00622,01,16 Phúc Diễn,Tổ dân phố 16 Phúc Diễn,tổ dân phố,16_phuc_dien,16,2026_07,unverified,2026-07-01
00622.017,00622,01,17 Phúc Diễn,Tổ dân phố 17 Phúc Diễn,tổ dân phố,17_phuc_dien,17,2026_07,unverified,2026-07-01
00622.018,00622,01,18,Tổ dân phố 18,tổ dân phố,18,18,2026_07,unverified,2026-07-01
00622.019,00622,01,19 Miêu Nha,Tổ dân phố 19 Miêu Nha,tổ dân phố,19_mieu_nha,19,2026_07,unverified,2026-07-01
00622.020,00622,01,20 Miêu Nha,Tổ dân phố 20 Miêu Nha,tổ dân phố,20_mieu_nha,20,2026_07,unverified,2026-07-01
00634.001,00634,01,9,Tổ dân phố 9,tổ dân phố,9,1,2026_07,unverified,2026-07-01
00634.002,00634,01,10,Tổ dân phố 10,tổ dân phố,10,2,2026_07,unverified,2026-07-01
00634.003,00634,01,11,Tổ dân phố 11,tổ dân phố,11,3,2026_07,unverified,2026-07-01
00634.004,00634,01,12,Tổ dân phố 12,tổ dân phố,12,4,2026_07,unverified,2026-07-01
00634.005,00634,01,13,Tổ dân phố 13,tổ dân phố,13,5,2026_07,unverified,2026-07-01
00634.006,00634,01,14,Tổ dân phố 14,tổ dân phố,14,6,2026_07,unverified,2026-07-01
00634.007,00634,01,15,Tổ dân phố 15,tổ dân phố,15,7,2026_07,unverified,2026-07-01
00634.008,00634,01,16,Tổ dân phố 16,tổ dân phố,16,8,2026_07,unverified,2026-07-01
00634.009,00634,01,17,Tổ dân phố 17,tổ dân phố,17,9,2026_07,unverified,2026-07-01
00634.010,00634,01,Chợ,Tổ dân phố Chợ,tổ dân phố,cho,10,2026_07,unverified,2026-07-01
00634.011,00634,01,Đình,Tổ dân phố Đình,tổ dân phố,dinh,11,2026_07,unverified,2026-07-01
00634.012,00634,01,Liên Hợp,Tổ dân phố Liên Hợp,tổ dân phố,lien_hop,12,2026_07,unverified,2026-07-01
00634.013,00634,01,Ngang,Tổ dân phố Ngang,tổ dân phố,ngang,13,2026_07,unverified,2026-07-01
00634.014,00634,01,Phú Thứ,Tổ dân phố Phú Thứ,tổ dân phố,phu_thu,14,2026_07,unverified,2026-07-01
00634.015,00634,01,Quang Tiến,Tổ dân phố Quang Tiến,tổ dân phố,quang_tien,15,2026_07,unverified,2026-07-01
00634.016,00634,01,Tháp,Tổ dân phố Tháp,tổ dân phố,thap,16,2026_07,unverified,2026-07-01
00634.017,00634,01,Thống Nhất,Tổ dân phố Thống Nhất,tổ dân phố,thong_nhat,17,2026_07,unverified,2026-07-01
00634.018,00634,01,Tó,Tổ dân phố Tó,tổ dân phố,to,18,2026_07,unverified,2026-07-01
00637.001,00637,01,1 Đại Mỗ,Tổ dân phố 1 Đại Mỗ,tổ dân phố,1_dai_mo,1,2026_07,unverified,2026-07-01
00637.002,00637,01,2 Đại Mỗ,Tổ dân phố 2 Đại Mỗ,tổ dân phố,2_dai_mo,2,2026_07,unverified,2026-07-01
00637.003,00637,01,1 Mễ Trì,Tổ dân phố 1 Mễ Trì,tổ dân phố,1_me_tri,3,2026_07,unverified,2026-07-01
00637.004,00637,01,1 Mộ Lao,Tổ dân phố 1 Mộ Lao,tổ dân phố,1_mo_lao,4,2026_07,unverified,2026-07-01
00637.005,00637,01,2 Mộ Lao,Tổ dân phố 2 Mộ Lao,tổ dân phố,2_mo_lao,5,2026_07,unverified,2026-07-01
00637.006,00637,01,1 Ngọc Trục,Tổ dân phố 1 Ngọc Trục,tổ dân phố,1_ngoc_truc,6,2026_07,unverified,2026-07-01
00637.007,00637,01,2 Ngọc Trục,Tổ dân phố 2 Ngọc Trục,tổ dân phố,2_ngoc_truc,7,2026_07,unverified,2026-07-01
00637.008,00637,01,1 Phùng Khoan,Tổ dân phố 1 Phùng Khoan,tổ dân phố,1_phung_khoan,8,2026_07,unverified,2026-07-01
00637.009,00637,01,2 Phùng Khoan,Tổ dân phố 2 Phùng Khoan,tổ dân phố,2_phung_khoan,9,2026_07,unverified,2026-07-01
00637.010,00637,01,1 Trung Hòa,Tổ dân phố 1 Trung Hòa,tổ dân phố,1_trung_hoa,10,2026_07,unverified,2026-07-01
00637.011,00637,01,2 Trung Hòa,Tổ dân phố 2 Trung Hòa,tổ dân phố,2_trung_hoa,11,2026_07,unverified,2026-07-01
00637.012,00637,01,1 Trung Văn,Tổ dân phố 1 Trung Văn,tổ dân phố,1_trung_van,12,2026_07,unverified,2026-07-01
00637.013,00637,01,2 Trung Văn,Tổ dân phố 2 Trung Văn,tổ dân phố,2_trung_van,13,2026_07,unverified,2026-07-01
00637.014,00637,01,3 Trung Văn,Tổ dân phố 3 Trung Văn,tổ dân phố,3_trung_van,14,2026_07,unverified,2026-07-01
00637.015,00637,01,4 Trung Văn,Tổ dân phố 4 Trung Văn,tổ dân phố,4_trung_van,15,2026_07,unverified,2026-07-01
00637.016,00637,01,5 Trung Văn,Tổ dân phố 5 Trung Văn,tổ dân phố,5_trung_van,16,2026_07,unverified,2026-07-01
00637.017,00637,01,6 Trung Văn,Tổ dân phố 6 Trung Văn,tổ dân phố,6_trung_van,17,2026_07,unverified,2026-07-01
00637.018,00637,01,7 Trung Văn,Tổ dân phố 7 Trung Văn,tổ dân phố,7_trung_van,18,2026_07,unverified,2026-07-01
00637.019,00637,01,8 Trung Văn,Tổ dân phố 8 Trung Văn,tổ dân phố,8_trung_van,19,2026_07,unverified,2026-07-01
00637.020,00637,01,9 Trung Văn,Tổ dân phố 9 Trung Văn,tổ dân phố,9_trung_van,20,2026_07,unverified,2026-07-01
00637.021,00637,01,10 Trung Văn,Tổ dân phố 10 Trung Văn,tổ dân phố,10_trung_van,21,2026_07,unverified,2026-07-01
00637.022,00637,01,Liên Cơ,Tổ dân phố Liên Cơ,tổ dân phố,lien_co,22,2026_07,unverified,2026-07-01
00637.023,00637,01,Ngọc Đại,Tổ dân phố Ngọc Đại,tổ dân phố,ngoc_dai,23,2026_07,unverified,2026-07-01
00637.024,00637,01,Nhân Chính,Tổ dân phố Nhân Chính,tổ dân phố,nhan_chinh,24,2026_07,unverified,2026-07-01
00637.025,00637,01,Vinhomes Greenbay,Tổ dân phố Vinhomes Greenbay,tổ dân phố,vinhomes_greenbay,25,2026_07,unverified,2026-07-01
00640.001,00640,01,Hưng Phúc,Tổ dân phố Hưng Phúc,tổ dân phố,hung_phuc,1,2026_07,unverified,2026-07-01
00640.002,00640,01,Minh Châu,Tổ dân phố Minh Châu,tổ dân phố,minh_chau,2,2026_07,unverified,2026-07-01
00640.003,00640,01,Ngũ Hiệp,Tổ dân phố Ngũ Hiệp,tổ dân phố,ngu_hiep,3,2026_07,unverified,2026-07-01
00640.004,00640,01,Quang Lai,Tổ dân phố Quang Lai,tổ dân phố,quang_lai,4,2026_07,unverified,2026-07-01
00640.005,00640,01,Quyết Thắng,Tổ dân phố Quyết Thắng,tổ dân phố,quyet_thang,5,2026_07,unverified,2026-07-01
00640.006,00640,01,Tân Hiệp,Tổ dân phố Tân Hiệp,tổ dân phố,tan_hiep,6,2026_07,unverified,2026-07-01
00640.007,00640,01,Thanh Bình,Tổ dân phố Thanh Bình,tổ dân phố,thanh_binh,7,2026_07,unverified,2026-07-01
00640.008,00640,01,Thanh Trì,Tổ dân phố Thanh Trì,tổ dân phố,thanh_tri,8,2026_07,unverified,2026-07-01
00640.009,00640,01,Văn Điển,Tổ dân phố Văn Điển,tổ dân phố,van_dien,9,2026_07,unverified,2026-07-01
00640.010,00640,01,Vĩnh Hưng,Tổ dân phố Vĩnh Hưng,tổ dân phố,vinh_hung,10,2026_07,unverified,2026-07-01
00640.011,00640,01,Vĩnh Phúc,Tổ dân phố Vĩnh Phúc,tổ dân phố,vinh_phuc,11,2026_07,unverified,2026-07-01
00640.012,00640,01,Vĩnh Thịnh,Tổ dân phố Vĩnh Thịnh,tổ dân phố,vinh_thinh,12,2026_07,unverified,2026-07-01
00640.013,00640,01,1 Yên Mỹ,Tổ dân phố 1 Yên Mỹ,tổ dân phố,1_yen_my,13,2026_07,unverified,2026-07-01
00640.014,00640,01,2 Yên Mỹ,Tổ dân phố 2 Yên Mỹ,tổ dân phố,2_yen_my,14,2026_07,unverified,2026-07-01
00640.015,00640,01,Cổ Điển A,Tổ dân phố Cổ Điển A,tổ dân phố,co_dien_a,15,2026_07,unverified,2026-07-01
00640.016,00640,01,Đồng Trì,Tổ dân phố Đồng Trì,tổ dân phố,dong_tri,16,2026_07,unverified,2026-07-01
00640.017,00640,01,Lưu Phái,Tổ dân phố Lưu Phái,tổ dân phố,luu_phai,17,2026_07,unverified,2026-07-01
00640.018,00640,01,Tứ Hiệp,Tổ dân phố Tứ Hiệp,tổ dân phố,tu_hiep,18,2026_07,unverified,2026-07-01
00640.019,00640,01,Tự Khoát,Tổ dân phố Tự Khoát,tổ dân phố,tu_khoat,19,2026_07,unverified,2026-07-01
00643.001,00643,01,1 Hạ Đình,Tổ dân phố 1 Hạ Đình,tổ dân phố,1_ha_dinh,1,2026_07,unverified,2026-07-01
00643.002,00643,01,2 Hạ Đình,Tổ dân phố 2 Hạ Đình,tổ dân phố,2_ha_dinh,2,2026_07,unverified,2026-07-01
00643.003,00643,01,1 Thanh Xuân Nam,Tổ dân phố 1 Thanh Xuân Nam,tổ dân phố,1_thanh_xuan_nam,3,2026_07,unverified,2026-07-01
00643.004,00643,01,2 Thanh Xuân Nam,Tổ dân phố 2 Thanh Xuân Nam,tổ dân phố,2_thanh_xuan_nam,4,2026_07,unverified,2026-07-01
00643.005,00643,01,3 Thanh Xuân Nam,Tổ dân phố 3 Thanh Xuân Nam,tổ dân phố,3_thanh_xuan_nam,5,2026_07,unverified,2026-07-01
00643.006,00643,01,4 Thanh Xuân Nam,Tổ dân phố 4 Thanh Xuân Nam,tổ dân phố,4_thanh_xuan_nam,6,2026_07,unverified,2026-07-01
00643.007,00643,01,1 Triều Khúc,Tổ dân phố 1 Triều Khúc,tổ dân phố,1_trieu_khuc,7,2026_07,unverified,2026-07-01
00643.008,00643,01,2 Triều Khúc,Tổ dân phố 2 Triều Khúc,tổ dân phố,2_trieu_khuc,8,2026_07,unverified,2026-07-01
00643.009,00643,01,3 Triều Khúc,Tổ dân phố 3 Triều Khúc,tổ dân phố,3_trieu_khuc,9,2026_07,unverified,2026-07-01
00643.010,00643,01,1 Yên Xá,Tổ dân phố 1 Yên Xá,tổ dân phố,1_yen_xa,10,2026_07,unverified,2026-07-01
00643.011,00643,01,2 Yên Xá,Tổ dân phố 2 Yên Xá,tổ dân phố,2_yen_xa,11,2026_07,unverified,2026-07-01
00643.012,00643,01,Cầu Bươu,Tổ dân phố Cầu Bươu,tổ dân phố,cau_buou,12,2026_07,unverified,2026-07-01
00643.013,00643,01,Đường Chiến Thắng,Tổ dân phố Đường Chiến Thắng,tổ dân phố,duong_chien_thang,13,2026_07,unverified,2026-07-01
00643.014,00643,01,Tây Nam Kim Giang,Tổ dân phố Tây Nam Kim Giang,tổ dân phố,tay_nam_kim_giang,14,2026_07,unverified,2026-07-01
00643.015,00643,01,Thanh Châu,Tổ dân phố Thanh Châu,tổ dân phố,thanh_chau,15,2026_07,unverified,2026-07-01
00643.016,00643,01,Thượng,Tổ dân phố Thượng,tổ dân phố,thuong,16,2026_07,unverified,2026-07-01
00643.017,00643,01,Tổng cục V,Tổ dân phố Tổng cục V,tổ dân phố,tong_cuc_v,17,2026_07,unverified,2026-07-01
00643.018,00643,01,Văn,Tổ dân phố Văn,tổ dân phố,van,18,2026_07,unverified,2026-07-01
00643.019,00643,01,Vực,Tổ dân phố Vực,tổ dân phố,vuc,19,2026_07,unverified,2026-07-01
00664.001,00664,01,8 Tả Thanh Oai,Thôn 8 Tả Thanh Oai,thôn,8_ta_thanh_oai,1,2026_07,unverified,2026-07-01
00664.002,00664,01,10 Tả Thanh Oai,Thôn 10 Tả Thanh Oai,thôn,10_ta_thanh_oai,2,2026_07,unverified,2026-07-01
00664.003,00664,01,Cầu Bươu,Thôn Cầu Bươu,thôn,cau_buou,3,2026_07,unverified,2026-07-01
00664.004,00664,01,Huỳnh Cung,Thôn Huỳnh Cung,thôn,huynh_cung,4,2026_07,unverified,2026-07-01
00664.005,00664,01,Hữu Lê,Thôn Hữu Lê,thôn,huu_le,5,2026_07,unverified,2026-07-01
00664.006,00664,01,Hữu Thanh Oai,Thôn Hữu Thanh Oai,thôn,huu_thanh_oai,6,2026_07,unverified,2026-07-01
00664.007,00664,01,Hữu Từ,Thôn Hữu Từ,thôn,huu_tu,7,2026_07,unverified,2026-07-01
00664.008,00664,01,Ích Vịnh,Thôn Ích Vịnh,thôn,ich_vinh,8,2026_07,unverified,2026-07-01
00664.009,00664,01,Nhân Hòa,Thôn Nhân Hòa,thôn,nhan_hoa,9,2026_07,unverified,2026-07-01
00664.010,00664,01,Phú Diễn,Thôn Phú Diễn,thôn,phu_dien,10,2026_07,unverified,2026-07-01
00664.011,00664,01,Quỳnh Đô,Thôn Quỳnh Đô,thôn,quynh_do,11,2026_07,unverified,2026-07-01
00664.012,00664,01,Siêu Quần,Thôn Siêu Quần,thôn,sieu_quan,12,2026_07,unverified,2026-07-01
00664.013,00664,01,Tả Thanh Oai,Thôn Tả Thanh Oai,thôn,ta_thanh_oai,13,2026_07,unverified,2026-07-01
00664.014,00664,01,Tập thể Phân Lân – 105,Thôn Tập thể Phân Lân – 105,thôn,tap_the_phan_lan_105,14,2026_07,unverified,2026-07-01
00664.015,00664,01,Tập thể Pin,Thôn Tập thể Pin,thôn,tap_the_pin,15,2026_07,unverified,2026-07-01
00664.016,00664,01,Tập thể Yên Ngưu,Thôn Tập thể Yên Ngưu,thôn,tap_the_yen_nguu,16,2026_07,unverified,2026-07-01
00664.017,00664,01,Thượng Phúc,Thôn Thượng Phúc,thôn,thuong_phuc,17,2026_07,unverified,2026-07-01
00664.018,00664,01,Vĩnh Ninh,Thôn Vĩnh Ninh,thôn,vinh_ninh,18,2026_07,unverified,2026-07-01
00664.019,00664,01,Yên Ngưu,Thôn Yên Ngưu,thôn,yen_nguu,19,2026_07,unverified,2026-07-01
00679.001,00679,01,1,Thôn 1,thôn,1,1,2026_07,unverified,2026-07-01
00679.002,00679,01,591,Thôn 591,thôn,591,2,2026_07,unverified,2026-07-01
00679.003,00679,01,Đại Áng,Thôn Đại Áng,thôn,dai_ang,3,2026_07,unverified,2026-07-01
00679.004,00679,01,Lạc Thị,Thôn Lạc Thị,thôn,lac_thi,4,2026_07,unverified,2026-07-01
00679.005,00679,01,Ngọc Hồi,Thôn Ngọc Hồi,thôn,ngoc_hoi,5,2026_07,unverified,2026-07-01
00679.006,00679,01,Nguyệt Áng,Thôn Nguyệt Áng,thôn,nguyet_ang,6,2026_07,unverified,2026-07-01
00679.007,00679,01,Nhị Xuân,Thôn Nhị Xuân,thôn,nhi_xuan,7,2026_07,unverified,2026-07-01
00679.008,00679,01,Phúc Am,Thôn Phúc Am,thôn,phuc_am,8,2026_07,unverified,2026-07-01
00679.009,00679,01,Phương Nhị,Thôn Phương Nhị,thôn,phuong_nhi,9,2026_07,unverified,2026-07-01
00679.010,00679,01,Vĩnh Thịnh,Thôn Vĩnh Thịnh,thôn,vinh_thinh,10,2026_07,unverified,2026-07-01
00679.011,00679,01,Vĩnh Trung,Thôn Vĩnh Trung,thôn,vinh_trung,11,2026_07,unverified,2026-07-01
00679.012,00679,01,Yên Kiện,Thôn Yên Kiện,thôn,yen_kien,12,2026_07,unverified,2026-07-01
00679.013,00679,01,Yên Phú,Thôn Yên Phú,thôn,yen_phu,13,2026_07,unverified,2026-07-01
00685.001,00685,01,1 Đông Mỹ,Thôn 1 Đông Mỹ,thôn,1_dong_my,1,2026_07,unverified,2026-07-01
00685.002,00685,01,2 Đông Mỹ,Thôn 2 Đông Mỹ,thôn,2_dong_my,2,2026_07,unverified,2026-07-01
00685.003,00685,01,3 Đông Mỹ,Thôn 3 Đông Mỹ,thôn,3_dong_my,3,2026_07,unverified,2026-07-01
00685.004,00685,01,1 Vạn Phúc,Thôn 1 Vạn Phúc,thôn,1_van_phuc,4,2026_07,unverified,2026-07-01
00685.005,00685,01,2 Vạn Phúc,Thôn 2 Vạn Phúc,thôn,2_van_phuc,5,2026_07,unverified,2026-07-01
00685.006,00685,01,3 Vạn Phúc,Thôn 3 Vạn Phúc,thôn,3_van_phuc,6,2026_07,unverified,2026-07-01
00685.007,00685,01,Đại Lan,Thôn Đại Lan,thôn,dai_lan,7,2026_07,unverified,2026-07-01
00685.008,00685,01,Đông Trạch,Thôn Đông Trạch,thôn,dong_trach,8,2026_07,unverified,2026-07-01
00685.009,00685,01,Nội Am,Thôn Nội Am,thôn,noi_am,9,2026_07,unverified,2026-07-01
00685.010,00685,01,Thọ Am,Thôn Thọ Am,thôn,tho_am,10,2026_07,unverified,2026-07-01
00685.011,00685,01,Tương Chúc,Thôn Tương Chúc,thôn,tuong_chuc,11,2026_07,unverified,2026-07-01
00685.012,00685,01,Văn Uyên – Tranh Khúc,Thôn Văn Uyên – Tranh Khúc,thôn,van_uyen_tranh_khuc,12,2026_07,unverified,2026-07-01
00685.013,00685,01,Việt Yên,Thôn Việt Yên,thôn,viet_yen,13,2026_07,unverified,2026-07-01
04792.001,04792,25,1,Tổ dân phố 1,tổ dân phố,1,1,2026_07,unverified,2026-07-01
04792.002,04792,25,2,Tổ dân phố 2,tổ dân phố,2,2,2026_07,unverified,2026-07-01
04792.003,04792,25,3,Tổ dân phố 3,tổ dân phố,3,3,2026_07,unverified,2026-07-01
04792.004,04792,25,4,Tổ dân phố 4,tổ dân phố,4,4,2026_07,unverified,2026-07-01
04792.005,04792,25,5,Tổ dân phố 5,tổ dân phố,5,5,2026_07,unverified,2026-07-01
04792.006,04792,25,6,Tổ dân phố 6,tổ dân phố,6,6,2026_07,unverified,2026-07-01
04792.007,04792,25,7,Tổ dân phố 7,tổ dân phố,7,7,2026_07,unverified,2026-07-01
04792.008,04792,25,8,Tổ dân phố 8,tổ dân phố,8,8,2026_07,unverified,2026-07-01
04792.009,04792,25,9,Tổ dân phố 9,tổ dân phố,9,9,2026_07,unverified,2026-07-01
04792.010,04792,25,10,Tổ dân phố 10,tổ dân phố,10,10,2026_07,unverified,2026-07-01
04792.011,04792,25,11,Tổ dân phố 11,tổ dân phố,11,11,2026_07,unverified,2026-07-01
04795.001,04795,25,1,Tổ dân phố 1,tổ dân phố,1,1,2026_07,unverified,2026-07-01
04795.002,04795,25,2,Tổ dân phố 2,tổ dân phố,2,2,2026_07,unverified,2026-07-01
04795.003,04795,25,3,Tổ dân phố 3,tổ dân phố,3,3,2026_07,unverified,2026-07-01
04795.004,04795,25,4,Tổ dân phố 4,tổ dân phố,4,4,2026_07,unverified,2026-07-01
04795.005,04795,25,5,Tổ dân phố 5,tổ dân phố,5,5,2026_07,unverified,2026-07-01
04795.006,04795,25,6,Tổ dân phố 6,tổ dân phố,6,6,2026_07,unverified,2026-07-01
04795.007,04795,25,7,Tổ dân phố 7,tổ dân phố,7,7,2026_07,unverified,2026-07-01
04795.008,04795,25,8,Tổ dân phố 8,tổ dân phố,8,8,2026_07,unverified,2026-07-01
04795.009,04795,25,9,Tổ dân phố 9,tổ dân phố,9,9,2026_07,unverified,2026-07-01
04795.010,04795,25,10,Tổ dân phố 10,tổ dân phố,10,10,2026_07,unverified,2026-07-01
04795.011,04795,25,11,Tổ dân phố 11,tổ dân phố,11,11,2026_07,unverified,2026-07-01
04795.012,04795,25,12,Tổ dân phố 12,tổ dân phố,12,12,2026_07,unverified,2026-07-01
04795.013,04795,25,13,Tổ dân phố 13,tổ dân phố,13,13,2026_07,unverified,2026-07-01
04795.014,04795,25,14,Tổ dân phố 14,tổ dân phố,14,14,2026_07,unverified,2026-07-01
04795.015,04795,25,15,Tổ dân phố 15,tổ dân phố,15,15,2026_07,unverified,2026-07-01
04795.016,04795,25,16,Tổ dân phố 16,tổ dân phố,16,16,2026_07,unverified,2026-07-01
04795.017,04795,25,17,Tổ dân phố 17,tổ dân phố,17,17,2026_07,unverified,2026-07-01
04795.018,04795,25,18,Tổ dân phố 18,tổ dân phố,18,18,2026_07,unverified,2026-07-01
04795.019,04795,25,19,Tổ dân phố 19,tổ dân phố,19,19,2026_07,unverified,2026-07-01
04795.020,04795,25,20,Tổ dân phố 20,tổ dân phố,20,20,2026_07,unverified,2026-07-01
04795.021,04795,25,21,Tổ dân phố 21,tổ dân phố,21,21,2026_07,unverified,2026-07-01
04795.022,04795,25,22,Tổ dân phố 22,tổ dân phố,22,22,2026_07,unverified,2026-07-01
04795.023,04795,25,23,Tổ dân phố 23,tổ dân phố,23,23,2026_07,unverified,2026-07-01
04795.024,04795,25,24,Tổ dân phố 24,tổ dân phố,24,24,2026_07,unverified,2026-07-01
04795.025,04795,25,25,Tổ dân phố 25,tổ dân phố,25,25,2026_07,unverified,2026-07-01
04795.026,04795,25,26,Tổ dân phố 26,tổ dân phố,26,26,2026_07,unverified,2026-07-01
04795.027,04795,25,27,Tổ dân phố 27,tổ dân phố,27,27,2026_07,unverified,2026-07-01
04795.028,04795,25,28,Tổ dân phố 28,tổ dân phố,28,28,2026_07,unverified,2026-07-01
04795.029,04795,25,29,Tổ dân phố 29,tổ dân phố,29,29,2026_07,unverified,2026-07-01
04795.030,04795,25,30,Tổ dân phố 30,tổ dân phố,30,30,2026_07,unverified,2026-07-01
04795.031,04795,25,31,Tổ dân phố 31,tổ dân phố,31,31,2026_07,unverified,2026-07-01
04795.032,04795,25,32,Tổ dân phố 32,tổ dân phố,32,32,2026_07,unverified,2026-07-01
04795.033,04795,25,33,Tổ dân phố 33,tổ dân phố,33,33,2026_07,unverified,2026-07-01
04795.034,04795,25,34,Tổ dân phố 34,tổ dân phố,34,34,2026_07,unverified,2026-07-01
04795.035,04795,25,35,Tổ dân phố 35,tổ dân phố,35,35,2026_07,unverified,2026-07-01
04795.036,04795,25,36,Tổ dân phố 36,tổ dân phố,36,36,2026_07,unverified,2026-07-01
04795.037,04795,25,37,Tổ dân phố 37,tổ dân phố,37,37,2026_07,unverified,2026-07-01
04795.038,04795,25,38,Tổ dân phố 38,tổ dân phố,38,38,2026_07,unverified,2026-07-01
04795.039,04795,25,39,Tổ dân phố 39,tổ dân phố,39,39,2026_07,unverified,2026-07-01
04795.040,04795,25,40,Tổ dân phố 40,tổ dân phố,40,40,2026_07,unverified,2026-07-01
04846.001,04846,25,Ấm,Xóm Ấm,xóm,am,1,truoc_2026_07,unverified,
04846.002,04846,25,Bàn Hạ,Xóm Bàn Hạ,xóm,ban_ha,2,truoc_2026_07,unverified,
04846.003,04846,25,Bưa Cốc,Xóm Bưa Cốc,xóm,bua_coc,3,truoc_2026_07,unverified,
04846.004,04846,25,Bưa Sen,Xóm Bưa Sen,xóm,bua_sen,4,truoc_2026_07,unverified,
04846.005,04846,25,Chiềng Cang,Xóm Chiềng Cang,xóm,chieng_cang,5,truoc_2026_07,unverified,
04846.006,04846,25,Chum Nưa,Xóm Chum Nưa,xóm,chum_nua,6,truoc_2026_07,unverified,
04846.007,04846,25,Cơi,Xóm Cơi,xóm,coi,7,truoc_2026_07,unverified,
04846.008,04846,25,Duốc,Xóm Duốc,xóm,duoc,8,truoc_2026_07,unverified,
04846.009,04846,25,Đăm,Xóm Đăm,xóm,dam,9,truoc_2026_07,unverified,
04846.010,04846,25,Đầm Phế,Xóm Đầm Phế,xóm,dam_phe,10,truoc_2026_07,unverified,
04846.011,04846,25,Kế,Xóm Kế,xóm,ke,11,truoc_2026_07,unverified,
04846.012,04846,25,Lài,Xóm Lài,xóm,lai,12,truoc_2026_07,unverified,
04846.013,04846,25,Nà Mười,Xóm Nà Mười,xóm,na_muoi,13,truoc_2026_07,unverified,
04846.014,04846,25,Nghê,Xóm Nghê,xóm,nghe,14,truoc_2026_07,unverified,
04846.015,04846,25,Nước Mọc,Xóm Nước Mọc,xóm,nuoc_moc,15,truoc_2026_07,unverified,
04846.016,04846,25,Tuổng Bãi,Xóm Tuổng Bãi,xóm,tuong_bai,16,truoc_2026_07,unverified,
04846.017,04846,25,Tuổng Đồi,Xóm Tuổng Đồi,xóm,tuong_doi,17,truoc_2026_07,unverified,
04849.001,04849,25,Bao,Xóm Bao,xóm,bao,1,truoc_2026_07,unverified,
04849.002,04849,25,Bằng,Xóm Bằng,xóm,bang,2,truoc_2026_07,unverified,
04849.003,04849,25,Bon,Xóm Bon,xóm,bon,3,truoc_2026_07,unverified,
04849.004,04849,25,Bương,Xóm Bương,xóm,buong,4,truoc_2026_07,unverified,
04849.005,04849,25,Ca Lông,Xóm Ca Lông,xóm,ca_long,5,truoc_2026_07,unverified,
04849.006,04849,25,Chàm,Xóm Chàm,xóm,cham,6,truoc_2026_07,unverified,
04849.007,04849,25,Cọ Phụng,Xóm Cọ Phụng,xóm,co_phung,7,truoc_2026_07,unverified,
04849.008,04849,25,Đắt 1,Xóm Đắt 1,xóm,dat_1,8,truoc_2026_07,unverified,
04849.009,04849,25,Đắt 2,Xóm Đắt 2,xóm,dat_2,9,truoc_2026_07,unverified,
04849.010,04849,25,Đắt 3,Xóm Đắt 3,xóm,dat_3,10,truoc_2026_07,unverified,
04849.011,04849,25,Hà,Xóm Hà,xóm,ha,11,truoc_2026_07,unverified,
04849.012,04849,25,Mới,Xóm Mới,xóm,moi,12,truoc_2026_07,unverified,
04849.013,04849,25,Náy,Xóm Náy,xóm,nay,13,truoc_2026_07,unverified,
04849.014,04849,25,Nà Lốc,Xóm Nà Lốc,xóm,na_loc,14,truoc_2026_07,unverified,
04849.015,04849,25,Nhạp,Xóm Nhạp,xóm,nhap,15,truoc_2026_07,unverified,
04849.016,04849,25,Phổn,Xóm Phổn,xóm,phon,16,truoc_2026_07,unverified,
04849.017,04849,25,Than,Xóm Than,xóm,than,17,truoc_2026_07,unverified,
04849.018,04849,25,Thu Lu,Xóm Thu Lu,xóm,thu_lu,18,truoc_2026_07,unverified,
04849.019,04849,25,Thùng Lùng,Xóm Thùng Lùng,xóm,thung_lung,19,truoc_2026_07,unverified,
04873.001,04873,25,Bay,Xóm Bay,xóm,bay,1,truoc_2026_07,unverified,
04873.002,04873,25,Búa,Xóm Búa,xóm,bua,2,truoc_2026_07,unverified,
04873.003,04873,25,Cang,Xóm Cang,xóm,cang,3,truoc_2026_07,unverified,
04873.004,04873,25,Hày,Xóm Hày,xóm,hay,4,truoc_2026_07,unverified,
04873.005,04873,25,Hạ,Xóm Hạ,xóm,ha,5,truoc_2026_07,unverified,
04873.006,04873,25,Hạt,Xóm Hạt,xóm,hat,6,truoc_2026_07,unverified,
04873.007,04873,25,Hồm,Xóm Hồm,xóm,hom,7,truoc_2026_07,unverified,
04873.008,04873,25,Kẹn,Xóm Kẹn,xóm,ken,8,truoc_2026_07,unverified,
04873.009,04873,25,Khem,Xóm Khem,xóm,khem,9,truoc_2026_07,unverified,
04873.010,04873,25,Kìa,Xóm Kìa,xóm,kia,10,truoc_2026_07,unverified,
04873.011,04873,25,Lang,Xóm Lang,xóm,lang,11,truoc_2026_07,unverified,
04873.012,04873,25,Lăm,Xóm Lăm,xóm,lam,12,truoc_2026_07,unverified,
04873.013,04873,25,Lọng,Xóm Lọng,xóm,long,13,truoc_2026_07,unverified,
04873.014,04873,25,Men,Xóm Men,xóm,men,14,truoc_2026_07,unverified,
04873.015,04873,25,Nhạp,Xóm Nhạp,xóm,nhap,15,truoc_2026_07,unverified,
04873.016,04873,25,Sổ,Xóm Sổ,xóm,so,16,truoc_2026_07,unverified,
04873.017,04873,25,Thầm Luông,Xóm Thầm Luông,xóm,tham_luong,17,truoc_2026_07,unverified,
04873.018,04873,25,Thượng,Xóm Thượng,xóm,thuong,18,truoc_2026_07,unverified,
04873.019,04873,25,Trung Tầm,Xóm Trung Tầm,xóm,trung_tam,19,truoc_2026_07,unverified,
04873.020,04873,25,Trung Thượng,Xóm Trung Thượng,xóm,trung_thuong,20,truoc_2026_07,unverified,
04876.001,04876,25,Bai,Thôn Bai,thôn,bai,1,truoc_2026_07,unverified,
04876.002,04876,25,Chầm,Thôn Chầm,thôn,cham,2,truoc_2026_07,unverified,
04876.003,04876,25,Cò Phày,Thôn Cò Phày,thôn,co_phay,3,truoc_2026_07,unverified,
04876.004,04876,25,Diều Bồ,Thôn Diều Bồ,thôn,dieu_bo,4,truoc_2026_07,unverified,
04876.005,04876,25,Diều Luông,Thôn Diều Luông,thôn,dieu_luong,5,truoc_2026_07,unverified,
04876.006,04876,25,Diều Nọi,Thôn Diều Nọi,thôn,dieu_noi,6,truoc_2026_07,unverified,
04876.007,04876,25,Ênh,Thôn Ênh,thôn,enh,7,truoc_2026_07,unverified,
04876.008,04876,25,Lanh,Thôn Lanh,thôn,lanh,8,truoc_2026_07,unverified,
04876.009,04876,25,Mít,Thôn Mít,thôn,mit,9,truoc_2026_07,unverified,
04876.010,04876,25,Nà Chiếu,Thôn Nà Chiếu,thôn,na_chieu,10,truoc_2026_07,unverified,
04876.011,04876,25,Rằng,Thôn Rằng,thôn,rang,11,truoc_2026_07,unverified,
04876.012,04876,25,Sèo,Thôn Sèo,thôn,seo,12,truoc_2026_07,unverified,
04876.013,04876,25,Sơn Lập,Thôn Sơn Lập,thôn,son_lap,13,truoc_2026_07,unverified,
04876.014,04876,25,Sơn Phú,Thôn Sơn Phú,thôn,son_phu,14,truoc_2026_07,unverified,
04876.015,04876,25,Sưng,Thôn Sưng,thôn,sung,15,truoc_2026_07,unverified,
04876.016,04876,25,Tát,Thôn Tát,thôn,tat,16,truoc_2026_07,unverified,
04876.017,04876,25,Tằm,Thôn Tằm,thôn,tam,17,truoc_2026_07,unverified,
04891.001,04891,25,Cò Xa,Xóm Cò Xa,xóm,co_xa,1,2026_07,unverified,2026-07-01
04891.002,04891,25,Dướng,Xóm Dướng,xóm,duong,2,2026_07,unverified,2026-07-01
04891.003,04891,25,Điêng Lựng,Xóm Điêng Lựng,xóm,dieng_lung,3,2026_07,unverified,2026-07-01
04891.004,04891,25,Đoàn Kết,Xóm Đoàn Kết,xóm,doan_ket,4,2026_07,unverified,2026-07-01
04891.005,04891,25,Đức Phong,Xóm Đức Phong,xóm,duc_phong,5,2026_07,unverified,2026-07-01
04891.006,04891,25,Lau,Xóm Lau,xóm,lau,6,2026_07,unverified,2026-07-01
04891.007,04891,25,Mó Nẻ,Xóm Mó Nẻ,xóm,mo_ne,7,2026_07,unverified,2026-07-01
04891.008,04891,25,Nà Mát,Xóm Nà Mát,xóm,na_mat,8,2026_07,unverified,2026-07-01
04891.009,04891,25,Phiếu,Xóm Phiếu,xóm,phieu,9,2026_07,unverified,2026-07-01
04891.010,04891,25,Săng Bờ,Xóm Săng Bờ,xóm,sang_bo,10,2026_07,unverified,2026-07-01
04891.011,04891,25,Tham,Xóm Tham,xóm,tham,11,2026_07,unverified,2026-07-01
04891.012,04891,25,Thín,Xóm Thín,xóm,thin,12,2026_07,unverified,2026-07-01
04891.013,04891,25,Túp,Xóm Túp,xóm,tup,13,2026_07,unverified,2026-07-01
04891.014,04891,25,Vầy Ang,Xóm Vầy Ang,xóm,vay_ang,14,2026_07,unverified,2026-07-01
04894.001,04894,25,11; phố Bãi Nai,Tổ dân phố 11; phố Bãi Nai,tổ dân phố,11_pho_bai_nai,1,2026_07,unverified,2026-07-01
04894.002,04894,25,18 xóm: Ao Trạch,Tổ dân phố 18 xóm: Ao Trạch,tổ dân phố,18_xom_ao_trach,2,2026_07,unverified,2026-07-01
04894.003,04894,25,Ba Nội,Tổ dân phố Ba Nội,tổ dân phố,ba_noi,3,2026_07,unverified,2026-07-01
04894.004,04894,25,Can,Tổ dân phố Can,tổ dân phố,can,4,2026_07,unverified,2026-07-01
04894.005,04894,25,Dụ Đồi,Tổ dân phố Dụ Đồi,tổ dân phố,du_doi,5,2026_07,unverified,2026-07-01
04894.006,04894,25,Dụ Phượng,Tổ dân phố Dụ Phượng,tổ dân phố,du_phuong,6,2026_07,unverified,2026-07-01
04894.007,04894,25,Đễnh,Tổ dân phố Đễnh,tổ dân phố,denh,7,2026_07,unverified,2026-07-01
04894.008,04894,25,Đồng Giang,Tổ dân phố Đồng Giang,tổ dân phố,dong_giang,8,2026_07,unverified,2026-07-01
04894.009,04894,25,Gò Bùi,Tổ dân phố Gò Bùi,tổ dân phố,go_bui,9,2026_07,unverified,2026-07-01
04894.010,04894,25,Mùi,Tổ dân phố Mùi,tổ dân phố,mui,10,2026_07,unverified,2026-07-01
04894.011,04894,25,Mường Dao,Tổ dân phố Mường Dao,tổ dân phố,muong_dao,11,2026_07,unverified,2026-07-01
04894.012,04894,25,Nai Bẵn,Tổ dân phố Nai Bẵn,tổ dân phố,nai_ban,12,2026_07,unverified,2026-07-01
04894.013,04894,25,Nội,Tổ dân phố Nội,tổ dân phố,noi,13,2026_07,unverified,2026-07-01
04894.014,04894,25,Nưa,Tổ dân phố Nưa,tổ dân phố,nua,14,2026_07,unverified,2026-07-01
04894.015,04894,25,Nước Hang,Tổ dân phố Nước Hang,tổ dân phố,nuoc_hang,15,2026_07,unverified,2026-07-01
04894.016,04894,25,Sòng,Tổ dân phố Sòng,tổ dân phố,song,16,2026_07,unverified,2026-07-01
04894.017,04894,25,Suối Ngành,Tổ dân phố Suối Ngành,tổ dân phố,suoi_nganh,17,2026_07,unverified,2026-07-01
04894.018,04894,25,Tân Lập,Tổ dân phố Tân Lập,tổ dân phố,tan_lap,18,2026_07,unverified,2026-07-01
04894.019,04894,25,Trung Thành,Tổ dân phố Trung Thành,tổ dân phố,trung_thanh,19,2026_07,unverified,2026-07-01
04897.001,04897,25,Bu Chằm,Xóm Bu Chằm,xóm,bu_cham,1,truoc_2026_07,unverified,
04897.002,04897,25,Đình Đa,Xóm Đình Đa,xóm,dinh_da,2,truoc_2026_07,unverified,
04897.003,04897,25,Đoàn Kết 1,Xóm Đoàn Kết 1,xóm,doan_ket_1,3,truoc_2026_07,unverified,
04897.004,04897,25,Đoàn Kết 2,Xóm Đoàn Kết 2,xóm,doan_ket_2,4,truoc_2026_07,unverified,
04897.005,04897,25,Đồng Bài,Xóm Đồng Bài,xóm,dong_bai,5,truoc_2026_07,unverified,
04897.006,04897,25,Độc Lập,Xóm Độc Lập,xóm,doc_lap,6,truoc_2026_07,unverified,
04897.007,04897,25,Giếng 1,Xóm Giếng 1,xóm,gieng_1,7,truoc_2026_07,unverified,
04897.008,04897,25,Giếng 2,Xóm Giếng 2,xóm,gieng_2,8,truoc_2026_07,unverified,
04897.009,04897,25,Hải Cao,Xóm Hải Cao,xóm,hai_cao,9,truoc_2026_07,unverified,
04897.010,04897,25,Hạnh Phúc,Xóm Hạnh Phúc,xóm,hanh_phuc,10,truoc_2026_07,unverified,
04897.011,04897,25,Mè,Xóm Mè,xóm,me,11,truoc_2026_07,unverified,
04897.012,04897,25,Mom,Xóm Mom,xóm,mom,12,truoc_2026_07,unverified,
04897.013,04897,25,Mon,Xóm Mon,xóm,mon,13,truoc_2026_07,unverified,
04897.014,04897,25,Mỏ Ngô,Xóm Mỏ Ngô,xóm,mo_ngo,14,truoc_2026_07,unverified,
04897.015,04897,25,Nhả,Xóm Nhả,xóm,nha,15,truoc_2026_07,unverified,
04897.016,04897,25,Quốc,Xóm Quốc,xóm,quoc,16,truoc_2026_07,unverified,
04897.017,04897,25,Quyết Tiến,Xóm Quyết Tiến,xóm,quyet_tien,17,truoc_2026_07,unverified,
04897.018,04897,25,Rợn,Xóm Rợn,xóm,ron,18,truoc_2026_07,unverified,
04897.019,04897,25,Tân Lập,Xóm Tân Lập,xóm,tan_lap,19,truoc_2026_07,unverified,
04897.020,04897,25,Tân Thành,Xóm Tân Thành,xóm,tan_thanh,20,truoc_2026_07,unverified,
04897.021,04897,25,Tân Thịnh,Xóm Tân Thịnh,xóm,tan_thinh,21,truoc_2026_07,unverified,
04897.022,04897,25,Thông,Xóm Thông,xóm,thong,22,truoc_2026_07,unverified,
04897.023,04897,25,Tôm,Xóm Tôm,xóm,tom,23,truoc_2026_07,unverified,
04897.024,04897,25,Trung Mường,Xóm Trung Mường,xóm,trung_muong,24,truoc_2026_07,unverified,
04897.025,04897,25,Trung Thành,Xóm Trung Thành,xóm,trung_thanh,25,truoc_2026_07,unverified,
04897.026,04897,25,Văn Minh,Xóm Văn Minh,xóm,van_minh,26,truoc_2026_07,unverified,
04897.027,04897,25,Vân Nam,Xóm Vân Nam,xóm,van_nam,27,truoc_2026_07,unverified,
04897.028,04897,25,Vật Lại,Xóm Vật Lại,xóm,vat_lai,28,truoc_2026_07,unverified,
04897.029,04897,25,Xạ Múc,Xóm Xạ Múc,xóm,xa_muc,29,truoc_2026_07,unverified,
04924.001,04924,25,Đồng Gạo,Xóm Đồng Gạo,xóm,dong_gao,1,truoc_2026_07,unverified,
04924.002,04924,25,Rổng Vòng,Xóm Rổng Vòng,xóm,rong_vong,2,truoc_2026_07,unverified,
04924.003,04924,25,Rổng Tằm,Xóm Rổng Tằm,xóm,rong_tam,3,truoc_2026_07,unverified,
04924.004,04924,25,Rổng Cấn,Xóm Rổng Cấn,xóm,rong_can,4,truoc_2026_07,unverified,
04924.005,04924,25,Lam Sơn,Xóm Lam Sơn,xóm,lam_son,5,truoc_2026_07,unverified,
04924.006,04924,25,Đoàn Kết,Xóm Đoàn Kết,xóm,doan_ket,6,truoc_2026_07,unverified,
04924.007,04924,25,Kẽm,Xóm Kẽm,xóm,kem,7,truoc_2026_07,unverified,
04924.008,04924,25,Dốc Phấn,Xóm Dốc Phấn,xóm,doc_phan,8,truoc_2026_07,unverified,
04930.001,04930,01,Đông Xuân 1,Thôn Đông Xuân 1,thôn,dong_xuan_1,1,2026_07,unverified,2026-07-01
04930.002,04930,01,Đông Xuân 2,Thôn Đông Xuân 2,thôn,dong_xuan_2,2,2026_07,unverified,2026-07-01
04930.003,04930,01,Đông Xuân 3,Thôn Đông Xuân 3,thôn,dong_xuan_3,3,2026_07,unverified,2026-07-01
04930.004,04930,01,Tiến Xuân 1,Thôn Tiến Xuân 1,thôn,tien_xuan_1,4,2026_07,unverified,2026-07-01
04930.005,04930,01,Tiến Xuân 2,Thôn Tiến Xuân 2,thôn,tien_xuan_2,5,2026_07,unverified,2026-07-01
04930.006,04930,01,Tiến Xuân 3,Thôn Tiến Xuân 3,thôn,tien_xuan_3,6,2026_07,unverified,2026-07-01
04930.007,04930,01,Yên Bình 1,Thôn Yên Bình 1,thôn,yen_binh_1,7,2026_07,unverified,2026-07-01
04930.008,04930,01,Yên Bình 2,Thôn Yên Bình 2,thôn,yen_binh_2,8,2026_07,unverified,2026-07-01
04930.009,04930,01,Yên Bình 3,Thôn Yên Bình 3,thôn,yen_binh_3,9,2026_07,unverified,2026-07-01
04930.010,04930,01,Yên Trung 1,Thôn Yên Trung 1,thôn,yen_trung_1,10,2026_07,unverified,2026-07-01
04930.011,04930,01,Yên Trung 2,Thôn Yên Trung 2,thôn,yen_trung_2,11,2026_07,unverified,2026-07-01
04960.001,04960,25,3/2A,Thôn 3/2A,thôn,3_2a,1,truoc_2026_07,unverified,
04960.002,04960,25,3/2B,Thôn 3/2B,thôn,3_2b,2,truoc_2026_07,unverified,
04960.003,04960,25,Ao Kềnh,Thôn Ao Kềnh,thôn,ao_kenh,3,truoc_2026_07,unverified,
04960.004,04960,25,Đồng Sương,Thôn Đồng Sương,thôn,dong_suong,4,truoc_2026_07,unverified,
04960.005,04960,25,Quán Trắng,Thôn Quán Trắng,thôn,quan_trang,5,truoc_2026_07,unverified,
04960.006,04960,25,Sòng,Thôn Sòng,thôn,song,6,truoc_2026_07,unverified,
04960.007,04960,25,38 xóm: 23/9,Thôn 38 xóm: 23/9,thôn,38_xom_23_9,7,truoc_2026_07,unverified,
04960.008,04960,25,Bến Cuối,Thôn Bến Cuối,thôn,ben_cuoi,8,truoc_2026_07,unverified,
04960.009,04960,25,Cao,Thôn Cao,thôn,cao,9,truoc_2026_07,unverified,
04960.010,04960,25,Chũm,Thôn Chũm,thôn,chum,10,truoc_2026_07,unverified,
04960.011,04960,25,Đá Bạc,Thôn Đá Bạc,thôn,da_bac,11,truoc_2026_07,unverified,
04960.012,04960,25,Đất Đỏ,Thôn Đất Đỏ,thôn,dat_do,12,truoc_2026_07,unverified,
04960.013,04960,25,Đầm Đa,Thôn Đầm Đa,thôn,dam_da,13,truoc_2026_07,unverified,
04960.014,04960,25,Đồn Vận,Thôn Đồn Vận,thôn,don_van,14,truoc_2026_07,unverified,
04960.015,04960,25,Đồng Lau,Thôn Đồng Lau,thôn,dong_lau,15,truoc_2026_07,unverified,
04960.016,04960,25,Ghên,Thôn Ghên,thôn,ghen,16,truoc_2026_07,unverified,
04960.017,04960,25,Giếng Xạ,Thôn Giếng Xạ,thôn,gieng_xa,17,truoc_2026_07,unverified,
04960.018,04960,25,Gò Mè,Thôn Gò Mè,thôn,go_me,18,truoc_2026_07,unverified,
04960.019,04960,25,Gừa,Thôn Gừa,thôn,gua,19,truoc_2026_07,unverified,
04960.020,04960,25,Hợp Phong,Thôn Hợp Phong,thôn,hop_phong,20,truoc_2026_07,unverified,
04960.021,04960,25,Hui,Thôn Hui,thôn,hui,21,truoc_2026_07,unverified,
04960.022,04960,25,Khuộc,Thôn Khuộc,thôn,khuoc,22,truoc_2026_07,unverified,
04960.023,04960,25,Hang,Thôn Hang,thôn,hang,23,truoc_2026_07,unverified,
04960.024,04960,25,Lạt,Thôn Lạt,thôn,lat,24,truoc_2026_07,unverified,
04960.025,04960,25,Liên Hòa,Thôn Liên Hòa,thôn,lien_hoa,25,truoc_2026_07,unverified,
04960.026,04960,25,Liên Hợp,Thôn Liên Hợp,thôn,lien_hop,26,truoc_2026_07,unverified,
04960.027,04960,25,Liên Khuê,Thôn Liên Khuê,thôn,lien_khue,27,truoc_2026_07,unverified,
04960.028,04960,25,Lộc Môn,Thôn Lộc Môn,thôn,loc_mon,28,truoc_2026_07,unverified,
04960.029,04960,25,Mía,Thôn Mía,thôn,mia,29,truoc_2026_07,unverified,
04960.030,04960,25,Ngành,Thôn Ngành,thôn,nganh,30,truoc_2026_07,unverified,
04960.031,04960,25,Ngăm,Thôn Ngăm,thôn,ngam,31,truoc_2026_07,unverified,
04960.032,04960,25,Ngọc Lâm,Thôn Ngọc Lâm,thôn,ngoc_lam,32,truoc_2026_07,unverified,
04960.033,04960,25,Nước Lạnh,Thôn Nước Lạnh,thôn,nuoc_lanh,33,truoc_2026_07,unverified,
04960.034,04960,25,Phú Ngọc,Thôn Phú Ngọc,thôn,phu_ngoc,34,truoc_2026_07,unverified,
04960.035,04960,25,Quê Sụ,Thôn Quê Sụ,thôn,que_su,35,truoc_2026_07,unverified,
04960.036,04960,25,Rậm,Thôn Rậm,thôn,ram,36,truoc_2026_07,unverified,
04960.037,04960,25,Suối Bến,Thôn Suối Bến,thôn,suoi_ben,37,truoc_2026_07,unverified,
04960.038,04960,25,Suối Cỏ,Thôn Suối Cỏ,thôn,suoi_co,38,truoc_2026_07,unverified,
04960.039,04960,25,Suối Yên,Thôn Suối Yên,thôn,suoi_yen,39,truoc_2026_07,unverified,
04960.040,04960,25,Sơn Thủy,Thôn Sơn Thủy,thôn,son_thuy,40,truoc_2026_07,unverified,
04960.041,04960,25,Tân Sơn,Thôn Tân Sơn,thôn,tan_son,41,truoc_2026_07,unverified,
04960.042,04960,25,Thành Sơn,Thôn Thành Sơn,thôn,thanh_son,42,truoc_2026_07,unverified,
04960.043,04960,25,Trại Hòa,Thôn Trại Hòa,thôn,trai_hoa,43,truoc_2026_07,unverified,
04960.044,04960,25,Vai Đào,Thôn Vai Đào,thôn,vai_dao,44,truoc_2026_07,unverified,
04978.001,04978,25,Bãi,Khu Bãi,khu,bai,1,truoc_2026_07,unverified,
04978.002,04978,25,Bo,Khu Bo,khu,bo,2,truoc_2026_07,unverified,
04978.003,04978,25,Đoàn Kết,Khu Đoàn Kết,khu,doan_ket,3,truoc_2026_07,unverified,
04978.004,04978,25,Đồng Tiến,Khu Đồng Tiến,khu,dong_tien,4,truoc_2026_07,unverified,
04978.005,04978,25,Hoa Lư,Khu Hoa Lư,khu,hoa_lu,5,truoc_2026_07,unverified,
04978.006,04978,25,Lạng,Khu Lạng,khu,lang,6,truoc_2026_07,unverified,
04978.007,04978,25,Lục Cả,Khu Lục Cả,khu,luc_ca,7,truoc_2026_07,unverified,
04978.008,04978,25,Lục Đồi,Khu Lục Đồi,khu,luc_doi,8,truoc_2026_07,unverified,
04978.009,04978,25,Mớ Đá,Khu Mớ Đá,khu,mo_da,9,truoc_2026_07,unverified,
04978.010,04978,25,Mớ Đồi,Khu Mớ Đồi,khu,mo_doi,10,truoc_2026_07,unverified,
04978.011,04978,25,Mớ Khoắc,Khu Mớ Khoắc,khu,mo_khoac,11,truoc_2026_07,unverified,
04978.012,04978,25,Nội Sung,Khu Nội Sung,khu,noi_sung,12,truoc_2026_07,unverified,
04978.013,04978,25,Sào,Khu Sào,khu,sao,13,truoc_2026_07,unverified,
04978.014,04978,25,Thái Bình,Khu Thái Bình,khu,thai_binh,14,truoc_2026_07,unverified,
04978.015,04978,25,Thành Công,Khu Thành Công,khu,thanh_cong,15,truoc_2026_07,unverified,
04978.016,04978,25,Thống Nhất,Khu Thống Nhất,khu,thong_nhat,16,truoc_2026_07,unverified,
04978.017,04978,25,22 xóm: Bôi Câu,Khu 22 xóm: Bôi Câu,khu,22_xom_boi_cau,17,truoc_2026_07,unverified,
04978.018,04978,25,Bộ Mu,Khu Bộ Mu,khu,bo_mu,18,truoc_2026_07,unverified,
04978.019,04978,25,Chanh,Khu Chanh,khu,chanh,19,truoc_2026_07,unverified,
04978.020,04978,25,Cháo,Khu Cháo,khu,chao,20,truoc_2026_07,unverified,
04978.021,04978,25,Chiềng,Khu Chiềng,khu,chieng,21,truoc_2026_07,unverified,
04978.022,04978,25,Cóc Lẫm,Khu Cóc Lẫm,khu,coc_lam,22,truoc_2026_07,unverified,
04978.023,04978,25,Cốc,Khu Cốc,khu,coc,23,truoc_2026_07,unverified,
04978.024,04978,25,Dảnh,Khu Dảnh,khu,danh,24,truoc_2026_07,unverified,
04978.025,04978,25,Dứng Ổi,Khu Dứng Ổi,khu,dung_oi,25,truoc_2026_07,unverified,
04978.026,04978,25,Đồi 1,Khu Đồi 1,khu,doi_1,26,truoc_2026_07,unverified,
04978.027,04978,25,Đồi 2,Khu Đồi 2,khu,doi_2,27,truoc_2026_07,unverified,
04978.028,04978,25,Gò Cha,Khu Gò Cha,khu,go_cha,28,truoc_2026_07,unverified,
04978.029,04978,25,Gò Đầm,Khu Gò Đầm,khu,go_dam,29,truoc_2026_07,unverified,
04978.030,04978,25,Gò Khánh,Khu Gò Khánh,khu,go_khanh,30,truoc_2026_07,unverified,
04978.031,04978,25,Gò Mu,Khu Gò Mu,khu,go_mu,31,truoc_2026_07,unverified,
04978.032,04978,25,Quê Rù,Khu Quê Rù,khu,que_ru,32,truoc_2026_07,unverified,
04978.033,04978,25,Sống,Khu Sống,khu,song,33,truoc_2026_07,unverified,
04978.034,04978,25,Suối Con,Khu Suối Con,khu,suoi_con,34,truoc_2026_07,unverified,
04978.035,04978,25,Vó Khang,Khu Vó Khang,khu,vo_khang,35,truoc_2026_07,unverified,
04978.036,04978,25,Vố,Khu Vố,khu,vo,36,truoc_2026_07,unverified,
04978.037,04978,25,Yên,Khu Yên,khu,yen,37,truoc_2026_07,unverified,
04990.001,04990,25,Mường Tú,Thôn Mường Tú,thôn,muong_tu,1,2026_07,primary,2026-07-01
04990.002,04990,25,Đoàn Kết,Thôn Đoàn Kết,thôn,doan_ket,2,2026_07,primary,2026-07-01
04990.003,04990,25,Sáng Trong,Thôn Sáng Trong,thôn,sang_trong,3,2026_07,primary,2026-07-01
04990.004,04990,25,Sáng Mới,Thôn Sáng Mới,thôn,sang_moi,4,2026_07,primary,2026-07-01
04990.005,04990,25,Tân Sơn,Thôn Tân Sơn,thôn,tan_son,5,2026_07,primary,2026-07-01
04990.006,04990,25,Bắc Sơn,Thôn Bắc Sơn,thôn,bac_son,6,2026_07,primary,2026-07-01
04990.007,04990,25,Hùng Tiến,Thôn Hùng Tiến,thôn,hung_tien,7,2026_07,primary,2026-07-01
04990.008,04990,25,Xuân Thủy,Thôn Xuân Thủy,thôn,xuan_thuy,8,2026_07,primary,2026-07-01
04990.009,04990,25,Thượng Bì,Thôn Thượng Bì,thôn,thuong_bi,9,2026_07,primary,2026-07-01
04990.010,04990,25,Khoai Nè,Thôn Khoai Nè,thôn,khoai_ne,10,2026_07,primary,2026-07-01
04990.011,04990,25,Bờ Rường,Thôn Bờ Rường,thôn,bo_ruong,11,2026_07,primary,2026-07-01
04990.012,04990,25,Hang Lờm,Thôn Hang Lờm,thôn,hang_lom,12,2026_07,primary,2026-07-01
04990.013,04990,25,Khăm,Thôn Khăm,thôn,kham,13,2026_07,primary,2026-07-01
04990.014,04990,25,Khả,Thôn Khả,thôn,kha,14,2026_07,primary,2026-07-01
04990.015,04990,25,Đằng Long,Thôn Đằng Long,thôn,dang_long,15,2026_07,primary,2026-07-01
04990.016,04990,25,Suối Kho,Thôn Suối Kho,thôn,suoi_kho,16,2026_07,primary,2026-07-01
04990.017,04990,25,Chỉ Bái,Thôn Chỉ Bái,thôn,chi_bai,17,2026_07,primary,2026-07-01
04990.018,04990,25,Bà Rà,Thôn Bà Rà,thôn,ba_ra,18,2026_07,primary,2026-07-01
04990.019,04990,25,Tre Thị,Thôn Tre Thị,thôn,tre_thi,19,2026_07,primary,2026-07-01
05014.001,05014,25,Kim Đức,Thôn Kim Đức,thôn,kim_duc,1,truoc_2026_07,unverified,
05014.002,05014,25,33 xóm: Bãi Chạo,Thôn 33 xóm: Bãi Chạo,thôn,33_xom_bai_chao,2,truoc_2026_07,unverified,
05014.003,05014,25,Cặm Cõ,Thôn Cặm Cõ,thôn,cam_co,3,truoc_2026_07,unverified,
05014.004,05014,25,Củ,Thôn Củ,thôn,cu,4,truoc_2026_07,unverified,
05014.005,05014,25,Dạnh,Thôn Dạnh,thôn,danh,5,truoc_2026_07,unverified,
05014.006,05014,25,Đầm Định,Thôn Đầm Định,thôn,dam_dinh,6,truoc_2026_07,unverified,
05014.007,05014,25,Đầm Rừng,Thôn Đầm Rừng,thôn,dam_rung,7,truoc_2026_07,unverified,
05014.008,05014,25,Đồi,Thôn Đồi,thôn,doi,8,truoc_2026_07,unverified,
05014.009,05014,25,Đồng Nang,Thôn Đồng Nang,thôn,dong_nang,9,truoc_2026_07,unverified,
05014.010,05014,25,Đồng Ngoài,Thôn Đồng Ngoài,thôn,dong_ngoai,10,truoc_2026_07,unverified,
05014.011,05014,25,Đúp,Thôn Đúp,thôn,dup,11,truoc_2026_07,unverified,
05014.012,05014,25,Hạ Sơn,Thôn Hạ Sơn,thôn,ha_son,12,truoc_2026_07,unverified,
05014.013,05014,25,Hợp Nhất,Thôn Hợp Nhất,thôn,hop_nhat,13,truoc_2026_07,unverified,
05014.014,05014,25,Khú,Thôn Khú,thôn,khu,14,truoc_2026_07,unverified,
05014.015,05014,25,Kim Bắc,Thôn Kim Bắc,thôn,kim_bac,15,truoc_2026_07,unverified,
05014.016,05014,25,Ký Đai,Thôn Ký Đai,thôn,ky_dai,16,truoc_2026_07,unverified,
05014.017,05014,25,Lươn,Thôn Lươn,thôn,luon,17,truoc_2026_07,unverified,
05014.018,05014,25,Quê Kho,Thôn Quê Kho,thôn,que_kho,18,truoc_2026_07,unverified,
05014.019,05014,25,Sằn,Thôn Sằn,thôn,san,19,truoc_2026_07,unverified,
05014.020,05014,25,Sim Ngoài,Thôn Sim Ngoài,thôn,sim_ngoai,20,truoc_2026_07,unverified,
05014.021,05014,25,Sim Trong,Thôn Sim Trong,thôn,sim_trong,21,truoc_2026_07,unverified,
05014.022,05014,25,Suối Măng,Thôn Suối Măng,thôn,suoi_mang,22,truoc_2026_07,unverified,
05014.023,05014,25,Suối Rèo,Thôn Suối Rèo,thôn,suoi_reo,23,truoc_2026_07,unverified,
05014.024,05014,25,Thao Cả,Thôn Thao Cả,thôn,thao_ca,24,truoc_2026_07,unverified,
05014.025,05014,25,Thao Con,Thôn Thao Con,thôn,thao_con,25,truoc_2026_07,unverified,
05014.026,05014,25,Thung Dao Bắc,Thôn Thung Dao Bắc,thôn,thung_dao_bac,26,truoc_2026_07,unverified,
05014.027,05014,25,Thung Mường,Thôn Thung Mường,thôn,thung_muong,27,truoc_2026_07,unverified,
05014.028,05014,25,Thượng Tiến,Thôn Thượng Tiến,thôn,thuong_tien,28,truoc_2026_07,unverified,
05014.029,05014,25,Trang,Thôn Trang,thôn,trang,29,truoc_2026_07,unverified,
05014.030,05014,25,Trạo,Thôn Trạo,thôn,trao,30,truoc_2026_07,unverified,
05014.031,05014,25,Trẹo,Thôn Trẹo,thôn,treo,31,truoc_2026_07,unverified,
05014.032,05014,25,Vãng,Thôn Vãng,thôn,vang,32,truoc_2026_07,unverified,
05014.033,05014,25,Ve,Thôn Ve,thôn,ve,33,truoc_2026_07,unverified,
05014.034,05014,25,Vó Cối,Thôn Vó Cối,thôn,vo_coi,34,truoc_2026_07,unverified,
05047.001,05047,25,An Thịnh,Thôn An Thịnh,thôn,an_thinh,1,truoc_2026_07,unverified,
05047.002,05047,25,Bá Lam,Thôn Bá Lam,thôn,ba_lam,2,truoc_2026_07,unverified,
05047.003,05047,25,Băng Hợp,Thôn Băng Hợp,thôn,bang_hop,3,truoc_2026_07,unverified,
05047.004,05047,25,Bổng Dao,Thôn Bổng Dao,thôn,bong_dao,4,truoc_2026_07,unverified,
05047.005,05047,25,Cao Đường,Thôn Cao Đường,thôn,cao_duong,5,truoc_2026_07,unverified,
05047.006,05047,25,Cáp,Thôn Cáp,thôn,cap,6,truoc_2026_07,unverified,
05047.007,05047,25,Châu Dể,Thôn Châu Dể,thôn,chau_de,7,truoc_2026_07,unverified,
05047.008,05047,25,Chợ Bến,Thôn Chợ Bến,thôn,cho_ben,8,truoc_2026_07,unverified,
05047.009,05047,25,Dẻ Cao,Thôn Dẻ Cao,thôn,de_cao,9,truoc_2026_07,unverified,
05047.010,05047,25,Đa Sỹ,Thôn Đa Sỹ,thôn,da_sy,10,truoc_2026_07,unverified,
05047.011,05047,25,Đồng Bon,Thôn Đồng Bon,thôn,dong_bon,11,truoc_2026_07,unverified,
05047.012,05047,25,Đồng Chồm,Thôn Đồng Chồm,thôn,dong_chom,12,truoc_2026_07,unverified,
05047.013,05047,25,Đồng Đăng,Thôn Đồng Đăng,thôn,dong_dang,13,truoc_2026_07,unverified,
05047.014,05047,25,Đồng Kẹ,Thôn Đồng Kẹ,thôn,dong_ke,14,truoc_2026_07,unverified,
05047.015,05047,25,Đồng Om,Thôn Đồng Om,thôn,dong_om,15,truoc_2026_07,unverified,
05047.016,05047,25,Đồng Phú,Thôn Đồng Phú,thôn,dong_phu,16,truoc_2026_07,unverified,
05047.017,05047,25,Gạo,Thôn Gạo,thôn,gao,17,truoc_2026_07,unverified,
05047.018,05047,25,Gò Mu,Thôn Gò Mu,thôn,go_mu,18,truoc_2026_07,unverified,
05047.019,05047,25,Hợp Thung,Thôn Hợp Thung,thôn,hop_thung,19,truoc_2026_07,unverified,
05047.020,05047,25,Lai Trì,Thôn Lai Trì,thôn,lai_tri,20,truoc_2026_07,unverified,
05047.021,05047,25,Nghĩa Kếp,Thôn Nghĩa Kếp,thôn,nghia_kep,21,truoc_2026_07,unverified,
05047.022,05047,25,Om Làng,Thôn Om Làng,thôn,om_lang,22,truoc_2026_07,unverified,
05047.023,05047,25,Quang Trung,Thôn Quang Trung,thôn,quang_trung,23,truoc_2026_07,unverified,
05047.024,05047,25,Quèn Thị,Thôn Quèn Thị,thôn,quen_thi,24,truoc_2026_07,unverified,
05047.025,05047,25,Quyền Chương,Thôn Quyền Chương,thôn,quyen_chuong,25,truoc_2026_07,unverified,
05047.026,05047,25,Sấu Hạ,Thôn Sấu Hạ,thôn,sau_ha,26,truoc_2026_07,unverified,
05047.027,05047,25,Sấu Thượng,Thôn Sấu Thượng,thôn,sau_thuong,27,truoc_2026_07,unverified,
05047.028,05047,25,Song Huỳnh,Thôn Song Huỳnh,thôn,song_huynh,28,truoc_2026_07,unverified,
05047.029,05047,25,Thanh Hà,Thôn Thanh Hà,thôn,thanh_ha,29,truoc_2026_07,unverified,
05047.030,05047,25,Thạch Quyền,Thôn Thạch Quyền,thôn,thach_quyen,30,truoc_2026_07,unverified,
05047.031,05047,25,Thăng,Thôn Thăng,thôn,thang,31,truoc_2026_07,unverified,
05047.032,05047,25,Trung Báo,Thôn Trung Báo,thôn,trung_bao,32,truoc_2026_07,unverified,
05047.033,05047,25,Văn Thái,Thôn Văn Thái,thôn,van_thai,33,truoc_2026_07,unverified,
05047.034,05047,25,Vệ An,Thôn Vệ An,thôn,ve_an,34,truoc_2026_07,unverified,
05047.035,05047,25,Xuân Dương,Thôn Xuân Dương,thôn,xuan_duong,35,truoc_2026_07,unverified,
05047.036,05047,25,Xuân Thanh,Thôn Xuân Thanh,thôn,xuan_thanh,36,truoc_2026_07,unverified,
05047.037,05047,25,Yên Lịch,Thôn Yên Lịch,thôn,yen_lich,37,truoc_2026_07,unverified,
05047.038,05047,25,11 xóm: Bặc Rặc,Thôn 11 xóm: Bặc Rặc,thôn,11_xom_bac_rac,38,truoc_2026_07,unverified,
05047.039,05047,25,Chợ Nội,Thôn Chợ Nội,thôn,cho_noi,39,truoc_2026_07,unverified,
05047.040,05047,25,Đồng An,Thôn Đồng An,thôn,dong_an,40,truoc_2026_07,unverified,
05047.041,05047,25,Đồng Thành,Thôn Đồng Thành,thôn,dong_thanh,41,truoc_2026_07,unverified,
05047.042,05047,25,Mỹ Tân,Thôn Mỹ Tân,thôn,my_tan,42,truoc_2026_07,unverified,
05047.043,05047,25,Ông Cây,Thôn Ông Cây,thôn,ong_cay,43,truoc_2026_07,unverified,
05047.044,05047,25,Phương Viên,Thôn Phương Viên,thôn,phuong_vien,44,truoc_2026_07,unverified,
05047.045,05047,25,Phượng Sồ,Thôn Phượng Sồ,thôn,phuong_so,45,truoc_2026_07,unverified,
05047.046,05047,25,Suối Sỏi,Thôn Suối Sỏi,thôn,suoi_soi,46,truoc_2026_07,unverified,
05047.047,05047,25,Tân Thành,Thôn Tân Thành,thôn,tan_thanh,47,truoc_2026_07,unverified,
05047.048,05047,25,Tiên Hội,Thôn Tiên Hội,thôn,tien_hoi,48,truoc_2026_07,unverified,
05068.001,05068,25,Bái,Xóm Bái,xóm,bai,1,truoc_2026_07,unverified,
05068.002,05068,25,Báy,Xóm Báy,xóm,bay,2,truoc_2026_07,unverified,
05068.003,05068,25,Bình Tân,Xóm Bình Tân,xóm,binh_tan,3,truoc_2026_07,unverified,
05068.004,05068,25,Bôi Cả,Xóm Bôi Cả,xóm,boi_ca,4,truoc_2026_07,unverified,
05068.005,05068,25,Chiệng,Xóm Chiệng,xóm,chieng,5,truoc_2026_07,unverified,
05068.006,05068,25,Đầm Giàn,Xóm Đầm Giàn,xóm,dam_gian,6,truoc_2026_07,unverified,
05068.007,05068,25,Đồi Bổi,Xóm Đồi Bổi,xóm,doi_boi,7,truoc_2026_07,unverified,
05068.008,05068,25,Đồng Chờ,Xóm Đồng Chờ,xóm,dong_cho,8,truoc_2026_07,unverified,
05068.009,05068,25,Đội 3,Xóm Đội 3,xóm,doi_3,9,truoc_2026_07,unverified,
05068.010,05068,25,Gò Chè,Xóm Gò Chè,xóm,go_che,10,truoc_2026_07,unverified,
05068.011,05068,25,Khai Đồi,Xóm Khai Đồi,xóm,khai_doi,11,truoc_2026_07,unverified,
05068.012,05068,25,Lập,Xóm Lập,xóm,lap,12,truoc_2026_07,unverified,
05068.013,05068,25,Lột,Xóm Lột,xóm,lot,13,truoc_2026_07,unverified,
05068.014,05068,25,Mến Bôi,Xóm Mến Bôi,xóm,men_boi,14,truoc_2026_07,unverified,
05068.015,05068,25,Mõ,Xóm Mõ,xóm,mo,15,truoc_2026_07,unverified,
05068.016,05068,25,Muôn,Xóm Muôn,xóm,muon,16,truoc_2026_07,unverified,
05068.017,05068,25,Nam Bãi,Xóm Nam Bãi,xóm,nam_bai,17,truoc_2026_07,unverified,
05068.018,05068,25,Nam Thượng,Xóm Nam Thượng,xóm,nam_thuong,18,truoc_2026_07,unverified,
05068.019,05068,25,Nà Bờ,Xóm Nà Bờ,xóm,na_bo,19,truoc_2026_07,unverified,
05068.020,05068,25,Nước Ruộng,Xóm Nước Ruộng,xóm,nuoc_ruong,20,truoc_2026_07,unverified,
05068.021,05068,25,Sào Bắc,Xóm Sào Bắc,xóm,sao_bac,21,truoc_2026_07,unverified,
05068.022,05068,25,Sào Đông,Xóm Sào Đông,xóm,sao_dong,22,truoc_2026_07,unverified,
05068.023,05068,25,Trò,Xóm Trò,xóm,tro,23,truoc_2026_07,unverified,
05086.001,05086,25,Ba Giang,Xóm Ba Giang,xóm,ba_giang,1,truoc_2026_07,unverified,
05086.002,05086,25,Ba Lầm,Xóm Ba Lầm,xóm,ba_lam,2,truoc_2026_07,unverified,
05086.003,05086,25,Bãi Khoai,Xóm Bãi Khoai,xóm,bai_khoai,3,truoc_2026_07,unverified,
05086.004,05086,25,Cành,Xóm Cành,xóm,canh,4,truoc_2026_07,unverified,
05086.005,05086,25,Chạo,Xóm Chạo,xóm,chao,5,truoc_2026_07,unverified,
05086.006,05086,25,Cuối,Xóm Cuối,xóm,cuoi,6,truoc_2026_07,unverified,
05086.007,05086,25,Dăm,Xóm Dăm,xóm,dam,7,truoc_2026_07,unverified,
05086.008,05086,25,Đồng Hòa,Xóm Đồng Hòa,xóm,dong_hoa,8,truoc_2026_07,unverified,
05086.009,05086,25,Khoang,Xóm Khoang,xóm,khoang,9,truoc_2026_07,unverified,
05086.010,05086,25,Lựng,Xóm Lựng,xóm,lung,10,truoc_2026_07,unverified,
05086.011,05086,25,Má Mư,Xóm Má Mư,xóm,ma_mu,11,truoc_2026_07,unverified,
05086.012,05086,25,Mư,Xóm Mư,xóm,mu,12,truoc_2026_07,unverified,
05086.013,05086,25,Mý Đông,Xóm Mý Đông,xóm,my_dong,13,truoc_2026_07,unverified,
05086.014,05086,25,Mý Thượng,Xóm Mý Thượng,xóm,my_thuong,14,truoc_2026_07,unverified,
05086.015,05086,25,Mỵ,Xóm Mỵ,xóm,my,15,truoc_2026_07,unverified,
05086.016,05086,25,Nghìa,Xóm Nghìa,xóm,nghia,16,truoc_2026_07,unverified,
05086.017,05086,25,Nuông,Xóm Nuông,xóm,nuong,17,truoc_2026_07,unverified,
05086.018,05086,25,Pang,Xóm Pang,xóm,pang,18,truoc_2026_07,unverified,
05086.019,05086,25,Phố Mỵ Thanh,Xóm Phố Mỵ Thanh,xóm,pho_my_thanh,19,truoc_2026_07,unverified,
05086.020,05086,25,Suối Thượng,Xóm Suối Thượng,xóm,suoi_thuong,20,truoc_2026_07,unverified,
05086.021,05086,25,Thông,Xóm Thông,xóm,thong,21,truoc_2026_07,unverified,
05086.022,05086,25,Thượng,Xóm Thượng,xóm,thuong,22,truoc_2026_07,unverified,
05086.023,05086,25,Vọ,Xóm Vọ,xóm,vo,23,truoc_2026_07,unverified,
05089.001,05089,25,Thu Phong,Thôn Thu Phong,thôn,thu_phong,1,2026_07,primary,2026-07-01
05089.002,05089,25,Vỏ,Thôn Vỏ,thôn,vo,2,2026_07,primary,2026-07-01
05089.003,05089,25,Hợp Tiến,Thôn Hợp Tiến,thôn,hop_tien,3,2026_07,primary,2026-07-01
05089.004,05089,25,Rú,Thôn Rú,thôn,ru,4,2026_07,primary,2026-07-01
05089.005,05089,25,Nhõi,Thôn Nhõi,thôn,nhoi,5,2026_07,primary,2026-07-01
05089.006,05089,25,Chằng,Thôn Chằng,thôn,chang,6,2026_07,primary,2026-07-01
05089.007,05089,25,Quáng,Thôn Quáng,thôn,quang,7,2026_07,primary,2026-07-01
05089.008,05089,25,Cạn Hạ,Thôn Cạn Hạ,thôn,can_ha,8,2026_07,primary,2026-07-01
05089.009,05089,25,Bưng,Thôn Bưng,thôn,bung,9,2026_07,primary,2026-07-01
05089.010,05089,25,Trang Trong,Thôn Trang Trong,thôn,trang_trong,10,2026_07,primary,2026-07-01
05089.011,05089,25,Trang Trên,Thôn Trang Trên,thôn,trang_tren,11,2026_07,primary,2026-07-01
05089.012,05089,25,2,Thôn 2,thôn,2,12,2026_07,primary,2026-07-01
05089.013,05089,25,Mừng,Thôn Mừng,thôn,mung,13,2026_07,primary,2026-07-01
05089.014,05089,25,Cạn Thượng,Thôn Cạn Thượng,thôn,can_thuong,14,2026_07,primary,2026-07-01
05089.015,05089,25,1,Thôn 1,thôn,1,15,2026_07,primary,2026-07-01
05089.016,05089,25,3,Thôn 3,thôn,3,16,2026_07,primary,2026-07-01
05089.017,05089,25,4,Thôn 4,thôn,4,17,2026_07,primary,2026-07-01
05089.018,05089,25,5,Thôn 5,thôn,5,18,2026_07,primary,2026-07-01
05089.019,05089,25,6,Thôn 6,thôn,6,19,2026_07,primary,2026-07-01
05089.020,05089,25,7,Thôn 7,thôn,7,20,2026_07,primary,2026-07-01
05092.001,05092,25,Bắc Sơn,Xóm Bắc Sơn,xóm,bac_son,1,truoc_2026_07,unverified,
05092.002,05092,25,Cáp,Xóm Cáp,xóm,cap,2,truoc_2026_07,unverified,
05092.003,05092,25,Chiềng,Xóm Chiềng,xóm,chieng,3,truoc_2026_07,unverified,
05092.004,05092,25,Dài,Xóm Dài,xóm,dai,4,truoc_2026_07,unverified,
05092.005,05092,25,Dệ,Xóm Dệ,xóm,de,5,truoc_2026_07,unverified,
05092.006,05092,25,Giang,Xóm Giang,xóm,giang,6,truoc_2026_07,unverified,
05092.007,05092,25,Hải Phong,Xóm Hải Phong,xóm,hai_phong,7,truoc_2026_07,unverified,
05092.008,05092,25,Khụ,Xóm Khụ,xóm,khu,8,truoc_2026_07,unverified,
05092.009,05092,25,Lòn,Xóm Lòn,xóm,lon,9,truoc_2026_07,unverified,
05092.010,05092,25,Má 1,Xóm Má 1,xóm,ma_1,10,truoc_2026_07,unverified,
05092.011,05092,25,Má 2,Xóm Má 2,xóm,ma_2,11,truoc_2026_07,unverified,
05092.012,05092,25,Môn,Xóm Môn,xóm,mon,12,truoc_2026_07,unverified,
05092.013,05092,25,Mỗ,Xóm Mỗ,xóm,mo,13,truoc_2026_07,unverified,
05092.014,05092,25,Mới,Xóm Mới,xóm,moi,14,truoc_2026_07,unverified,
05092.015,05092,25,Mu,Xóm Mu,xóm,mu,15,truoc_2026_07,unverified,
05092.016,05092,25,Nai,Xóm Nai,xóm,nai,16,truoc_2026_07,unverified,
05092.017,05092,25,Tiến,Xóm Tiến,xóm,tien,17,truoc_2026_07,unverified,
05092.018,05092,25,Tiện,Xóm Tiện,xóm,tien,18,truoc_2026_07,unverified,
05092.019,05092,25,Tiềng,Xóm Tiềng,xóm,tieng,19,truoc_2026_07,unverified,
05092.020,05092,25,Tráng,Xóm Tráng,xóm,trang,20,truoc_2026_07,unverified,
05116.001,05116,25,Bảm,Xóm Bảm,xóm,bam,1,truoc_2026_07,unverified,
05116.002,05116,25,Bãi Bệ 1,Xóm Bãi Bệ 1,xóm,bai_be_1,2,truoc_2026_07,unverified,
05116.003,05116,25,Bãi Bệ 2,Xóm Bãi Bệ 2,xóm,bai_be_2,3,truoc_2026_07,unverified,
05116.004,05116,25,Bằng,Xóm Bằng,xóm,bang,4,truoc_2026_07,unverified,
05116.005,05116,25,Bợ,Xóm Bợ,xóm,bo,5,truoc_2026_07,unverified,
05116.006,05116,25,Chao Khạ,Xóm Chao Khạ,xóm,chao_kha,6,truoc_2026_07,unverified,
05116.007,05116,25,Chầm,Xóm Chầm,xóm,cham,7,truoc_2026_07,unverified,
05116.008,05116,25,Dũng Tiến,Xóm Dũng Tiến,xóm,dung_tien,8,truoc_2026_07,unverified,
05116.009,05116,25,Đai,Xóm Đai,xóm,dai,9,truoc_2026_07,unverified,
05116.010,05116,25,Đảy,Xóm Đảy,xóm,day,10,truoc_2026_07,unverified,
05116.011,05116,25,Đồi,Xóm Đồi,xóm,doi,11,truoc_2026_07,unverified,
05116.012,05116,25,Đồng Mới,Xóm Đồng Mới,xóm,dong_moi,12,truoc_2026_07,unverified,
05116.013,05116,25,Đồng Nhất,Xóm Đồng Nhất,xóm,dong_nhat,13,truoc_2026_07,unverified,
05116.014,05116,25,Đội Tây Phong,Xóm Đội Tây Phong,xóm,doi_tay_phong,14,truoc_2026_07,unverified,
05116.015,05116,25,Đúc,Xóm Đúc,xóm,duc,15,truoc_2026_07,unverified,
05116.016,05116,25,Khuận,Xóm Khuận,xóm,khuan,16,truoc_2026_07,unverified,
05116.017,05116,25,Lãi,Xóm Lãi,xóm,lai,17,truoc_2026_07,unverified,
05116.018,05116,25,Mạc,Xóm Mạc,xóm,mac,18,truoc_2026_07,unverified,
05116.019,05116,25,Mới,Xóm Mới,xóm,moi,19,truoc_2026_07,unverified,
05116.020,05116,25,Nam Hồng,Xóm Nam Hồng,xóm,nam_hong,20,truoc_2026_07,unverified,
05116.021,05116,25,Nam Thái,Xóm Nam Thái,xóm,nam_thai,21,truoc_2026_07,unverified,
05116.022,05116,25,Nam Thành,Xóm Nam Thành,xóm,nam_thanh,22,truoc_2026_07,unverified,
05116.023,05116,25,Nà Bái,Xóm Nà Bái,xóm,na_bai,23,truoc_2026_07,unverified,
05116.024,05116,25,Nếp,Xóm Nếp,xóm,nep,24,truoc_2026_07,unverified,
05116.025,05116,25,Ngái,Xóm Ngái,xóm,ngai,25,truoc_2026_07,unverified,
05116.026,05116,25,Ong,Xóm Ong,xóm,ong,26,truoc_2026_07,unverified,
05116.027,05116,25,Pheo,Xóm Pheo,xóm,pheo,27,truoc_2026_07,unverified,
05116.028,05116,25,Phố Bằng,Xóm Phố Bằng,xóm,pho_bang,28,truoc_2026_07,unverified,
05116.029,05116,25,Quà,Xóm Quà,xóm,qua,29,truoc_2026_07,unverified,
05116.030,05116,25,Rớm Khánh,Xóm Rớm Khánh,xóm,rom_khanh,30,truoc_2026_07,unverified,
05116.031,05116,25,Tây Sơn,Xóm Tây Sơn,xóm,tay_son,31,truoc_2026_07,unverified,
05116.032,05116,25,Thang,Xóm Thang,xóm,thang,32,truoc_2026_07,unverified,
05116.033,05116,25,Thôi Bạ,Xóm Thôi Bạ,xóm,thoi_ba,33,truoc_2026_07,unverified,
05116.034,05116,25,Trẹo Ngoài 1,Xóm Trẹo Ngoài 1,xóm,treo_ngoai_1,34,truoc_2026_07,unverified,
05116.035,05116,25,Trẹo Ngoài 2,Xóm Trẹo Ngoài 2,xóm,treo_ngoai_2,35,truoc_2026_07,unverified,
05116.036,05116,25,Trẹo Trong,Xóm Trẹo Trong,xóm,treo_trong,36,truoc_2026_07,unverified,
05116.037,05116,25,Um,Xóm Um,xóm,um,37,truoc_2026_07,unverified,
05128.001,05128,25,An Khang,Khu An Khang,khu,an_khang,1,truoc_2026_07,unverified,
05128.002,05128,25,An Phương,Khu An Phương,khu,an_phuong,2,truoc_2026_07,unverified,
05128.003,05128,25,An Thịnh,Khu An Thịnh,khu,an_thinh,3,truoc_2026_07,unverified,
05128.004,05128,25,Ban Rừng,Khu Ban Rừng,khu,ban_rung,4,truoc_2026_07,unverified,
05128.005,05128,25,Bình Minh,Khu Bình Minh,khu,binh_minh,5,truoc_2026_07,unverified,
05128.006,05128,25,Chiềng Khến,Khu Chiềng Khến,khu,chieng_khen,6,truoc_2026_07,unverified,
05128.007,05128,25,Đoàn Kết,Khu Đoàn Kết,khu,doan_ket,7,truoc_2026_07,unverified,
05128.008,05128,25,Đồng Khì,Khu Đồng Khì,khu,dong_khi,8,truoc_2026_07,unverified,
05128.009,05128,25,Đồng Tiến,Khu Đồng Tiến,khu,dong_tien,9,truoc_2026_07,unverified,
05128.010,05128,25,Đồng Văn,Khu Đồng Văn,khu,dong_van,10,truoc_2026_07,unverified,
05128.011,05128,25,Hồng Dương,Khu Hồng Dương,khu,hong_duong,11,truoc_2026_07,unverified,
05128.012,05128,25,Minh Khai,Khu Minh Khai,khu,minh_khai,12,truoc_2026_07,unverified,
05128.013,05128,25,Mường Cộng,Khu Mường Cộng,khu,muong_cong,13,truoc_2026_07,unverified,
05128.014,05128,25,Mường Đầm,Khu Mường Đầm,khu,muong_dam,14,truoc_2026_07,unverified,
05128.015,05128,25,Mường Định,Khu Mường Định,khu,muong_dinh,15,truoc_2026_07,unverified,
05128.016,05128,25,Mường Khang,Khu Mường Khang,khu,muong_khang,16,truoc_2026_07,unverified,
05128.017,05128,25,Mường Phoi,Khu Mường Phoi,khu,muong_phoi,17,truoc_2026_07,unverified,
05128.018,05128,25,Mường Vui,Khu Mường Vui,khu,muong_vui,18,truoc_2026_07,unverified,
05128.019,05128,25,Tâm Đức,Khu Tâm Đức,khu,tam_duc,19,truoc_2026_07,unverified,
05128.020,05128,25,Tân Hòa,Khu Tân Hòa,khu,tan_hoa,20,truoc_2026_07,unverified,
05128.021,05128,25,Tân Hợp,Khu Tân Hợp,khu,tan_hop,21,truoc_2026_07,unverified,
05128.022,05128,25,Tân Phong,Khu Tân Phong,khu,tan_phong,22,truoc_2026_07,unverified,
05128.023,05128,25,Tân Thịnh,Khu Tân Thịnh,khu,tan_thinh,23,truoc_2026_07,unverified,
05128.024,05128,25,Thanh Bình,Khu Thanh Bình,khu,thanh_binh,24,truoc_2026_07,unverified,
05128.025,05128,25,Thanh Định,Khu Thanh Định,khu,thanh_dinh,25,truoc_2026_07,unverified,
05128.026,05128,25,Văn Đai,Khu Văn Đai,khu,van_dai,26,truoc_2026_07,unverified,
05128.027,05128,25,Yên Bình,Khu Yên Bình,khu,yen_binh,27,truoc_2026_07,unverified,
05128.028,05128,25,40 xóm: 1,Khu 40 xóm: 1,khu,40_xom_1,28,truoc_2026_07,unverified,
05128.029,05128,25,Bái Trang,Khu Bái Trang,khu,bai_trang,29,truoc_2026_07,unverified,
05128.030,05128,25,Bào 1,Khu Bào 1,khu,bao_1,30,truoc_2026_07,unverified,
05128.031,05128,25,Bào 2,Khu Bào 2,khu,bao_2,31,truoc_2026_07,unverified,
05128.032,05128,25,Bin,Khu Bin,khu,bin,32,truoc_2026_07,unverified,
05128.033,05128,25,Bùi Cúc,Khu Bùi Cúc,khu,bui_cuc,33,truoc_2026_07,unverified,
05128.034,05128,25,Bục,Khu Bục,khu,buc,34,truoc_2026_07,unverified,
05128.035,05128,25,Cầu Phung,Khu Cầu Phung,khu,cau_phung,35,truoc_2026_07,unverified,
05128.036,05128,25,Chông Vạch,Khu Chông Vạch,khu,chong_vach,36,truoc_2026_07,unverified,
05128.037,05128,25,Chùa,Khu Chùa,khu,chua,37,truoc_2026_07,unverified,
05128.038,05128,25,Cóc 1,Khu Cóc 1,khu,coc_1,38,truoc_2026_07,unverified,
05128.039,05128,25,Cóc 2,Khu Cóc 2,khu,coc_2,39,truoc_2026_07,unverified,
05128.040,05128,25,Cóm,Khu Cóm,khu,com,40,truoc_2026_07,unverified,
05128.041,05128,25,Cọi Vỉnh,Khu Cọi Vỉnh,khu,coi_vinh,41,truoc_2026_07,unverified,
05128.042,05128,25,Cú,Khu Cú,khu,cu,42,truoc_2026_07,unverified,
05128.043,05128,25,Cụ,Khu Cụ,khu,cu,43,truoc_2026_07,unverified,
05128.044,05128,25,Dường,Khu Dường,khu,duong,44,truoc_2026_07,unverified,
05128.045,05128,25,Đôi,Khu Đôi,khu,doi,45,truoc_2026_07,unverified,
05128.046,05128,25,Đông,Khu Đông,khu,dong,46,truoc_2026_07,unverified,
05128.047,05128,25,Đồi Bưng,Khu Đồi Bưng,khu,doi_bung,47,truoc_2026_07,unverified,
05128.048,05128,25,Đồng Tâm,Khu Đồng Tâm,khu,dong_tam,48,truoc_2026_07,unverified,
05128.049,05128,25,Mu Biệng,Khu Mu Biệng,khu,mu_bieng,49,truoc_2026_07,unverified,
05128.050,05128,25,Muôn Chếch,Khu Muôn Chếch,khu,muon_chech,50,truoc_2026_07,unverified,
05128.051,05128,25,Nen 1,Khu Nen 1,khu,nen_1,51,truoc_2026_07,unverified,
05128.052,05128,25,Nen 2,Khu Nen 2,khu,nen_2,52,truoc_2026_07,unverified,
05128.053,05128,25,Nhót,Khu Nhót,khu,nhot,53,truoc_2026_07,unverified,
05128.054,05128,25,Ổ Gà,Khu Ổ Gà,khu,o_ga,54,truoc_2026_07,unverified,
05128.055,05128,25,Phung 2,Khu Phung 2,khu,phung_2,55,truoc_2026_07,unverified,
05128.056,05128,25,Quạng 2,Khu Quạng 2,khu,quang_2,56,truoc_2026_07,unverified,
05128.057,05128,25,Quạng Lảng,Khu Quạng Lảng,khu,quang_lang,57,truoc_2026_07,unverified,
05128.058,05128,25,Quê Bái,Khu Quê Bái,khu,que_bai,58,truoc_2026_07,unverified,
05128.059,05128,25,Sung,Khu Sung,khu,sung,59,truoc_2026_07,unverified,
05128.060,05128,25,Tam 1,Khu Tam 1,khu,tam_1,60,truoc_2026_07,unverified,
05128.061,05128,25,Tam 2,Khu Tam 2,khu,tam_2,61,truoc_2026_07,unverified,
05128.062,05128,25,Tân Hương,Khu Tân Hương,khu,tan_huong,62,truoc_2026_07,unverified,
05128.063,05128,25,Tân Lai,Khu Tân Lai,khu,tan_lai,63,truoc_2026_07,unverified,
05128.064,05128,25,Tân Ngọc,Khu Tân Ngọc,khu,tan_ngoc,64,truoc_2026_07,unverified,
05128.065,05128,25,Tân Tiến,Khu Tân Tiến,khu,tan_tien,65,truoc_2026_07,unverified,
05128.066,05128,25,Vưa Sống,Khu Vưa Sống,khu,vua_song,66,truoc_2026_07,unverified,
05134.001,05134,25,Đạy,Xóm Đạy,xóm,day,1,truoc_2026_07,unverified,
05134.002,05134,25,Đung,Xóm Đung,xóm,dung,2,truoc_2026_07,unverified,
05134.003,05134,25,Giác,Xóm Giác,xóm,giac,3,truoc_2026_07,unverified,
05134.004,05134,25,Liếm,Xóm Liếm,xóm,liem,4,truoc_2026_07,unverified,
05134.005,05134,25,Mu,Xóm Mu,xóm,mu,5,truoc_2026_07,unverified,
05134.006,05134,25,Mường Kè,Xóm Mường Kè,xóm,muong_ke,6,truoc_2026_07,unverified,
05134.007,05134,25,Nẻ,Xóm Nẻ,xóm,ne,7,truoc_2026_07,unverified,
05134.008,05134,25,Ngau,Xóm Ngau,xóm,ngau,8,truoc_2026_07,unverified,
05134.009,05134,25,Ngòi,Xóm Ngòi,xóm,ngoi,9,truoc_2026_07,unverified,
05134.010,05134,25,Ong,Xóm Ong,xóm,ong,10,truoc_2026_07,unverified,
05134.011,05134,25,Tân Vinh,Xóm Tân Vinh,xóm,tan_vinh,11,truoc_2026_07,unverified,
05134.012,05134,25,Thăm,Xóm Thăm,xóm,tham,12,truoc_2026_07,unverified,
05134.013,05134,25,Thỏi Láo,Xóm Thỏi Láo,xóm,thoi_lao,13,truoc_2026_07,unverified,
05134.014,05134,25,Thung,Xóm Thung,xóm,thung,14,truoc_2026_07,unverified,
05134.015,05134,25,Tớn Thưa,Xóm Tớn Thưa,xóm,ton_thua,15,truoc_2026_07,unverified,
05152.001,05152,25,Bách,Xóm Bách,xóm,bach,1,truoc_2026_07,unverified,
05152.002,05152,25,Bắc Thung,Xóm Bắc Thung,xóm,bac_thung,2,truoc_2026_07,unverified,
05152.003,05152,25,Biệng,Xóm Biệng,xóm,bieng,3,truoc_2026_07,unverified,
05152.004,05152,25,Bo Trẳm,Xóm Bo Trẳm,xóm,bo_tram,4,truoc_2026_07,unverified,
05152.005,05152,25,Bò,Xóm Bò,xóm,bo,5,truoc_2026_07,unverified,
05152.006,05152,25,Bục,Xóm Bục,xóm,buc,6,truoc_2026_07,unverified,
05152.007,05152,25,Bương Bái,Xóm Bương Bái,xóm,buong_bai,7,truoc_2026_07,unverified,
05152.008,05152,25,Cá,Xóm Cá,xóm,ca,8,truoc_2026_07,unverified,
05152.009,05152,25,Chiến,Xóm Chiến,xóm,chien,9,truoc_2026_07,unverified,
05152.010,05152,25,Chiềng,Xóm Chiềng,xóm,chieng,10,truoc_2026_07,unverified,
05152.011,05152,25,Dồ,Xóm Dồ,xóm,do,11,truoc_2026_07,unverified,
05152.012,05152,25,Hày Dưới,Xóm Hày Dưới,xóm,hay_duoi,12,truoc_2026_07,unverified,
05152.013,05152,25,Hày Trên,Xóm Hày Trên,xóm,hay_tren,13,truoc_2026_07,unverified,
05152.014,05152,25,Hò,Xóm Hò,xóm,ho,14,truoc_2026_07,unverified,
05152.015,05152,25,Hưng,Xóm Hưng,xóm,hung,15,truoc_2026_07,unverified,
05152.016,05152,25,Hượp,Xóm Hượp,xóm,huop,16,truoc_2026_07,unverified,
05152.017,05152,25,Khao,Xóm Khao,xóm,khao,17,truoc_2026_07,unverified,
05152.018,05152,25,Lở,Xóm Lở,xóm,lo,18,truoc_2026_07,unverified,
05152.019,05152,25,Luông Cá,Xóm Luông Cá,xóm,luong_ca,19,truoc_2026_07,unverified,
05152.020,05152,25,Luông Dưới,Xóm Luông Dưới,xóm,luong_duoi,20,truoc_2026_07,unverified,
05152.021,05152,25,Lự,Xóm Lự,xóm,lu,21,truoc_2026_07,unverified,
05152.022,05152,25,Mý,Xóm Mý,xóm,my,22,truoc_2026_07,unverified,
05152.023,05152,25,Nghẹ,Xóm Nghẹ,xóm,nghe,23,truoc_2026_07,unverified,
05152.024,05152,25,Tớn Trong,Xóm Tớn Trong,xóm,ton_trong,24,truoc_2026_07,unverified,
05152.025,05152,25,Trẳm,Xóm Trẳm,xóm,tram,25,truoc_2026_07,unverified,
05152.026,05152,25,Xôm,Xóm Xôm,xóm,xom,26,truoc_2026_07,unverified,
05158.001,05158,25,An Phú,Xóm An Phú,xóm,an_phu,1,truoc_2026_07,unverified,
05158.002,05158,25,Báy,Xóm Báy,xóm,bay,2,truoc_2026_07,unverified,
05158.003,05158,25,Bưởi Cại,Xóm Bưởi Cại,xóm,buoi_cai,3,truoc_2026_07,unverified,
05158.004,05158,25,Chuông,Xóm Chuông,xóm,chuong,4,truoc_2026_07,unverified,
05158.005,05158,25,Chù Bụa,Xóm Chù Bụa,xóm,chu_bua,5,truoc_2026_07,unverified,
05158.006,05158,25,Đon,Xóm Đon,xóm,don,6,truoc_2026_07,unverified,
05158.007,05158,25,Kha Lạ,Xóm Kha Lạ,xóm,kha_la,7,truoc_2026_07,unverified,
05158.008,05158,25,Khanh,Xóm Khanh,xóm,khanh,8,truoc_2026_07,unverified,
05158.009,05158,25,Khiềng,Xóm Khiềng,xóm,khieng,9,truoc_2026_07,unverified,
05158.010,05158,25,Khời,Xóm Khời,xóm,khoi,10,truoc_2026_07,unverified,
05158.011,05158,25,Lâm Lưu,Xóm Lâm Lưu,xóm,lam_luu,11,truoc_2026_07,unverified,
05158.012,05158,25,Lũy Ải,Xóm Lũy Ải,xóm,luy_ai,12,truoc_2026_07,unverified,
05158.013,05158,25,Mường Chạo,Xóm Mường Chạo,xóm,muong_chao,13,truoc_2026_07,unverified,
05158.014,05158,25,Mường Kem,Xóm Mường Kem,xóm,muong_kem,14,truoc_2026_07,unverified,
05158.015,05158,25,Mường Khạng,Xóm Mường Khạng,xóm,muong_khang,15,truoc_2026_07,unverified,
05158.016,05158,25,Mường Khung,Xóm Mường Khung,xóm,muong_khung,16,truoc_2026_07,unverified,
05158.017,05158,25,Mường Lầm,Xóm Mường Lầm,xóm,muong_lam,17,truoc_2026_07,unverified,
05158.018,05158,25,Mường Lồ,Xóm Mường Lồ,xóm,muong_lo,18,truoc_2026_07,unverified,
05158.019,05158,25,Ngay,Xóm Ngay,xóm,ngay,19,truoc_2026_07,unverified,
05158.020,05158,25,Sơn Phú,Xóm Sơn Phú,xóm,son_phu,20,truoc_2026_07,unverified,
05158.021,05158,25,Sung Mùi,Xóm Sung Mùi,xóm,sung_mui,21,truoc_2026_07,unverified,
05158.022,05158,25,Tằm Bát,Xóm Tằm Bát,xóm,tam_bat,22,truoc_2026_07,unverified,
05158.023,05158,25,Tân Bình,Xóm Tân Bình,xóm,tan_binh,23,truoc_2026_07,unverified,
05158.024,05158,25,Tân Phong,Xóm Tân Phong,xóm,tan_phong,24,truoc_2026_07,unverified,
05158.025,05158,25,Tân Phú,Xóm Tân Phú,xóm,tan_phu,25,truoc_2026_07,unverified,
05158.026,05158,25,Trao,Xóm Trao,xóm,trao,26,truoc_2026_07,unverified,
05158.027,05158,25,Trọng Phú,Xóm Trọng Phú,xóm,trong_phu,27,truoc_2026_07,unverified,
05158.028,05158,25,Vìn Bái,Xóm Vìn Bái,xóm,vin_bai,28,truoc_2026_07,unverified,
05158.029,05158,25,Vó,Xóm Vó,xóm,vo,29,truoc_2026_07,unverified,
05191.001,05191,25,Ào U,Xóm Ào U,xóm,ao_u,1,truoc_2026_07,unverified,
05191.002,05191,25,Bận Dọi,Xóm Bận Dọi,xóm,ban_doi,2,truoc_2026_07,unverified,
05191.003,05191,25,Bùi Nước,Xóm Bùi Nước,xóm,bui_nuoc,3,truoc_2026_07,unverified,
05191.004,05191,25,Chiềng,Xóm Chiềng,xóm,chieng,4,truoc_2026_07,unverified,
05191.005,05191,25,Chiềng Đồi,Xóm Chiềng Đồi,xóm,chieng_doi,5,truoc_2026_07,unverified,
05191.006,05191,25,Cò,Xóm Cò,xóm,co,6,truoc_2026_07,unverified,
05191.007,05191,25,Đá,Xóm Đá,xóm,da,7,truoc_2026_07,unverified,
05191.008,05191,25,Đồi Bệ,Xóm Đồi Bệ,xóm,doi_be,8,truoc_2026_07,unverified,
05191.009,05191,25,Đừng,Xóm Đừng,xóm,dung,9,truoc_2026_07,unverified,
05191.010,05191,25,Gia Phú,Xóm Gia Phú,xóm,gia_phu,10,truoc_2026_07,unverified,
05191.011,05191,25,Hông Thọng,Xóm Hông Thọng,xóm,hong_thong,11,truoc_2026_07,unverified,
05191.012,05191,25,Khi,Xóm Khi,xóm,khi,12,truoc_2026_07,unverified,
05191.013,05191,25,Mường Dạ,Xóm Mường Dạ,xóm,muong_da,13,truoc_2026_07,unverified,
05191.014,05191,25,Nghẹ,Xóm Nghẹ,xóm,nghe,14,truoc_2026_07,unverified,
05191.015,05191,25,Rên,Xóm Rên,xóm,ren,15,truoc_2026_07,unverified,
05191.016,05191,25,Sống,Xóm Sống,xóm,song,16,truoc_2026_07,unverified,
05191.017,05191,25,Tân Lập,Xóm Tân Lập,xóm,tan_lap,17,truoc_2026_07,unverified,
05191.018,05191,25,Tân Thành,Xóm Tân Thành,xóm,tan_thanh,18,truoc_2026_07,unverified,
05191.019,05191,25,Trang,Xóm Trang,xóm,trang,19,truoc_2026_07,unverified,
05191.020,05191,25,Trám,Xóm Trám,xóm,tram,20,truoc_2026_07,unverified,
05191.021,05191,25,Trăng Tà,Xóm Trăng Tà,xóm,trang_ta,21,truoc_2026_07,unverified,
05191.022,05191,25,Úi,Xóm Úi,xóm,ui,22,truoc_2026_07,unverified,
05206.001,05206,25,Ban,Xóm Ban,xóm,ban,1,truoc_2026_07,unverified,
05206.002,05206,25,Bãi Cả,Xóm Bãi Cả,xóm,bai_ca,2,truoc_2026_07,unverified,
05206.003,05206,25,Cải,Xóm Cải,xóm,cai,3,truoc_2026_07,unverified,
05206.004,05206,25,Chiêng,Xóm Chiêng,xóm,chieng,4,truoc_2026_07,unverified,
05206.005,05206,25,Diềm 2,Xóm Diềm 2,xóm,diem_2,5,truoc_2026_07,unverified,
05206.006,05206,25,Đá Đỏ,Xóm Đá Đỏ,xóm,da_do,6,truoc_2026_07,unverified,
05206.007,05206,25,Gò Lào,Xóm Gò Lào,xóm,go_lao,7,truoc_2026_07,unverified,
05206.008,05206,25,Khan Hạ,Xóm Khan Hạ,xóm,khan_ha,8,truoc_2026_07,unverified,
05206.009,05206,25,Khan Hò,Xóm Khan Hò,xóm,khan_ho,9,truoc_2026_07,unverified,
05206.010,05206,25,Khan Thượng,Xóm Khan Thượng,xóm,khan_thuong,10,truoc_2026_07,unverified,
05206.011,05206,25,Mó Rút,Xóm Mó Rút,xóm,mo_rut,11,truoc_2026_07,unverified,
05206.012,05206,25,Nánh Nhân,Xóm Nánh Nhân,xóm,nanh_nhan,12,truoc_2026_07,unverified,
05206.013,05206,25,Nà Bó,Xóm Nà Bó,xóm,na_bo,13,truoc_2026_07,unverified,
05206.014,05206,25,Nọt,Xóm Nọt,xóm,not,14,truoc_2026_07,unverified,
05206.015,05206,25,Phúc,Xóm Phúc,xóm,phuc,15,truoc_2026_07,unverified,
05206.016,05206,25,Sạn Sộp,Xóm Sạn Sộp,xóm,san_sop,16,truoc_2026_07,unverified,
05206.017,05206,25,So Lo,Xóm So Lo,xóm,so_lo,17,truoc_2026_07,unverified,
05206.018,05206,25,Suối Nhúng,Xóm Suối Nhúng,xóm,suoi_nhung,18,truoc_2026_07,unverified,
05206.019,05206,25,Suối Lốn,Xóm Suối Lốn,xóm,suoi_lon,19,truoc_2026_07,unverified,
05206.020,05206,25,Tân Thủy,Xóm Tân Thủy,xóm,tan_thuy,20,truoc_2026_07,unverified,
05206.021,05206,25,Tôm,Xóm Tôm,xóm,tom,21,truoc_2026_07,unverified,
05212.001,05212,25,Bò Báu,Xóm Bò Báu,xóm,bo_bau,1,truoc_2026_07,unverified,
05212.002,05212,25,Bò Liêm,Xóm Bò Liêm,xóm,bo_liem,2,truoc_2026_07,unverified,
05212.003,05212,25,Cang,Xóm Cang,xóm,cang,3,truoc_2026_07,unverified,
05212.004,05212,25,Chà Đáy,Xóm Chà Đáy,xóm,cha_day,4,truoc_2026_07,unverified,
05212.005,05212,25,Cun,Xóm Cun,xóm,cun,5,truoc_2026_07,unverified,
05212.006,05212,25,Hang Kia,Xóm Hang Kia,xóm,hang_kia,6,truoc_2026_07,unverified,
05212.007,05212,25,Mượt,Xóm Mượt,xóm,muot,7,truoc_2026_07,unverified,
05212.008,05212,25,Pà Cò 1,Xóm Pà Cò 1,xóm,pa_co_1,8,truoc_2026_07,unverified,
05212.009,05212,25,Pà Cò Lớn,Xóm Pà Cò Lớn,xóm,pa_co_lon,9,truoc_2026_07,unverified,
05212.010,05212,25,Pà Háng Lớn,Xóm Pà Háng Lớn,xóm,pa_hang_lon,10,truoc_2026_07,unverified,
05212.011,05212,25,Pà Khôm,Xóm Pà Khôm,xóm,pa_khom,11,truoc_2026_07,unverified,
05212.012,05212,25,Pheo,Xóm Pheo,xóm,pheo,12,truoc_2026_07,unverified,
05212.013,05212,25,Tam Hòa,Xóm Tam Hòa,xóm,tam_hoa,13,truoc_2026_07,unverified,
05212.014,05212,25,Táu Nà,Xóm Táu Nà,xóm,tau_na,14,truoc_2026_07,unverified,
05212.015,05212,25,Thung Ẳng,Xóm Thung Ẳng,xóm,thung_ang,15,truoc_2026_07,unverified,
05212.016,05212,25,Thung Mài,Xóm Thung Mài,xóm,thung_mai,16,truoc_2026_07,unverified,
05212.017,05212,25,Thung Mặn,Xóm Thung Mặn,xóm,thung_man,17,truoc_2026_07,unverified,
05212.018,05212,25,Xà Lính,Xóm Xà Lính,xóm,xa_linh,18,truoc_2026_07,unverified,
05245.001,05245,25,Báo,Xóm Báo,xóm,bao,1,truoc_2026_07,unverified,
05245.002,05245,25,Băng,Xóm Băng,xóm,bang,2,truoc_2026_07,unverified,
05245.003,05245,25,Bước,Xóm Bước,xóm,buoc,3,truoc_2026_07,unverified,
05245.004,05245,25,Cha Lang,Xóm Cha Lang,xóm,cha_lang,4,truoc_2026_07,unverified,
05245.005,05245,25,Chiềng Pùng,Xóm Chiềng Pùng,xóm,chieng_pung,5,truoc_2026_07,unverified,
05245.006,05245,25,Dến,Xóm Dến,xóm,den,6,truoc_2026_07,unverified,
05245.007,05245,25,Hải Sơn,Xóm Hải Sơn,xóm,hai_son,7,truoc_2026_07,unverified,
05245.008,05245,25,Hịch 1,Xóm Hịch 1,xóm,hich_1,8,truoc_2026_07,unverified,
05245.009,05245,25,Hịch 2,Xóm Hịch 2,xóm,hich_2,9,truoc_2026_07,unverified,
05245.010,05245,25,Khòe,Xóm Khòe,xóm,khoe,10,truoc_2026_07,unverified,
05245.011,05245,25,Mai Hoàng Sơn,Xóm Mai Hoàng Sơn,xóm,mai_hoang_son,11,truoc_2026_07,unverified,
05245.012,05245,25,Nám,Xóm Nám,xóm,nam,12,truoc_2026_07,unverified,
05245.013,05245,25,Nà Chào,Xóm Nà Chào,xóm,na_chao,13,truoc_2026_07,unverified,
05245.014,05245,25,Ngõa,Xóm Ngõa,xóm,ngoa,14,truoc_2026_07,unverified,
05245.015,05245,25,Pạnh,Xóm Pạnh,xóm,panh,15,truoc_2026_07,unverified,
05245.016,05245,25,Phày Mòn,Xóm Phày Mòn,xóm,phay_mon,16,truoc_2026_07,unverified,
05245.017,05245,25,Pu,Xóm Pu,xóm,pu,17,truoc_2026_07,unverified,
05245.018,05245,25,Quyết Thắng,Xóm Quyết Thắng,xóm,quyet_thang,18,truoc_2026_07,unverified,
05245.019,05245,25,Sun,Xóm Sun,xóm,sun,19,truoc_2026_07,unverified,
05245.020,05245,25,Te,Xóm Te,xóm,te,20,truoc_2026_07,unverified,
05245.021,05245,25,Vanh,Xóm Vanh,xóm,vanh,21,truoc_2026_07,unverified,
05245.022,05245,25,Vặn,Xóm Vặn,xóm,van,22,truoc_2026_07,unverified,
05245.023,05245,25,Vế,Xóm Vế,xóm,ve,23,truoc_2026_07,unverified,
05245.024,05245,25,Xuân Tiến,Xóm Xuân Tiến,xóm,xuan_tien,24,truoc_2026_07,unverified,
05251.001,05251,25,Chiềng Châu,Xóm Chiềng Châu,xóm,chieng_chau,1,truoc_2026_07,unverified,
05251.002,05251,25,Chiềng Hạ,Xóm Chiềng Hạ,xóm,chieng_ha,2,truoc_2026_07,unverified,
05251.003,05251,25,Củm,Xóm Củm,xóm,cum,3,truoc_2026_07,unverified,
05251.004,05251,25,Đồng Uống,Xóm Đồng Uống,xóm,dong_uong,4,truoc_2026_07,unverified,
05251.005,05251,25,Khán,Xóm Khán,xóm,khan,5,truoc_2026_07,unverified,
05251.006,05251,25,Khả,Xóm Khả,xóm,kha,6,truoc_2026_07,unverified,
05251.007,05251,25,Lạc,Xóm Lạc,xóm,lac,7,truoc_2026_07,unverified,
05251.008,05251,25,Lầu,Xóm Lầu,xóm,lau,8,truoc_2026_07,unverified,
05251.009,05251,25,Lọng,Xóm Lọng,xóm,long,9,truoc_2026_07,unverified,
05251.010,05251,25,Mỏ,Xóm Mỏ,xóm,mo,10,truoc_2026_07,unverified,
05251.011,05251,25,Nông Cụ,Xóm Nông Cụ,xóm,nong_cu,11,truoc_2026_07,unverified,
05251.012,05251,25,Nghẹ,Xóm Nghẹ,xóm,nghe,12,truoc_2026_07,unverified,
05251.013,05251,25,Sài Khao,Xóm Sài Khao,xóm,sai_khao,13,truoc_2026_07,unverified,
05251.014,05251,25,Thanh Mai,Xóm Thanh Mai,xóm,thanh_mai,14,truoc_2026_07,unverified,
05251.015,05251,25,Thanh Mỹ,Xóm Thanh Mỹ,xóm,thanh_my,15,truoc_2026_07,unverified,
05251.016,05251,25,Tiền Phong,Xóm Tiền Phong,xóm,tien_phong,16,truoc_2026_07,unverified,
05287.001,05287,25,Cáo,Xóm Cáo,xóm,cao,1,truoc_2026_07,unverified,
05287.002,05287,25,Chạo Nạc,Xóm Chạo Nạc,xóm,chao_nac,2,truoc_2026_07,unverified,
05287.003,05287,25,Chiềng Vang 1,Xóm Chiềng Vang 1,xóm,chieng_vang_1,3,truoc_2026_07,unverified,
05287.004,05287,25,Chiềng Vang 2,Xóm Chiềng Vang 2,xóm,chieng_vang_2,4,truoc_2026_07,unverified,
05287.005,05287,25,Cốc,Xóm Cốc,xóm,coc,5,truoc_2026_07,unverified,
05287.006,05287,25,Củ,Xóm Củ,xóm,cu,6,truoc_2026_07,unverified,
05287.007,05287,25,Dọi,Xóm Dọi,xóm,doi,7,truoc_2026_07,unverified,
05287.008,05287,25,Đanh,Xóm Đanh,xóm,danh,8,truoc_2026_07,unverified,
05287.009,05287,25,Đào,Xóm Đào,xóm,dao,9,truoc_2026_07,unverified,
05287.010,05287,25,Đấc,Xóm Đấc,xóm,dac,10,truoc_2026_07,unverified,
05287.011,05287,25,Đồi Đong,Xóm Đồi Đong,xóm,doi_dong,11,truoc_2026_07,unverified,
05287.012,05287,25,Đồng,Xóm Đồng,xóm,dong,12,truoc_2026_07,unverified,
05287.013,05287,25,Khả,Xóm Khả,xóm,kha,13,truoc_2026_07,unverified,
05287.014,05287,25,Khụ,Xóm Khụ,xóm,khu,14,truoc_2026_07,unverified,
05287.015,05287,25,Lâm,Xóm Lâm,xóm,lam,15,truoc_2026_07,unverified,
05287.016,05287,25,Lâu Kỵ,Xóm Lâu Kỵ,xóm,lau_ky,16,truoc_2026_07,unverified,
05287.017,05287,25,Mòi 1,Xóm Mòi 1,xóm,moi_1,17,truoc_2026_07,unverified,
05287.018,05287,25,Mòi 2,Xóm Mòi 2,xóm,moi_2,18,truoc_2026_07,unverified,
05287.019,05287,25,Mọi Mới,Xóm Mọi Mới,xóm,moi_moi,19,truoc_2026_07,unverified,
05287.020,05287,25,Nganh,Xóm Nganh,xóm,nganh,20,truoc_2026_07,unverified,
05287.021,05287,25,Ngọc,Xóm Ngọc,xóm,ngoc,21,truoc_2026_07,unverified,
05287.022,05287,25,Quàn,Xóm Quàn,xóm,quan,22,truoc_2026_07,unverified,
05287.023,05287,25,Rài,Xóm Rài,xóm,rai,23,truoc_2026_07,unverified,
05287.024,05287,25,Rậm,Xóm Rậm,xóm,ram,24,truoc_2026_07,unverified,
05287.025,05287,25,Rậm Kẻm,Xóm Rậm Kẻm,xóm,ram_kem,25,truoc_2026_07,unverified,
05287.026,05287,25,Sào Mọng,Xóm Sào Mọng,xóm,sao_mong,26,truoc_2026_07,unverified,
05287.027,05287,25,Thang,Xóm Thang,xóm,thang,27,truoc_2026_07,unverified,
05287.028,05287,25,Thêu,Xóm Thêu,xóm,theu,28,truoc_2026_07,unverified,
05287.029,05287,25,Thung 1,Xóm Thung 1,xóm,thung_1,29,truoc_2026_07,unverified,
05287.030,05287,25,Thung 2,Xóm Thung 2,xóm,thung_2,30,truoc_2026_07,unverified,
05287.031,05287,25,Tôm Dưới,Xóm Tôm Dưới,xóm,tom_duoi,31,truoc_2026_07,unverified,
05287.032,05287,25,Tôm Trên,Xóm Tôm Trên,xóm,tom_tren,32,truoc_2026_07,unverified,
05287.033,05287,25,Trại Sào,Xóm Trại Sào,xóm,trai_sao,33,truoc_2026_07,unverified,
05287.034,05287,25,Vẹ,Xóm Vẹ,xóm,ve,34,truoc_2026_07,unverified,
05293.001,05293,25,Anh,Xóm Anh,xóm,anh,1,truoc_2026_07,unverified,
05293.002,05293,25,Cáo,Xóm Cáo,xóm,cao,2,truoc_2026_07,unverified,
05293.003,05293,25,Cốc,Xóm Cốc,xóm,coc,3,truoc_2026_07,unverified,
05293.004,05293,25,Dóm Bái,Xóm Dóm Bái,xóm,dom_bai,4,truoc_2026_07,unverified,
05293.005,05293,25,Đồng Tâm,Xóm Đồng Tâm,xóm,dong_tam,5,truoc_2026_07,unverified,
05293.006,05293,25,Khang Trào,Xóm Khang Trào,xóm,khang_trao,6,truoc_2026_07,unverified,
05293.007,05293,25,Khặng Vát,Xóm Khặng Vát,xóm,khang_vat,7,truoc_2026_07,unverified,
05293.008,05293,25,Khụ,Xóm Khụ,xóm,khu,8,truoc_2026_07,unverified,
05293.009,05293,25,La Văn Cầu,Xóm La Văn Cầu,xóm,la_van_cau,9,truoc_2026_07,unverified,
05293.010,05293,25,Lội Mương,Xóm Lội Mương,xóm,loi_muong,10,truoc_2026_07,unverified,
05293.011,05293,25,Luống,Xóm Luống,xóm,luong,11,truoc_2026_07,unverified,
05293.012,05293,25,Mận Bùi,Xóm Mận Bùi,xóm,man_bui,12,truoc_2026_07,unverified,
05293.013,05293,25,Mè Cổm,Xóm Mè Cổm,xóm,me_com,13,truoc_2026_07,unverified,
05293.014,05293,25,Mới,Xóm Mới,xóm,moi,14,truoc_2026_07,unverified,
05293.015,05293,25,Ốc,Xóm Ốc,xóm,oc,15,truoc_2026_07,unverified,
05293.016,05293,25,Ráy,Xóm Ráy,xóm,ray,16,truoc_2026_07,unverified,
05293.017,05293,25,Răng Thiển,Xóm Răng Thiển,xóm,rang_thien,17,truoc_2026_07,unverified,
05293.018,05293,25,Rậm Cọ,Xóm Rậm Cọ,xóm,ram_co,18,truoc_2026_07,unverified,
05293.019,05293,25,Rểnh,Xóm Rểnh,xóm,renh,19,truoc_2026_07,unverified,
05293.020,05293,25,Rộc Khửm,Xóm Rộc Khửm,xóm,roc_khum,20,truoc_2026_07,unverified,
05293.021,05293,25,Thăn,Xóm Thăn,xóm,than,21,truoc_2026_07,unverified,
05293.022,05293,25,Thây Voi,Xóm Thây Voi,xóm,thay_voi,22,truoc_2026_07,unverified,
05293.023,05293,25,Thượng Riêng,Xóm Thượng Riêng,xóm,thuong_rieng,23,truoc_2026_07,unverified,
05293.024,05293,25,Trang 1,Xóm Trang 1,xóm,trang_1,24,truoc_2026_07,unverified,
05293.025,05293,25,Trang 2,Xóm Trang 2,xóm,trang_2,25,truoc_2026_07,unverified,
05293.026,05293,25,Tre,Xóm Tre,xóm,tre,26,truoc_2026_07,unverified,
05293.027,05293,25,Tre Báng,Xóm Tre Báng,xóm,tre_bang,27,truoc_2026_07,unverified,
05293.028,05293,25,Vôi Hạ,Xóm Vôi Hạ,xóm,voi_ha,28,truoc_2026_07,unverified,
05305.001,05305,25,Bắp 2,Xóm Bắp 2,xóm,bap_2,1,truoc_2026_07,unverified,
05305.002,05305,25,Bợ,Xóm Bợ,xóm,bo,2,truoc_2026_07,unverified,
05305.003,05305,25,Bùi Bái,Xóm Bùi Bái,xóm,bui_bai,3,truoc_2026_07,unverified,
05305.004,05305,25,Chuông Bắp,Xóm Chuông Bắp,xóm,chuong_bap,4,truoc_2026_07,unverified,
05305.005,05305,25,Cọi,Xóm Cọi,xóm,coi,5,truoc_2026_07,unverified,
05305.006,05305,25,Cuốc,Xóm Cuốc,xóm,cuoc,6,truoc_2026_07,unverified,
05305.007,05305,25,Đanh,Xóm Đanh,xóm,danh,7,truoc_2026_07,unverified,
05305.008,05305,25,Húng,Xóm Húng,xóm,hung,8,truoc_2026_07,unverified,
05305.009,05305,25,Khen,Xóm Khen,xóm,khen,9,truoc_2026_07,unverified,
05305.010,05305,25,Khi,Xóm Khi,xóm,khi,10,truoc_2026_07,unverified,
05305.011,05305,25,Khướng,Xóm Khướng,xóm,khuong,11,truoc_2026_07,unverified,
05305.012,05305,25,Nam Hòa 1,Xóm Nam Hòa 1,xóm,nam_hoa_1,12,truoc_2026_07,unverified,
05305.013,05305,25,Nam Hòa 2,Xóm Nam Hòa 2,xóm,nam_hoa_2,13,truoc_2026_07,unverified,
05305.014,05305,25,Ngải,Xóm Ngải,xóm,ngai,14,truoc_2026_07,unverified,
05305.015,05305,25,Ngã Ba,Xóm Ngã Ba,xóm,nga_ba,15,truoc_2026_07,unverified,
05305.016,05305,25,Nhụn,Xóm Nhụn,xóm,nhun,16,truoc_2026_07,unverified,
05305.017,05305,25,Ninh Sơn,Xóm Ninh Sơn,xóm,ninh_son,17,truoc_2026_07,unverified,
05305.018,05305,25,Rộc,Xóm Rộc,xóm,roc,18,truoc_2026_07,unverified,
05305.019,05305,25,Thượng Bầu,Xóm Thượng Bầu,xóm,thuong_bau,19,truoc_2026_07,unverified,
05305.020,05305,25,Trắng Cát,Xóm Trắng Cát,xóm,trang_cat,20,truoc_2026_07,unverified,
05305.021,05305,25,Trắng Đá,Xóm Trắng Đá,xóm,trang_da,21,truoc_2026_07,unverified,
05305.022,05305,25,Trắng Đồi,Xóm Trắng Đồi,xóm,trang_doi,22,truoc_2026_07,unverified,
05305.023,05305,25,Vành,Xóm Vành,xóm,vanh,23,truoc_2026_07,unverified,
05305.024,05305,25,Vành Rả,Xóm Vành Rả,xóm,vanh_ra,24,truoc_2026_07,unverified,
05305.025,05305,25,Vỏ,Xóm Vỏ,xóm,vo,25,truoc_2026_07,unverified,
05305.026,05305,25,Vốc,Xóm Vốc,xóm,voc,26,truoc_2026_07,unverified,
05305.027,05305,25,Xưa Hạ,Xóm Xưa Hạ,xóm,xua_ha,27,truoc_2026_07,unverified,
05323.001,05323,25,Ba Khoang,Xóm Ba Khoang,xóm,ba_khoang,1,truoc_2026_07,unverified,
05323.002,05323,25,Bai Chim,Xóm Bai Chim,xóm,bai_chim,2,truoc_2026_07,unverified,
05323.003,05323,25,Bai Khưa,Xóm Bai Khưa,xóm,bai_khua,3,truoc_2026_07,unverified,
05323.004,05323,25,Bai Vớn,Xóm Bai Vớn,xóm,bai_von,4,truoc_2026_07,unverified,
05323.005,05323,25,Bán Ngoài,Xóm Bán Ngoài,xóm,ban_ngoai,5,truoc_2026_07,unverified,
05323.006,05323,25,Bán Trong,Xóm Bán Trong,xóm,ban_trong,6,truoc_2026_07,unverified,
05323.007,05323,25,Băn Chao,Xóm Băn Chao,xóm,ban_chao,7,truoc_2026_07,unverified,
05323.008,05323,25,Be Dưới,Xóm Be Dưới,xóm,be_duoi,8,truoc_2026_07,unverified,
05323.009,05323,25,Be Ngoài,Xóm Be Ngoài,xóm,be_ngoai,9,truoc_2026_07,unverified,
05323.010,05323,25,Be Trên,Xóm Be Trên,xóm,be_tren,10,truoc_2026_07,unverified,
05323.011,05323,25,Châu Tróng,Xóm Châu Tróng,xóm,chau_trong,11,truoc_2026_07,unverified,
05323.012,05323,25,Chiềng,Xóm Chiềng,xóm,chieng,12,truoc_2026_07,unverified,
05323.013,05323,25,Dồng Cài,Xóm Dồng Cài,xóm,dong_cai,13,truoc_2026_07,unverified,
05323.014,05323,25,Duộng Rềnh,Xóm Duộng Rềnh,xóm,duong_renh,14,truoc_2026_07,unverified,
05323.015,05323,25,Đảng 1,Xóm Đảng 1,xóm,dang_1,15,truoc_2026_07,unverified,
05323.016,05323,25,Đảng 2,Xóm Đảng 2,xóm,dang_2,16,truoc_2026_07,unverified,
05323.017,05323,25,Đôm Hạ,Xóm Đôm Hạ,xóm,dom_ha,17,truoc_2026_07,unverified,
05323.018,05323,25,Đôm Thượng,Xóm Đôm Thượng,xóm,dom_thuong,18,truoc_2026_07,unverified,
05323.019,05323,25,Éo,Xóm Éo,xóm,eo,19,truoc_2026_07,unverified,
05323.020,05323,25,Giang Bãi,Xóm Giang Bãi,xóm,giang_bai,20,truoc_2026_07,unverified,
05323.021,05323,25,Khải Cai,Xóm Khải Cai,xóm,khai_cai,21,truoc_2026_07,unverified,
05323.022,05323,25,Kho,Xóm Kho,xóm,kho,22,truoc_2026_07,unverified,
05323.023,05323,25,Mận Thơng,Xóm Mận Thơng,xóm,man_thong,23,truoc_2026_07,unverified,
05323.024,05323,25,Mương Chóng,Xóm Mương Chóng,xóm,muong_chong,24,truoc_2026_07,unverified,
05323.025,05323,25,Mượng Hạ,Xóm Mượng Hạ,xóm,muong_ha,25,truoc_2026_07,unverified,
05323.026,05323,25,Nàng,Xóm Nàng,xóm,nang,26,truoc_2026_07,unverified,
05323.027,05323,25,Ong Man,Xóm Ong Man,xóm,ong_man,27,truoc_2026_07,unverified,
05323.028,05323,25,Ót,Xóm Ót,xóm,ot,28,truoc_2026_07,unverified,
05323.029,05323,25,Phản Chuông,Xóm Phản Chuông,xóm,phan_chuong,29,truoc_2026_07,unverified,
05323.030,05323,25,Pheo,Xóm Pheo,xóm,pheo,30,truoc_2026_07,unverified,
05323.031,05323,25,Quyển,Xóm Quyển,xóm,quyen,31,truoc_2026_07,unverified,
05323.032,05323,25,Rảy,Xóm Rảy,xóm,ray,32,truoc_2026_07,unverified,
05323.033,05323,25,Rẽ Vơng,Xóm Rẽ Vơng,xóm,re_vong,33,truoc_2026_07,unverified,
05323.034,05323,25,Thếnh,Xóm Thếnh,xóm,thenh,34,truoc_2026_07,unverified,
05323.035,05323,25,Trám Chất,Xóm Trám Chất,xóm,tram_chat,35,truoc_2026_07,unverified,
05323.036,05323,25,Trẳm,Xóm Trẳm,xóm,tram,36,truoc_2026_07,unverified,
05323.037,05323,25,Vó,Xóm Vó,xóm,vo,37,truoc_2026_07,unverified,
05323.038,05323,25,Yến Báy,Xóm Yến Báy,xóm,yen_bay,38,truoc_2026_07,unverified,
05353.001,05353,25,Yên Hòa,Xóm Yên Hòa,xóm,yen_hoa,1,truoc_2026_07,unverified,
05353.002,05353,25,Dom,Xóm Dom,xóm,dom,2,truoc_2026_07,unverified,
05353.003,05353,25,Cả,Xóm Cả,xóm,ca,3,truoc_2026_07,unverified,
05353.004,05353,25,Khang,Xóm Khang,xóm,khang,4,truoc_2026_07,unverified,
05353.005,05353,25,Chóng,Xóm Chóng,xóm,chong,5,truoc_2026_07,unverified,
05353.006,05353,25,Ót,Xóm Ót,xóm,ot,6,truoc_2026_07,unverified,
05353.007,05353,25,Lạc Vượng,Xóm Lạc Vượng,xóm,lac_vuong,7,truoc_2026_07,unverified,
05353.008,05353,25,Tân Thịnh,Xóm Tân Thịnh,xóm,tan_thinh,8,truoc_2026_07,unverified,
05353.009,05353,25,Khánh Ninh,Xóm Khánh Ninh,xóm,khanh_ninh,9,truoc_2026_07,unverified,
05353.010,05353,25,Yên Sơn,Xóm Yên Sơn,xóm,yen_son,10,truoc_2026_07,unverified,
05362.001,05362,25,Bãi Cả,Xóm Bãi Cả,xóm,bai_ca,1,truoc_2026_07,unverified,
05362.002,05362,25,Bãi Đa,Xóm Bãi Đa,xóm,bai_da,2,truoc_2026_07,unverified,
05362.003,05362,25,Bèo,Xóm Bèo,xóm,beo,3,truoc_2026_07,unverified,
05362.004,05362,25,Chồn Nâu,Xóm Chồn Nâu,xóm,chon_nau,4,truoc_2026_07,unverified,
05362.005,05362,25,Dân Lập,Xóm Dân Lập,xóm,dan_lap,5,truoc_2026_07,unverified,
05362.006,05362,25,Đầm,Xóm Đầm,xóm,dam,6,truoc_2026_07,unverified,
05362.007,05362,25,Đội 2,Xóm Đội 2,xóm,doi_2,7,truoc_2026_07,unverified,
05362.008,05362,25,Heo,Xóm Heo,xóm,heo,8,truoc_2026_07,unverified,
05362.009,05362,25,Hiệu,Xóm Hiệu,xóm,hieu,9,truoc_2026_07,unverified,
05362.010,05362,25,Hồng,Xóm Hồng,xóm,hong,10,truoc_2026_07,unverified,
05362.011,05362,25,Hơm,Xóm Hơm,xóm,hom,11,truoc_2026_07,unverified,
05362.012,05362,25,Hợp Lý,Xóm Hợp Lý,xóm,hop_ly,12,truoc_2026_07,unverified,
05362.013,05362,25,Hợp Nhất,Xóm Hợp Nhất,xóm,hop_nhat,13,truoc_2026_07,unverified,
05362.014,05362,25,Hợp Thành,Xóm Hợp Thành,xóm,hop_thanh,14,truoc_2026_07,unverified,
05362.015,05362,25,Khạ,Xóm Khạ,xóm,kha,15,truoc_2026_07,unverified,
05362.016,05362,25,Khuyển,Xóm Khuyển,xóm,khuyen,16,truoc_2026_07,unverified,
05362.017,05362,25,Lương Cao,Xóm Lương Cao,xóm,luong_cao,17,truoc_2026_07,unverified,
05362.018,05362,25,Lương Mỹ,Xóm Lương Mỹ,xóm,luong_my,18,truoc_2026_07,unverified,
05362.019,05362,25,Lương Thành,Xóm Lương Thành,xóm,luong_thanh,19,truoc_2026_07,unverified,
05362.020,05362,25,Lương Tiến,Xóm Lương Tiến,xóm,luong_tien,20,truoc_2026_07,unverified,
05362.021,05362,25,Minh Tiến,Xóm Minh Tiến,xóm,minh_tien,21,truoc_2026_07,unverified,
05362.022,05362,25,Nghia,Xóm Nghia,xóm,nghia,22,truoc_2026_07,unverified,
05362.023,05362,25,Nhang,Xóm Nhang,xóm,nhang,23,truoc_2026_07,unverified,
05362.024,05362,25,Nhuội,Xóm Nhuội,xóm,nhuoi,24,truoc_2026_07,unverified,
05362.025,05362,25,Quyết Thắng,Xóm Quyết Thắng,xóm,quyet_thang,25,truoc_2026_07,unverified,
05362.026,05362,25,Ráng,Xóm Ráng,xóm,rang,26,truoc_2026_07,unverified,
05362.027,05362,25,Sào,Xóm Sào,xóm,sao,27,truoc_2026_07,unverified,
05362.028,05362,25,Sào Vót,Xóm Sào Vót,xóm,sao_vot,28,truoc_2026_07,unverified,
05362.029,05362,25,Tân Phúc,Xóm Tân Phúc,xóm,tan_phuc,29,truoc_2026_07,unverified,
05362.030,05362,25,Thịnh Minh,Xóm Thịnh Minh,xóm,thinh_minh,30,truoc_2026_07,unverified,
05362.031,05362,25,Thống Nhất,Xóm Thống Nhất,xóm,thong_nhat,31,truoc_2026_07,unverified,
05362.032,05362,25,Thượng,Xóm Thượng,xóm,thuong,32,truoc_2026_07,unverified,
05362.033,05362,25,Tròng,Xóm Tròng,xóm,trong,33,truoc_2026_07,unverified,
05362.034,05362,25,Yên Mu,Xóm Yên Mu,xóm,yen_mu,34,truoc_2026_07,unverified,
05362.035,05362,25,Yên Tân,Xóm Yên Tân,xóm,yen_tan,35,truoc_2026_07,unverified,
05386.001,05386,25,Hữu Lợi,Xóm Hữu Lợi,xóm,huu_loi,1,truoc_2026_07,unverified,
05386.002,05386,25,Liên Hợp,Xóm Liên Hợp,xóm,lien_hop,2,truoc_2026_07,unverified,
05386.003,05386,25,Yên Thái,Xóm Yên Thái,xóm,yen_thai,3,truoc_2026_07,unverified,
05386.004,05386,25,Phủ Vệ,Xóm Phủ Vệ,xóm,phu_ve,4,truoc_2026_07,unverified,
05386.005,05386,25,Đoàn Kết,Xóm Đoàn Kết,xóm,doan_ket,5,truoc_2026_07,unverified,
05386.006,05386,25,Đồng Tiến,Xóm Đồng Tiến,xóm,dong_tien,6,truoc_2026_07,unverified,
05386.007,05386,25,Tân Minh,Xóm Tân Minh,xóm,tan_minh,7,truoc_2026_07,unverified,
05386.008,05386,25,Tân Thịnh,Xóm Tân Thịnh,xóm,tan_thinh,8,truoc_2026_07,unverified,
05386.009,05386,25,Á Đồng,Xóm Á Đồng,xóm,a_dong,9,truoc_2026_07,unverified,
05386.010,05386,25,Lòng,Xóm Lòng,xóm,long,10,truoc_2026_07,unverified,
05386.011,05386,25,Quang Minh,Xóm Quang Minh,xóm,quang_minh,11,truoc_2026_07,unverified,
05386.012,05386,25,Hổ Long,Xóm Hổ Long,xóm,ho_long,12,truoc_2026_07,unverified,
05386.013,05386,25,Ngọc Lương,Xóm Ngọc Lương,xóm,ngoc_luong,13,truoc_2026_07,unverified,
05386.014,05386,25,Đại Đồng,Xóm Đại Đồng,xóm,dai_dong,14,truoc_2026_07,unverified,
05386.015,05386,25,Nghìa,Xóm Nghìa,xóm,nghia,15,truoc_2026_07,unverified,
05386.016,05386,25,Phố Dương,Xóm Phố Dương,xóm,pho_duong,16,truoc_2026_07,unverified,
05386.017,05386,25,Thung,Xóm Thung,xóm,thung,17,truoc_2026_07,unverified,
05386.018,05386,25,Yên Thời,Xóm Yên Thời,xóm,yen_thoi,18,truoc_2026_07,unverified,
05386.019,05386,25,Rộc,Xóm Rộc,xóm,roc,19,truoc_2026_07,unverified,
05386.020,05386,25,Thanh Bình,Xóm Thanh Bình,xóm,thanh_binh,20,truoc_2026_07,unverified,
05386.021,05386,25,Bờ Sông,Xóm Bờ Sông,xóm,bo_song,21,truoc_2026_07,unverified,
05392.001,05392,25,11-12,Khu 11-12,khu,11_12,1,truoc_2026_07,unverified,
05392.002,05392,25,Chéo Vòng,Khu Chéo Vòng,khu,cheo_vong,2,truoc_2026_07,unverified,
05392.003,05392,25,Đồi Hoa,Khu Đồi Hoa,khu,doi_hoa,3,truoc_2026_07,unverified,
05392.004,05392,25,Đồng Bầu,Khu Đồng Bầu,khu,dong_bau,4,truoc_2026_07,unverified,
05392.005,05392,25,Ngai Long,Khu Ngai Long,khu,ngai_long,5,truoc_2026_07,unverified,
05392.006,05392,25,25 thôn: Đại Đồng,Khu 25 thôn: Đại Đồng,khu,25_thon_dai_dong,6,truoc_2026_07,unverified,
05392.007,05392,25,Đông Yên,Khu Đông Yên,khu,dong_yen,7,truoc_2026_07,unverified,
05392.008,05392,25,Đồi Chùa,Khu Đồi Chùa,khu,doi_chua,8,truoc_2026_07,unverified,
05392.009,05392,25,Đồng Bong,Khu Đồng Bong,khu,dong_bong,9,truoc_2026_07,unverified,
05392.010,05392,25,Đồng Đễ,Khu Đồng Đễ,khu,dong_de,10,truoc_2026_07,unverified,
05392.011,05392,25,Đồng Làng,Khu Đồng Làng,khu,dong_lang,11,truoc_2026_07,unverified,
05392.012,05392,25,Đồng Nhất,Khu Đồng Nhất,khu,dong_nhat,12,truoc_2026_07,unverified,
05392.013,05392,25,Đồng Nội,Khu Đồng Nội,khu,dong_noi,13,truoc_2026_07,unverified,
05392.014,05392,25,Đồng Phú,Khu Đồng Phú,khu,dong_phu,14,truoc_2026_07,unverified,
05392.015,05392,25,Hoàng Đồng,Khu Hoàng Đồng,khu,hoang_dong,15,truoc_2026_07,unverified,
05392.016,05392,25,Hồng Phong,Khu Hồng Phong,khu,hong_phong,16,truoc_2026_07,unverified,
05392.017,05392,25,Hồng Phong 2,Khu Hồng Phong 2,khu,hong_phong_2,17,truoc_2026_07,unverified,
05392.018,05392,25,Hồng Phong 3,Khu Hồng Phong 3,khu,hong_phong_3,18,truoc_2026_07,unverified,
05392.019,05392,25,Liên Hồng 1,Khu Liên Hồng 1,khu,lien_hong_1,19,truoc_2026_07,unverified,
05392.020,05392,25,Liên Hồng 2,Khu Liên Hồng 2,khu,lien_hong_2,20,truoc_2026_07,unverified,
05392.021,05392,25,Liên Sơn,Khu Liên Sơn,khu,lien_son,21,truoc_2026_07,unverified,
05392.022,05392,25,Mạnh Tiến 1,Khu Mạnh Tiến 1,khu,manh_tien_1,22,truoc_2026_07,unverified,
05392.023,05392,25,Mạnh Tiến 2,Khu Mạnh Tiến 2,khu,manh_tien_2,23,truoc_2026_07,unverified,
05392.024,05392,25,Ngọc Lâm,Khu Ngọc Lâm,khu,ngoc_lam,24,truoc_2026_07,unverified,
05392.025,05392,25,Quyết Tiến,Khu Quyết Tiến,khu,quyet_tien,25,truoc_2026_07,unverified,
05392.026,05392,25,Rộc Trụ 1,Khu Rộc Trụ 1,khu,roc_tru_1,26,truoc_2026_07,unverified,
05392.027,05392,25,Rộc Trụ 2,Khu Rộc Trụ 2,khu,roc_tru_2,27,truoc_2026_07,unverified,
05392.028,05392,25,Sóc Bai,Khu Sóc Bai,khu,soc_bai,28,truoc_2026_07,unverified,
05392.029,05392,25,Suối Tép,Khu Suối Tép,khu,suoi_tep,29,truoc_2026_07,unverified,
05392.030,05392,25,Tân Tiến,Khu Tân Tiến,khu,tan_tien,30,truoc_2026_07,unverified,
05395.001,05395,25,Ba Bường,Khu Ba Bường,khu,ba_buong,1,truoc_2026_07,unverified,
05395.002,05395,25,Đệt,Khu Đệt,khu,det,2,truoc_2026_07,unverified,
05395.003,05395,25,Đồi,Khu Đồi,khu,doi,3,truoc_2026_07,unverified,
05395.004,05395,25,Đồng Tâm,Khu Đồng Tâm,khu,dong_tam,4,truoc_2026_07,unverified,
05395.005,05395,25,Lộng,Khu Lộng,khu,long,5,truoc_2026_07,unverified,
05395.006,05395,25,Quyết Tiến,Khu Quyết Tiến,khu,quyet_tien,6,truoc_2026_07,unverified,
05395.007,05395,25,Thắng Lợi,Khu Thắng Lợi,khu,thang_loi,7,truoc_2026_07,unverified,
05395.008,05395,25,Vai,Khu Vai,khu,vai,8,truoc_2026_07,unverified,
05395.009,05395,25,Vôi,Khu Vôi,khu,voi,9,truoc_2026_07,unverified,
05395.010,05395,25,26 thôn: 2A,Khu 26 thôn: 2A,khu,26_thon_2a,10,truoc_2026_07,unverified,
05395.011,05395,25,An Ninh,Khu An Ninh,khu,an_ninh,11,truoc_2026_07,unverified,
05395.012,05395,25,Bảy,Khu Bảy,khu,bay,12,truoc_2026_07,unverified,
05395.013,05395,25,Bến Đình,Khu Bến Đình,khu,ben_dinh,13,truoc_2026_07,unverified,
05395.014,05395,25,Bến Nghĩa,Khu Bến Nghĩa,khu,ben_nghia,14,truoc_2026_07,unverified,
05395.015,05395,25,Bột,Khu Bột,khu,bot,15,truoc_2026_07,unverified,
05395.016,05395,25,Bưa Cú,Khu Bưa Cú,khu,bua_cu,16,truoc_2026_07,unverified,
05395.017,05395,25,Chùa,Khu Chùa,khu,chua,17,truoc_2026_07,unverified,
05395.018,05395,25,Đầm Đa,Khu Đầm Đa,khu,dam_da,18,truoc_2026_07,unverified,
05395.019,05395,25,Đoàn Kết,Khu Đoàn Kết,khu,doan_ket,19,truoc_2026_07,unverified,
05395.020,05395,25,Đồng Danh,Khu Đồng Danh,khu,dong_danh,20,truoc_2026_07,unverified,
05395.021,05395,25,Đồng Sắn,Khu Đồng Sắn,khu,dong_san,21,truoc_2026_07,unverified,
05395.022,05395,25,Đồng Thung,Khu Đồng Thung,khu,dong_thung,22,truoc_2026_07,unverified,
05395.023,05395,25,Đồng Tiến,Khu Đồng Tiến,khu,dong_tien,23,truoc_2026_07,unverified,
05395.024,05395,25,Gốc Xanh,Khu Gốc Xanh,khu,goc_xanh,24,truoc_2026_07,unverified,
05395.025,05395,25,Lão Ngoại,Khu Lão Ngoại,khu,lao_ngoai,25,truoc_2026_07,unverified,
05395.026,05395,25,Lão Nội,Khu Lão Nội,khu,lao_noi,26,truoc_2026_07,unverified,
05395.027,05395,25,Lũ,Khu Lũ,khu,lu,27,truoc_2026_07,unverified,
05395.028,05395,25,Phú Bình,Khu Phú Bình,khu,phu_binh,28,truoc_2026_07,unverified,
05395.029,05395,25,Rị,Khu Rị,khu,ri,29,truoc_2026_07,unverified,
05395.030,05395,25,Sỏi,Khu Sỏi,khu,soi,30,truoc_2026_07,unverified,
05395.031,05395,25,Sông Bôi,Khu Sông Bôi,khu,song_boi,31,truoc_2026_07,unverified,
05395.032,05395,25,Tân Lâm,Khu Tân Lâm,khu,tan_lam,32,truoc_2026_07,unverified,
05395.033,05395,25,Tân Phú,Khu Tân Phú,khu,tan_phu,33,truoc_2026_07,unverified,
05395.034,05395,25,Tân Thành,Khu Tân Thành,khu,tan_thanh,34,truoc_2026_07,unverified,
05395.035,05395,25,Tân Thắng,Khu Tân Thắng,khu,tan_thang,35,truoc_2026_07,unverified,
05425.001,05425,25,An Phú,Thôn An Phú,thôn,an_phu,1,truoc_2026_07,unverified,
05425.002,05425,25,An Sơn 2,Thôn An Sơn 2,thôn,an_son_2,2,truoc_2026_07,unverified,
05425.003,05425,25,Cây Rường,Thôn Cây Rường,thôn,cay_ruong,3,truoc_2026_07,unverified,
05425.004,05425,25,Chín,Thôn Chín,thôn,chin,4,truoc_2026_07,unverified,
05425.005,05425,25,Chợ Đập,Thôn Chợ Đập,thôn,cho_dap,5,truoc_2026_07,unverified,
05425.006,05425,25,Cui,Thôn Cui,thôn,cui,6,truoc_2026_07,unverified,
05425.007,05425,25,Cú Đẻ,Thôn Cú Đẻ,thôn,cu_de,7,truoc_2026_07,unverified,
05425.008,05425,25,Đại Đồng,Thôn Đại Đồng,thôn,dai_dong,8,truoc_2026_07,unverified,
05425.009,05425,25,Đồng Bầu,Thôn Đồng Bầu,thôn,dong_bau,9,truoc_2026_07,unverified,
05425.010,05425,25,Đồng Bông,Thôn Đồng Bông,thôn,dong_bong,10,truoc_2026_07,unverified,
05425.011,05425,25,Đồng Rặt,Thôn Đồng Rặt,thôn,dong_rat,11,truoc_2026_07,unverified,
05425.012,05425,25,Đồng Vạn,Thôn Đồng Vạn,thôn,dong_van,12,truoc_2026_07,unverified,
05425.013,05425,25,Đồng Huống,Thôn Đồng Huống,thôn,dong_huong,13,truoc_2026_07,unverified,
05425.014,05425,25,Đức Bình,Thôn Đức Bình,thôn,duc_binh,14,truoc_2026_07,unverified,
05425.015,05425,25,Đừng,Thôn Đừng,thôn,dung,15,truoc_2026_07,unverified,
05425.016,05425,25,Hợp Thành,Thôn Hợp Thành,thôn,hop_thanh,16,truoc_2026_07,unverified,
05425.017,05425,25,Khoang,Thôn Khoang,thôn,khoang,17,truoc_2026_07,unverified,
05425.018,05425,25,Liên Ba,Thôn Liên Ba,thôn,lien_ba,18,truoc_2026_07,unverified,
05425.019,05425,25,Liên Hồng,Thôn Liên Hồng,thôn,lien_hong,19,truoc_2026_07,unverified,
05425.020,05425,25,Liên Phú,Thôn Liên Phú,thôn,lien_phu,20,truoc_2026_07,unverified,
05425.021,05425,25,Liên Phú 3,Thôn Liên Phú 3,thôn,lien_phu_3,21,truoc_2026_07,unverified,
05425.022,05425,25,Mán,Thôn Mán,thôn,man,22,truoc_2026_07,unverified,
05425.023,05425,25,Măng,Thôn Măng,thôn,mang,23,truoc_2026_07,unverified,
05425.024,05425,25,Minh Thành,Thôn Minh Thành,thôn,minh_thanh,24,truoc_2026_07,unverified,
05425.025,05425,25,Niếng,Thôn Niếng,thôn,nieng,25,truoc_2026_07,unverified,
05425.026,05425,25,Ninh Ngoại,Thôn Ninh Ngoại,thôn,ninh_ngoai,26,truoc_2026_07,unverified,
05425.027,05425,25,Ninh Nội,Thôn Ninh Nội,thôn,ninh_noi,27,truoc_2026_07,unverified,
05425.028,05425,25,Phú Tường,Thôn Phú Tường,thôn,phu_tuong,28,truoc_2026_07,unverified,
05425.029,05425,25,Tám,Thôn Tám,thôn,tam,29,truoc_2026_07,unverified,
05425.030,05425,25,Tân Thành,Thôn Tân Thành,thôn,tan_thanh,30,truoc_2026_07,unverified,
05425.031,05425,25,Thắng Lợi,Thôn Thắng Lợi,thôn,thang_loi,31,truoc_2026_07,unverified,
05425.032,05425,25,Thơi,Thôn Thơi,thôn,thoi,32,truoc_2026_07,unverified,
05425.033,05425,25,Tiên Lữ,Thôn Tiên Lữ,thôn,tien_lu,33,truoc_2026_07,unverified,
05425.034,05425,25,Trâm,Thôn Trâm,thôn,tram,34,truoc_2026_07,unverified,
05425.035,05425,25,Voi,Thôn Voi,thôn,voi,35,truoc_2026_07,unverified,
05425.036,05425,25,Vỏ,Thôn Vỏ,thôn,vo,36,truoc_2026_07,unverified,
05425.037,05425,25,Vôn,Thôn Vôn,thôn,von,37,truoc_2026_07,unverified,
07894.001,07894,25,Cẩm Đội,Tổ dân phố Cẩm Đội,tổ dân phố,cam_doi,1,2026_07,unverified,2026-07-01
07894.002,07894,25,Đại Nải,Tổ dân phố Đại Nải,tổ dân phố,dai_nai,2,2026_07,unverified,2026-07-01
07894.003,07894,25,Đinh Tiên Hoàng,Tổ dân phố Đinh Tiên Hoàng,tổ dân phố,dinh_tien_hoang,3,2026_07,unverified,2026-07-01
07894.004,07894,25,Lâm Thắng,Tổ dân phố Lâm Thắng,tổ dân phố,lam_thang,4,2026_07,unverified,2026-07-01
07894.005,07894,25,Liên Minh,Tổ dân phố Liên Minh,tổ dân phố,lien_minh,5,2026_07,unverified,2026-07-01
07894.006,07894,25,Liên Phương,Tổ dân phố Liên Phương,tổ dân phố,lien_phuong,6,2026_07,unverified,2026-07-01
07894.007,07894,25,Minh Phương,Tổ dân phố Minh Phương,tổ dân phố,minh_phuong,7,2026_07,unverified,2026-07-01
07894.008,07894,25,Ngoại Thụy Vân,Tổ dân phố Ngoại Thụy Vân,tổ dân phố,ngoai_thuy_van,8,2026_07,unverified,2026-07-01
07894.009,07894,25,Nguyễn Du,Tổ dân phố Nguyễn Du,tổ dân phố,nguyen_du,9,2026_07,unverified,2026-07-01
07894.010,07894,25,Nguyễn Tất Thành,Tổ dân phố Nguyễn Tất Thành,tổ dân phố,nguyen_tat_thanh,10,2026_07,unverified,2026-07-01
07894.011,07894,25,Nguyệt Cư,Tổ dân phố Nguyệt Cư,tổ dân phố,nguyet_cu,11,2026_07,unverified,2026-07-01
07894.012,07894,25,Nỗ Lực,Tổ dân phố Nỗ Lực,tổ dân phố,no_luc,12,2026_07,unverified,2026-07-01
07894.013,07894,25,Nội Thụy Vân,Tổ dân phố Nội Thụy Vân,tổ dân phố,noi_thuy_van,13,2026_07,unverified,2026-07-01
07894.014,07894,25,Phú Hậu,Tổ dân phố Phú Hậu,tổ dân phố,phu_hau,14,2026_07,unverified,2026-07-01
07894.015,07894,25,Phú Thịnh,Tổ dân phố Phú Thịnh,tổ dân phố,phu_thinh,15,2026_07,unverified,2026-07-01
07894.016,07894,25,Phương Châu,Tổ dân phố Phương Châu,tổ dân phố,phuong_chau,16,2026_07,unverified,2026-07-01
07894.017,07894,25,Tản Viên,Tổ dân phố Tản Viên,tổ dân phố,tan_vien,17,2026_07,unverified,2026-07-01
07894.018,07894,25,Tân Phương,Tổ dân phố Tân Phương,tổ dân phố,tan_phuong,18,2026_07,unverified,2026-07-01
07894.019,07894,25,Vân Cơ,Tổ dân phố Vân Cơ,tổ dân phố,van_co,19,2026_07,unverified,2026-07-01
07894.020,07894,25,Vĩnh Phú,Tổ dân phố Vĩnh Phú,tổ dân phố,vinh_phu,20,2026_07,unverified,2026-07-01
07894.021,07894,25,Vũ Duệ,Tổ dân phố Vũ Duệ,tổ dân phố,vu_due,21,2026_07,unverified,2026-07-01
07894.022,07894,25,Xuân Nương,Tổ dân phố Xuân Nương,tổ dân phố,xuan_nuong,22,2026_07,unverified,2026-07-01
07900.001,07900,25,Bảo Đà,Tổ dân phố Bảo Đà,tổ dân phố,bao_da,1,2026_07,unverified,2026-07-01
07900.002,07900,25,Dữu Lâu,Tổ dân phố Dữu Lâu,tổ dân phố,duu_lau,2,2026_07,unverified,2026-07-01
07900.003,07900,25,Gia Cẩm,Tổ dân phố Gia Cẩm,tổ dân phố,gia_cam,3,2026_07,unverified,2026-07-01
07900.004,07900,25,Hàm Nghi,Tổ dân phố Hàm Nghi,tổ dân phố,ham_nghi,4,2026_07,unverified,2026-07-01
07900.005,07900,25,Hòa Phong,Tổ dân phố Hòa Phong,tổ dân phố,hoa_phong,5,2026_07,unverified,2026-07-01
07900.006,07900,25,Hồng Hải,Tổ dân phố Hồng Hải,tổ dân phố,hong_hai,6,2026_07,unverified,2026-07-01
07900.007,07900,25,Hùng Quốc Vương,Tổ dân phố Hùng Quốc Vương,tổ dân phố,hung_quoc_vuong,7,2026_07,unverified,2026-07-01
07900.008,07900,25,Hương Trầm,Tổ dân phố Hương Trầm,tổ dân phố,huong_tram,8,2026_07,unverified,2026-07-01
07900.009,07900,25,Kim Quất Hạ,Tổ dân phố Kim Quất Hạ,tổ dân phố,kim_quat_ha,9,2026_07,unverified,2026-07-01
07900.010,07900,25,Lăng Cẩm,Tổ dân phố Lăng Cẩm,tổ dân phố,lang_cam,10,2026_07,unverified,2026-07-01
07900.011,07900,25,Lê Quý Đôn,Tổ dân phố Lê Quý Đôn,tổ dân phố,le_quy_don,11,2026_07,unverified,2026-07-01
07900.012,07900,25,Minh Bột,Tổ dân phố Minh Bột,tổ dân phố,minh_bot,12,2026_07,unverified,2026-07-01
07900.013,07900,25,Minh Nông,Tổ dân phố Minh Nông,tổ dân phố,minh_nong,13,2026_07,unverified,2026-07-01
07900.014,07900,25,Minh Tân,Tổ dân phố Minh Tân,tổ dân phố,minh_tan,14,2026_07,unverified,2026-07-01
07900.015,07900,25,Ngoại Lâu Thượng,Tổ dân phố Ngoại Lâu Thượng,tổ dân phố,ngoai_lau_thuong,15,2026_07,unverified,2026-07-01
07900.016,07900,25,Nguyễn Thái Học,Tổ dân phố Nguyễn Thái Học,tổ dân phố,nguyen_thai_hoc,16,2026_07,unverified,2026-07-01
07900.017,07900,25,Nội Lâu Thượng,Tổ dân phố Nội Lâu Thượng,tổ dân phố,noi_lau_thuong,17,2026_07,unverified,2026-07-01
07900.018,07900,25,Phan Chu Trinh,Tổ dân phố Phan Chu Trinh,tổ dân phố,phan_chu_trinh,18,2026_07,unverified,2026-07-01
07900.019,07900,25,Quang Trung,Tổ dân phố Quang Trung,tổ dân phố,quang_trung,19,2026_07,unverified,2026-07-01
07900.020,07900,25,Quất Thượng,Tổ dân phố Quất Thượng,tổ dân phố,quat_thuong,20,2026_07,unverified,2026-07-01
07900.021,07900,25,Quế Trạo,Tổ dân phố Quế Trạo,tổ dân phố,que_trao,21,2026_07,unverified,2026-07-01
07900.022,07900,25,Tân Dân,Tổ dân phố Tân Dân,tổ dân phố,tan_dan,22,2026_07,unverified,2026-07-01
07900.023,07900,25,Tân Đức,Tổ dân phố Tân Đức,tổ dân phố,tan_duc,23,2026_07,unverified,2026-07-01
07900.024,07900,25,Tân Phú,Tổ dân phố Tân Phú,tổ dân phố,tan_phu,24,2026_07,unverified,2026-07-01
07900.025,07900,25,Tân Thuận,Tổ dân phố Tân Thuận,tổ dân phố,tan_thuan,25,2026_07,unverified,2026-07-01
07900.026,07900,25,Tân Tiến,Tổ dân phố Tân Tiến,tổ dân phố,tan_tien,26,2026_07,unverified,2026-07-01
07900.027,07900,25,Thanh Xuân,Tổ dân phố Thanh Xuân,tổ dân phố,thanh_xuan,27,2026_07,unverified,2026-07-01
07900.028,07900,25,Trần Phú,Tổ dân phố Trần Phú,tổ dân phố,tran_phu,28,2026_07,unverified,2026-07-01
07900.029,07900,25,Trưng Vương,Tổ dân phố Trưng Vương,tổ dân phố,trung_vuong,29,2026_07,unverified,2026-07-01
07909.001,07909,25,Anh Dũng,Tổ dân phố Anh Dũng,tổ dân phố,anh_dung,1,2026_07,unverified,2026-07-01
07909.002,07909,25,Âu Cơ,Tổ dân phố Âu Cơ,tổ dân phố,au_co,2,2026_07,unverified,2026-07-01
07909.003,07909,25,Bạch Hạc,Tổ dân phố Bạch Hạc,tổ dân phố,bach_hac,3,2026_07,unverified,2026-07-01
07909.004,07909,25,Bến Gót,Tổ dân phố Bến Gót,tổ dân phố,ben_got,4,2026_07,unverified,2026-07-01
07909.005,07909,25,Chàng Đông,Tổ dân phố Chàng Đông,tổ dân phố,chang_dong,5,2026_07,unverified,2026-07-01
07909.006,07909,25,Chàng Nam,Tổ dân phố Chàng Nam,tổ dân phố,chang_nam,6,2026_07,unverified,2026-07-01
07909.007,07909,25,Đoàn Kết,Tổ dân phố Đoàn Kết,tổ dân phố,doan_ket,7,2026_07,unverified,2026-07-01
07909.008,07909,25,Đồi Cam,Tổ dân phố Đồi Cam,tổ dân phố,doi_cam,8,2026_07,unverified,2026-07-01
07909.009,07909,25,Đồng Lực,Tổ dân phố Đồng Lực,tổ dân phố,dong_luc,9,2026_07,unverified,2026-07-01
07909.010,07909,25,Đồng Tâm,Tổ dân phố Đồng Tâm,tổ dân phố,dong_tam,10,2026_07,unverified,2026-07-01
07909.011,07909,25,Gát,Tổ dân phố Gát,tổ dân phố,gat,11,2026_07,unverified,2026-07-01
07909.012,07909,25,Hạ Giáp,Tổ dân phố Hạ Giáp,tổ dân phố,ha_giap,12,2026_07,unverified,2026-07-01
07909.013,07909,25,Hai Bà Trưng,Tổ dân phố Hai Bà Trưng,tổ dân phố,hai_ba_trung,13,2026_07,unverified,2026-07-01
07909.014,07909,25,Hòa Bình,Tổ dân phố Hòa Bình,tổ dân phố,hoa_binh,14,2026_07,unverified,2026-07-01
07909.015,07909,25,Hồng Hà,Tổ dân phố Hồng Hà,tổ dân phố,hong_ha,15,2026_07,unverified,2026-07-01
07909.016,07909,25,Hùng Vương,Tổ dân phố Hùng Vương,tổ dân phố,hung_vuong,16,2026_07,unverified,2026-07-01
07909.017,07909,25,Kiến Thiết,Tổ dân phố Kiến Thiết,tổ dân phố,kien_thiet,17,2026_07,unverified,2026-07-01
07909.018,07909,25,Lang Đài,Tổ dân phố Lang Đài,tổ dân phố,lang_dai,18,2026_07,unverified,2026-07-01
07909.019,07909,25,Mai Sơn,Tổ dân phố Mai Sơn,tổ dân phố,mai_son,19,2026_07,unverified,2026-07-01
07909.020,07909,25,Mộ Hạ,Tổ dân phố Mộ Hạ,tổ dân phố,mo_ha,20,2026_07,unverified,2026-07-01
07909.021,07909,25,Mộ Thượng,Tổ dân phố Mộ Thượng,tổ dân phố,mo_thuong,21,2026_07,unverified,2026-07-01
07909.022,07909,25,Phong Châu,Tổ dân phố Phong Châu,tổ dân phố,phong_chau,22,2026_07,unverified,2026-07-01
07909.023,07909,25,Quyết Tiến,Tổ dân phố Quyết Tiến,tổ dân phố,quyet_tien,23,2026_07,unverified,2026-07-01
07909.024,07909,25,Sông Lô,Tổ dân phố Sông Lô,tổ dân phố,song_lo,24,2026_07,unverified,2026-07-01
07909.025,07909,25,Sông Thao,Tổ dân phố Sông Thao,tổ dân phố,song_thao,25,2026_07,unverified,2026-07-01
07909.026,07909,25,Tân Thịnh,Tổ dân phố Tân Thịnh,tổ dân phố,tan_thinh,26,2026_07,unverified,2026-07-01
07909.027,07909,25,Thanh Bình,Tổ dân phố Thanh Bình,tổ dân phố,thanh_binh,27,2026_07,unverified,2026-07-01
07909.028,07909,25,Thanh Hà,Tổ dân phố Thanh Hà,tổ dân phố,thanh_ha,28,2026_07,unverified,2026-07-01
07909.029,07909,25,Thành Công,Tổ dân phố Thành Công,tổ dân phố,thanh_cong,29,2026_07,unverified,2026-07-01
07909.030,07909,25,Thi Đua,Tổ dân phố Thi Đua,tổ dân phố,thi_dua,30,2026_07,unverified,2026-07-01
07909.031,07909,25,Thọ Mai,Tổ dân phố Thọ Mai,tổ dân phố,tho_mai,31,2026_07,unverified,2026-07-01
07909.032,07909,25,Thượng Thọ,Tổ dân phố Thượng Thọ,tổ dân phố,thuong_tho,32,2026_07,unverified,2026-07-01
07909.033,07909,25,Tiên Cát,Tổ dân phố Tiên Cát,tổ dân phố,tien_cat,33,2026_07,unverified,2026-07-01
07909.034,07909,25,Tiên Phú,Tổ dân phố Tiên Phú,tổ dân phố,tien_phu,34,2026_07,unverified,2026-07-01
07909.035,07909,25,Tiền Phong,Tổ dân phố Tiền Phong,tổ dân phố,tien_phong,35,2026_07,unverified,2026-07-01
07909.036,07909,25,Văn Lang,Tổ dân phố Văn Lang,tổ dân phố,van_lang,36,2026_07,unverified,2026-07-01
07909.037,07909,25,Việt Hưng,Tổ dân phố Việt Hưng,tổ dân phố,viet_hung,37,2026_07,unverified,2026-07-01
07909.038,07909,25,Việt Thắng,Tổ dân phố Việt Thắng,tổ dân phố,viet_thang,38,2026_07,unverified,2026-07-01
07909.039,07909,25,Việt Yên,Tổ dân phố Việt Yên,tổ dân phố,viet_yen,39,2026_07,unverified,2026-07-01
07918.001,07918,25,An Thái,Tổ dân phố An Thái,tổ dân phố,an_thai,1,2026_07,unverified,2026-07-01
07918.002,07918,25,Ba Nhất,Tổ dân phố Ba Nhất,tổ dân phố,ba_nhat,2,2026_07,unverified,2026-07-01
07918.003,07918,25,Chiến Thắng,Tổ dân phố Chiến Thắng,tổ dân phố,chien_thang,3,2026_07,unverified,2026-07-01
07918.004,07918,25,Đoàn Kết,Tổ dân phố Đoàn Kết,tổ dân phố,doan_ket,4,2026_07,unverified,2026-07-01
07918.005,07918,25,Hợp Nhất,Tổ dân phố Hợp Nhất,tổ dân phố,hop_nhat,5,2026_07,unverified,2026-07-01
07918.006,07918,25,Hùng Lô,Tổ dân phố Hùng Lô,tổ dân phố,hung_lo,6,2026_07,unverified,2026-07-01
07918.007,07918,25,Kim Chung,Tổ dân phố Kim Chung,tổ dân phố,kim_chung,7,2026_07,unverified,2026-07-01
07918.008,07918,25,Kim Duy,Tổ dân phố Kim Duy,tổ dân phố,kim_duy,8,2026_07,unverified,2026-07-01
07918.009,07918,25,Kim Đơi,Tổ dân phố Kim Đơi,tổ dân phố,kim_doi,9,2026_07,unverified,2026-07-01
07918.010,07918,25,Kim Đức,Tổ dân phố Kim Đức,tổ dân phố,kim_duc,10,2026_07,unverified,2026-07-01
07918.011,07918,25,Kim Phú,Tổ dân phố Kim Phú,tổ dân phố,kim_phu,11,2026_07,unverified,2026-07-01
07918.012,07918,25,Kim Thịnh,Tổ dân phố Kim Thịnh,tổ dân phố,kim_thinh,12,2026_07,unverified,2026-07-01
07918.013,07918,25,Kim Tiến,Tổ dân phố Kim Tiến,tổ dân phố,kim_tien,13,2026_07,unverified,2026-07-01
07918.014,07918,25,Minh Phú,Tổ dân phố Minh Phú,tổ dân phố,minh_phu,14,2026_07,unverified,2026-07-01
07918.015,07918,25,Minh Tân,Tổ dân phố Minh Tân,tổ dân phố,minh_tan,15,2026_07,unverified,2026-07-01
07918.016,07918,25,Phú Nang,Tổ dân phố Phú Nang,tổ dân phố,phu_nang,16,2026_07,unverified,2026-07-01
07918.017,07918,25,Phượng An,Tổ dân phố Phượng An,tổ dân phố,phuong_an,17,2026_07,unverified,2026-07-01
07918.018,07918,25,Phượng Lâu,Tổ dân phố Phượng Lâu,tổ dân phố,phuong_lau,18,2026_07,unverified,2026-07-01
07918.019,07918,25,San Mai,Tổ dân phố San Mai,tổ dân phố,san_mai,19,2026_07,unverified,2026-07-01
07918.020,07918,25,Thành Đồng,Tổ dân phố Thành Đồng,tổ dân phố,thanh_dong,20,2026_07,unverified,2026-07-01
07918.021,07918,25,Thậm Thình,Tổ dân phố Thậm Thình,tổ dân phố,tham_thinh,21,2026_07,unverified,2026-07-01
07918.022,07918,25,Vân Luông,Tổ dân phố Vân Luông,tổ dân phố,van_luong,22,2026_07,unverified,2026-07-01
07942.001,07942,25,An Ninh,Tổ dân phố An Ninh,tổ dân phố,an_ninh,1,2026_07,unverified,2026-07-01
07942.002,07942,25,Hùng Vương,Tổ dân phố Hùng Vương,tổ dân phố,hung_vuong,2,2026_07,unverified,2026-07-01
07942.003,07942,25,Long Ân,Tổ dân phố Long Ân,tổ dân phố,long_an,3,2026_07,unverified,2026-07-01
07942.004,07942,25,Long Xuyên,Tổ dân phố Long Xuyên,tổ dân phố,long_xuyen,4,2026_07,unverified,2026-07-01
07942.005,07942,25,Ngọc Lâu,Tổ dân phố Ngọc Lâu,tổ dân phố,ngoc_lau,5,2026_07,unverified,2026-07-01
07942.006,07942,25,Phú Liêm,Tổ dân phố Phú Liêm,tổ dân phố,phu_liem,6,2026_07,unverified,2026-07-01
07942.007,07942,25,Thống Nhất,Tổ dân phố Thống Nhất,tổ dân phố,thong_nhat,7,2026_07,unverified,2026-07-01
07942.008,07942,25,Xuân Vân,Tổ dân phố Xuân Vân,tổ dân phố,xuan_van,8,2026_07,unverified,2026-07-01
07942.009,07942,25,Xuân Thành,Tổ dân phố Xuân Thành,tổ dân phố,xuan_thanh,9,2026_07,unverified,2026-07-01
07948.001,07948,25,Cao Bang,Khu Cao Bang,khu,cao_bang,1,truoc_2026_07,unverified,
07948.002,07948,25,Cao Du,Khu Cao Du,khu,cao_du,2,truoc_2026_07,unverified,
07948.003,07948,25,Hạ Mạo,Khu Hạ Mạo,khu,ha_mao,3,truoc_2026_07,unverified,
07948.004,07948,25,Lê Đồng,Khu Lê Đồng,khu,le_dong,4,truoc_2026_07,unverified,
07948.005,07948,25,Nguyễn Du,Khu Nguyễn Du,khu,nguyen_du,5,truoc_2026_07,unverified,
07948.006,07948,25,Nguyễn Trãi,Khu Nguyễn Trãi,khu,nguyen_trai,6,truoc_2026_07,unverified,
07948.007,07948,25,Quang Trung,Khu Quang Trung,khu,quang_trung,7,truoc_2026_07,unverified,
07948.008,07948,25,Tân Bình,Khu Tân Bình,khu,tan_binh,8,truoc_2026_07,unverified,
07948.009,07948,25,Tân Hưng,Khu Tân Hưng,khu,tan_hung,9,truoc_2026_07,unverified,
07948.010,07948,25,Thanh Bình,Khu Thanh Bình,khu,thanh_binh,10,truoc_2026_07,unverified,
07948.011,07948,25,Thanh Minh,Khu Thanh Minh,khu,thanh_minh,11,truoc_2026_07,unverified,
07948.012,07948,25,Thanh Viên,Khu Thanh Viên,khu,thanh_vien,12,truoc_2026_07,unverified,
07948.013,07948,25,Thanh Xuân,Khu Thanh Xuân,khu,thanh_xuan,13,truoc_2026_07,unverified,
07954.001,07954,25,Hà Thạch,Tổ dân phố Hà Thạch,tổ dân phố,ha_thach,1,2026_07,unverified,2026-07-01
07954.002,07954,25,Lũng Thượng,Tổ dân phố Lũng Thượng,tổ dân phố,lung_thuong,2,2026_07,unverified,2026-07-01
07954.003,07954,25,Phú An,Tổ dân phố Phú An,tổ dân phố,phu_an,3,2026_07,unverified,2026-07-01
07954.004,07954,25,Phú Cường,Tổ dân phố Phú Cường,tổ dân phố,phu_cuong,4,2026_07,unverified,2026-07-01
07954.005,07954,25,Phú Điền,Tổ dân phố Phú Điền,tổ dân phố,phu_dien,5,2026_07,unverified,2026-07-01
07954.006,07954,25,Phú Hộ,Tổ dân phố Phú Hộ,tổ dân phố,phu_ho,6,2026_07,unverified,2026-07-01
07954.007,07954,25,Phú Lợi,Tổ dân phố Phú Lợi,tổ dân phố,phu_loi,7,2026_07,unverified,2026-07-01
07954.008,07954,25,Phú Xuân,Tổ dân phố Phú Xuân,tổ dân phố,phu_xuan,8,2026_07,unverified,2026-07-01
07954.009,07954,25,Phúc Lợi,Tổ dân phố Phúc Lợi,tổ dân phố,phuc_loi,9,2026_07,unverified,2026-07-01
07954.010,07954,25,Thống Nhất,Tổ dân phố Thống Nhất,tổ dân phố,thong_nhat,10,2026_07,unverified,2026-07-01
07969.001,07969,25,Dân Chủ,Khu Dân Chủ,khu,dan_chu,1,truoc_2026_07,unverified,
07969.002,07969,25,Đại Hộ,Khu Đại Hộ,khu,dai_ho,2,truoc_2026_07,unverified,
07969.003,07969,25,Đại Hội,Khu Đại Hội,khu,dai_hoi,3,truoc_2026_07,unverified,
07969.004,07969,25,Đầu Lô,Khu Đầu Lô,khu,dau_lo,4,truoc_2026_07,unverified,
07969.005,07969,25,Đoàn Kết,Khu Đoàn Kết,khu,doan_ket,5,truoc_2026_07,unverified,
07969.006,07969,25,Đồng Tâm,Khu Đồng Tâm,khu,dong_tam,6,truoc_2026_07,unverified,
07969.007,07969,25,Đồng Thịnh,Khu Đồng Thịnh,khu,dong_thinh,7,truoc_2026_07,unverified,
07969.008,07969,25,Hố Xanh,Khu Hố Xanh,khu,ho_xanh,8,truoc_2026_07,unverified,
07969.009,07969,25,Hưng Tiến,Khu Hưng Tiến,khu,hung_tien,9,truoc_2026_07,unverified,
07969.010,07969,25,Hữu Đô 1,Khu Hữu Đô 1,khu,huu_do_1,10,truoc_2026_07,unverified,
07969.011,07969,25,Hữu Đô 2,Khu Hữu Đô 2,khu,huu_do_2,11,truoc_2026_07,unverified,
07969.012,07969,25,Hữu Đô 3,Khu Hữu Đô 3,khu,huu_do_3,12,truoc_2026_07,unverified,
07969.013,07969,25,Vải,Khu Vải,khu,vai,13,truoc_2026_07,unverified,
07969.014,07969,25,Liên Hợp,Khu Liên Hợp,khu,lien_hop,14,truoc_2026_07,unverified,
07969.015,07969,25,Liên Phương,Khu Liên Phương,khu,lien_phuong,15,truoc_2026_07,unverified,
07969.016,07969,25,Nghĩa Khê,Khu Nghĩa Khê,khu,nghia_khe,16,truoc_2026_07,unverified,
07969.017,07969,25,Phú Thịnh,Khu Phú Thịnh,khu,phu_thinh,17,truoc_2026_07,unverified,
07969.018,07969,25,Sông Lô,Khu Sông Lô,khu,song_lo,18,truoc_2026_07,unverified,
07969.019,07969,25,Tân Long,Khu Tân Long,khu,tan_long,19,truoc_2026_07,unverified,
07969.020,07969,25,Tân Thành,Khu Tân Thành,khu,tan_thanh,20,truoc_2026_07,unverified,
07969.021,07969,25,Tân Thịnh,Khu Tân Thịnh,khu,tan_thinh,21,truoc_2026_07,unverified,
07969.022,07969,25,Tân Tiến,Khu Tân Tiến,khu,tan_tien,22,truoc_2026_07,unverified,
07969.023,07969,25,Thống Nhất,Khu Thống Nhất,khu,thong_nhat,23,truoc_2026_07,unverified,
07969.024,07969,25,Thọ Sơn,Khu Thọ Sơn,khu,tho_son,24,truoc_2026_07,unverified,
07969.025,07969,25,Tiền Phong,Khu Tiền Phong,khu,tien_phong,25,truoc_2026_07,unverified,
07969.026,07969,25,Vân Cương 1,Khu Vân Cương 1,khu,van_cuong_1,26,truoc_2026_07,unverified,
07969.027,07969,25,Vân Cương 2,Khu Vân Cương 2,khu,van_cuong_2,27,truoc_2026_07,unverified,
07969.028,07969,25,Vân Tập,Khu Vân Tập,khu,van_tap,28,truoc_2026_07,unverified,
07999.001,07999,25,Ánh Hồng,Khu Ánh Hồng,khu,anh_hong,1,truoc_2026_07,unverified,
07999.002,07999,25,Bình Minh,Khu Bình Minh,khu,binh_minh,2,truoc_2026_07,unverified,
07999.003,07999,25,Cáo Sóc,Khu Cáo Sóc,khu,cao_soc,3,truoc_2026_07,unverified,
07999.004,07999,25,Chí,Khu Chí,khu,chi,4,truoc_2026_07,unverified,
07999.005,07999,25,Đám 1,Khu Đám 1,khu,dam_1,5,truoc_2026_07,unverified,
07999.006,07999,25,Đám 2,Khu Đám 2,khu,dam_2,6,truoc_2026_07,unverified,
07999.007,07999,25,Đoàn Kết,Khu Đoàn Kết,khu,doan_ket,7,truoc_2026_07,unverified,
07999.008,07999,25,Đông Dương,Khu Đông Dương,khu,dong_duong,8,truoc_2026_07,unverified,
07999.009,07999,25,Đông Tiến,Khu Đông Tiến,khu,dong_tien,9,truoc_2026_07,unverified,
07999.010,07999,25,Đông Tiệm,Khu Đông Tiệm,khu,dong_tiem,10,truoc_2026_07,unverified,
07999.011,07999,25,Đồng Mầu,Khu Đồng Mầu,khu,dong_mau,11,truoc_2026_07,unverified,
07999.012,07999,25,Gò Măng,Khu Gò Măng,khu,go_mang,12,truoc_2026_07,unverified,
07999.013,07999,25,Hồng Minh,Khu Hồng Minh,khu,hong_minh,13,truoc_2026_07,unverified,
07999.014,07999,25,Hùng Quan,Khu Hùng Quan,khu,hung_quan,14,truoc_2026_07,unverified,
07999.015,07999,25,Lã Hoàng 1,Khu Lã Hoàng 1,khu,la_hoang_1,15,truoc_2026_07,unverified,
07999.016,07999,25,Lã Hoàng 2,Khu Lã Hoàng 2,khu,la_hoang_2,16,truoc_2026_07,unverified,
07999.017,07999,25,Lạp Xuyên,Khu Lạp Xuyên,khu,lap_xuyen,17,truoc_2026_07,unverified,
07999.018,07999,25,Liên Phú,Khu Liên Phú,khu,lien_phu,18,truoc_2026_07,unverified,
07999.019,07999,25,Minh Giang,Khu Minh Giang,khu,minh_giang,19,truoc_2026_07,unverified,
07999.020,07999,25,Minh Giang Sơn,Khu Minh Giang Sơn,khu,minh_giang_son,20,truoc_2026_07,unverified,
07999.021,07999,25,Nam Đẩu,Khu Nam Đẩu,khu,nam_dau,21,truoc_2026_07,unverified,
07999.022,07999,25,Nghinh Lạp,Khu Nghinh Lạp,khu,nghinh_lap,22,truoc_2026_07,unverified,
07999.023,07999,25,Ngọc Chúc 1,Khu Ngọc Chúc 1,khu,ngoc_chuc_1,23,truoc_2026_07,unverified,
07999.024,07999,25,Ngọc Chúc 2,Khu Ngọc Chúc 2,khu,ngoc_chuc_2,24,truoc_2026_07,unverified,
07999.025,07999,25,Ngọc Chúc 3,Khu Ngọc Chúc 3,khu,ngoc_chuc_3,25,truoc_2026_07,unverified,
07999.026,07999,25,Nhà Hóp,Khu Nhà Hóp,khu,nha_hop,26,truoc_2026_07,unverified,
07999.027,07999,25,Phượng Hùng 1,Khu Phượng Hùng 1,khu,phuong_hung_1,27,truoc_2026_07,unverified,
07999.028,07999,25,Phượng Hùng 2,Khu Phượng Hùng 2,khu,phuong_hung_2,28,truoc_2026_07,unverified,
07999.029,07999,25,Song Phượng 1,Khu Song Phượng 1,khu,song_phuong_1,29,truoc_2026_07,unverified,
07999.030,07999,25,Song Phượng 2,Khu Song Phượng 2,khu,song_phuong_2,30,truoc_2026_07,unverified,
07999.031,07999,25,Tân Lập,Khu Tân Lập,khu,tan_lap,31,truoc_2026_07,unverified,
07999.032,07999,25,Tân Minh,Khu Tân Minh,khu,tan_minh,32,truoc_2026_07,unverified,
07999.033,07999,25,Tân Thành,Khu Tân Thành,khu,tan_thanh,33,truoc_2026_07,unverified,
07999.034,07999,25,Thượng Khê,Khu Thượng Khê,khu,thuong_khe,34,truoc_2026_07,unverified,
07999.035,07999,25,Vân Tiến 1,Khu Vân Tiến 1,khu,van_tien_1,35,truoc_2026_07,unverified,
07999.036,07999,25,Vân Tiến 2,Khu Vân Tiến 2,khu,van_tien_2,36,truoc_2026_07,unverified,
07999.037,07999,25,Vân Tiến 3,Khu Vân Tiến 3,khu,van_tien_3,37,truoc_2026_07,unverified,
07999.038,07999,25,Vĩnh Lại,Khu Vĩnh Lại,khu,vinh_lai,38,truoc_2026_07,unverified,
07999.039,07999,25,Xuân Áng,Khu Xuân Áng,khu,xuan_ang,39,truoc_2026_07,unverified,
08023.001,08023,25,An Thái,Khu An Thái,khu,an_thai,1,truoc_2026_07,unverified,
08023.002,08023,25,Bằng Tường,Khu Bằng Tường,khu,bang_tuong,2,truoc_2026_07,unverified,
08023.003,08023,25,Cát Lâm 1,Khu Cát Lâm 1,khu,cat_lam_1,3,truoc_2026_07,unverified,
08023.004,08023,25,Cát Lâm 2,Khu Cát Lâm 2,khu,cat_lam_2,4,truoc_2026_07,unverified,
08023.005,08023,25,Cẩn Độ,Khu Cẩn Độ,khu,can_do,5,truoc_2026_07,unverified,
08023.006,08023,25,Chợ Ngà,Khu Chợ Ngà,khu,cho_nga,6,truoc_2026_07,unverified,
08023.007,08023,25,Duỗn Trung,Khu Duỗn Trung,khu,duon_trung,7,truoc_2026_07,unverified,
08023.008,08023,25,Đoàn Kết,Khu Đoàn Kết,khu,doan_ket,8,truoc_2026_07,unverified,
08023.009,08023,25,Hợp Lai,Khu Hợp Lai,khu,hop_lai,9,truoc_2026_07,unverified,
08023.010,08023,25,Hùng Phú,Khu Hùng Phú,khu,hung_phu,10,truoc_2026_07,unverified,
08023.011,08023,25,Phố,Khu Phố,khu,pho,11,truoc_2026_07,unverified,
08023.012,08023,25,Phúc Đình,Khu Phúc Đình,khu,phuc_dinh,12,truoc_2026_07,unverified,
08023.013,08023,25,Phúc Khuê,Khu Phúc Khuê,khu,phuc_khue,13,truoc_2026_07,unverified,
08023.014,08023,25,Phúc Thịnh,Khu Phúc Thịnh,khu,phuc_thinh,14,truoc_2026_07,unverified,
08023.015,08023,25,Phương Nhuế,Khu Phương Nhuế,khu,phuong_nhue,15,truoc_2026_07,unverified,
08023.016,08023,25,Tân Long,Khu Tân Long,khu,tan_long,16,truoc_2026_07,unverified,
08023.017,08023,25,Tây Mỗ 1,Khu Tây Mỗ 1,khu,tay_mo_1,17,truoc_2026_07,unverified,
08023.018,08023,25,Tây Mỗ 2,Khu Tây Mỗ 2,khu,tay_mo_2,18,truoc_2026_07,unverified,
08023.019,08023,25,Tây Mỗ 3,Khu Tây Mỗ 3,khu,tay_mo_3,19,truoc_2026_07,unverified,
08023.020,08023,25,Tập Kết,Khu Tập Kết,khu,tap_ket,20,truoc_2026_07,unverified,
08023.021,08023,25,Thái Hà,Khu Thái Hà,khu,thai_ha,21,truoc_2026_07,unverified,
08023.022,08023,25,Thuật Cổ,Khu Thuật Cổ,khu,thuat_co,22,truoc_2026_07,unverified,
08023.023,08023,25,Trung Tâm,Khu Trung Tâm,khu,trung_tam,23,truoc_2026_07,unverified,
08023.024,08023,25,Văn Phú,Khu Văn Phú,khu,van_phu,24,truoc_2026_07,unverified,
08023.025,08023,25,Vân Hùng,Khu Vân Hùng,khu,van_hung,25,truoc_2026_07,unverified,
08023.026,08023,25,Việt Hùng 1,Khu Việt Hùng 1,khu,viet_hung_1,26,truoc_2026_07,unverified,
08023.027,08023,25,Việt Hùng 2,Khu Việt Hùng 2,khu,viet_hung_2,27,truoc_2026_07,unverified,
08023.028,08023,25,Việt Hùng 3,Khu Việt Hùng 3,khu,viet_hung_3,28,truoc_2026_07,unverified,
08023.029,08023,25,Việt Hùng 4,Khu Việt Hùng 4,khu,viet_hung_4,29,truoc_2026_07,unverified,
08038.001,08038,25,1 Chân Mộng,Khu 1 Chân Mộng,khu,1_chan_mong,1,truoc_2026_07,unverified,
08038.002,08038,25,2 Chân Mộng,Khu 2 Chân Mộng,khu,2_chan_mong,2,truoc_2026_07,unverified,
08038.003,08038,25,3 Chân Mộng,Khu 3 Chân Mộng,khu,3_chan_mong,3,truoc_2026_07,unverified,
08038.004,08038,25,4 Chân Mộng,Khu 4 Chân Mộng,khu,4_chan_mong,4,truoc_2026_07,unverified,
08038.005,08038,25,5 Chân Mộng,Khu 5 Chân Mộng,khu,5_chan_mong,5,truoc_2026_07,unverified,
08038.006,08038,25,6 Chân Mộng,Khu 6 Chân Mộng,khu,6_chan_mong,6,truoc_2026_07,unverified,
08038.007,08038,25,7 Chân Mộng,Khu 7 Chân Mộng,khu,7_chan_mong,7,truoc_2026_07,unverified,
08038.008,08038,25,1A Minh Phú,Khu 1A Minh Phú,khu,1a_minh_phu,8,truoc_2026_07,unverified,
08038.009,08038,25,1B Minh Phú,Khu 1B Minh Phú,khu,1b_minh_phu,9,truoc_2026_07,unverified,
08038.010,08038,25,2 Minh Phú,Khu 2 Minh Phú,khu,2_minh_phu,10,truoc_2026_07,unverified,
08038.011,08038,25,3 Minh Phú,Khu 3 Minh Phú,khu,3_minh_phu,11,truoc_2026_07,unverified,
08038.012,08038,25,4 Minh Phú,Khu 4 Minh Phú,khu,4_minh_phu,12,truoc_2026_07,unverified,
08038.013,08038,25,5 Minh Phú,Khu 5 Minh Phú,khu,5_minh_phu,13,truoc_2026_07,unverified,
08038.014,08038,25,6 Minh Phú,Khu 6 Minh Phú,khu,6_minh_phu,14,truoc_2026_07,unverified,
08038.015,08038,25,7 Minh Phú,Khu 7 Minh Phú,khu,7_minh_phu,15,truoc_2026_07,unverified,
08038.016,08038,25,8 Minh Phú,Khu 8 Minh Phú,khu,8_minh_phu,16,truoc_2026_07,unverified,
08038.017,08038,25,9 Minh Phú,Khu 9 Minh Phú,khu,9_minh_phu,17,truoc_2026_07,unverified,
08038.018,08038,25,10 Minh Phú,Khu 10 Minh Phú,khu,10_minh_phu,18,truoc_2026_07,unverified,
08038.019,08038,25,1 Minh Tiến,Khu 1 Minh Tiến,khu,1_minh_tien,19,truoc_2026_07,unverified,
08038.020,08038,25,2 Minh Tiến,Khu 2 Minh Tiến,khu,2_minh_tien,20,truoc_2026_07,unverified,
08038.021,08038,25,3 Minh Tiến,Khu 3 Minh Tiến,khu,3_minh_tien,21,truoc_2026_07,unverified,
08038.022,08038,25,4 Minh Tiến,Khu 4 Minh Tiến,khu,4_minh_tien,22,truoc_2026_07,unverified,
08038.023,08038,25,5 Minh Tiến,Khu 5 Minh Tiến,khu,5_minh_tien,23,truoc_2026_07,unverified,
08038.024,08038,25,1 Tiêu Sơn,Khu 1 Tiêu Sơn,khu,1_tieu_son,24,truoc_2026_07,unverified,
08038.025,08038,25,2 Tiêu Sơn,Khu 2 Tiêu Sơn,khu,2_tieu_son,25,truoc_2026_07,unverified,
08038.026,08038,25,3 Tiêu Sơn,Khu 3 Tiêu Sơn,khu,3_tieu_son,26,truoc_2026_07,unverified,
08038.027,08038,25,4 Tiêu Sơn,Khu 4 Tiêu Sơn,khu,4_tieu_son,27,truoc_2026_07,unverified,
08038.028,08038,25,5 Tiêu Sơn,Khu 5 Tiêu Sơn,khu,5_tieu_son,28,truoc_2026_07,unverified,
08038.029,08038,25,6 Tiêu Sơn,Khu 6 Tiêu Sơn,khu,6_tieu_son,29,truoc_2026_07,unverified,
08038.030,08038,25,7 Tiêu Sơn,Khu 7 Tiêu Sơn,khu,7_tieu_son,30,truoc_2026_07,unverified,
08038.031,08038,25,8 Tiêu Sơn,Khu 8 Tiêu Sơn,khu,8_tieu_son,31,truoc_2026_07,unverified,
08038.032,08038,25,9 Tiêu Sơn,Khu 9 Tiêu Sơn,khu,9_tieu_son,32,truoc_2026_07,unverified,
08038.033,08038,25,1 Vân Đồn,Khu 1 Vân Đồn,khu,1_van_don,33,truoc_2026_07,unverified,
08038.034,08038,25,2 Vân Đồn,Khu 2 Vân Đồn,khu,2_van_don,34,truoc_2026_07,unverified,
08038.035,08038,25,3 Vân Đồn,Khu 3 Vân Đồn,khu,3_van_don,35,truoc_2026_07,unverified,
08038.036,08038,25,4 Vân Đồn,Khu 4 Vân Đồn,khu,4_van_don,36,truoc_2026_07,unverified,
08038.037,08038,25,5 Vân Đồn,Khu 5 Vân Đồn,khu,5_van_don,37,truoc_2026_07,unverified,
08038.038,08038,25,6 Vân Đồn,Khu 6 Vân Đồn,khu,6_van_don,38,truoc_2026_07,unverified,
08038.039,08038,25,7 Vân Đồn,Khu 7 Vân Đồn,khu,7_van_don,39,truoc_2026_07,unverified,
08038.040,08038,25,8 Vân Đồn,Khu 8 Vân Đồn,khu,8_van_don,40,truoc_2026_07,unverified,
08038.041,08038,25,9 Vân Đồn,Khu 9 Vân Đồn,khu,9_van_don,41,truoc_2026_07,unverified,
08038.042,08038,25,10 Vân Đồn,Khu 10 Vân Đồn,khu,10_van_don,42,truoc_2026_07,unverified,
08038.043,08038,25,11 Vân Đồn,Khu 11 Vân Đồn,khu,11_van_don,43,truoc_2026_07,unverified,
08038.044,08038,25,1 Vụ Quang,Khu 1 Vụ Quang,khu,1_vu_quang,44,truoc_2026_07,unverified,
08038.045,08038,25,2 Vụ Quang,Khu 2 Vụ Quang,khu,2_vu_quang,45,truoc_2026_07,unverified,
08038.046,08038,25,3 Vụ Quang,Khu 3 Vụ Quang,khu,3_vu_quang,46,truoc_2026_07,unverified,
08038.047,08038,25,4 Vụ Quang,Khu 4 Vụ Quang,khu,4_vu_quang,47,truoc_2026_07,unverified,
08038.048,08038,25,5 Vụ Quang,Khu 5 Vụ Quang,khu,5_vu_quang,48,truoc_2026_07,unverified,
08038.049,08038,25,6 Vụ Quang,Khu 6 Vụ Quang,khu,6_vu_quang,49,truoc_2026_07,unverified,
08038.050,08038,25,7 Vụ Quang,Khu 7 Vụ Quang,khu,7_vu_quang,50,truoc_2026_07,unverified,
08038.051,08038,25,8 Vụ Quang,Khu 8 Vụ Quang,khu,8_vu_quang,51,truoc_2026_07,unverified,
08038.052,08038,25,1 Yên Kiện,Khu 1 Yên Kiện,khu,1_yen_kien,52,truoc_2026_07,unverified,
08038.053,08038,25,2 Yên Kiện,Khu 2 Yên Kiện,khu,2_yen_kien,53,truoc_2026_07,unverified,
08038.054,08038,25,3 Yên Kiện,Khu 3 Yên Kiện,khu,3_yen_kien,54,truoc_2026_07,unverified,
08038.055,08038,25,4 Yên Kiện,Khu 4 Yên Kiện,khu,4_yen_kien,55,truoc_2026_07,unverified,
08038.056,08038,25,5 Yên Kiện,Khu 5 Yên Kiện,khu,5_yen_kien,56,truoc_2026_07,unverified,
08038.057,08038,25,6 Yên Kiện,Khu 6 Yên Kiện,khu,6_yen_kien,57,truoc_2026_07,unverified,
08038.058,08038,25,7 Yên Kiện,Khu 7 Yên Kiện,khu,7_yen_kien,58,truoc_2026_07,unverified,
08038.059,08038,25,8 Yên Kiện,Khu 8 Yên Kiện,khu,8_yen_kien,59,truoc_2026_07,unverified,
08038.060,08038,25,9 Yên Kiện,Khu 9 Yên Kiện,khu,9_yen_kien,60,truoc_2026_07,unverified,
08038.061,08038,25,An Thọ Hùng Long,Khu An Thọ Hùng Long,khu,an_tho_hung_long,61,truoc_2026_07,unverified,
08038.062,08038,25,An Việt Hùng Long,Khu An Việt Hùng Long,khu,an_viet_hung_long,62,truoc_2026_07,unverified,
08038.063,08038,25,Đồng Bích Hùng Long,Khu Đồng Bích Hùng Long,khu,dong_bich_hung_long,63,truoc_2026_07,unverified,
08038.064,08038,25,Đồng Ao Hùng Long,Khu Đồng Ao Hùng Long,khu,dong_ao_hung_long,64,truoc_2026_07,unverified,
08038.065,08038,25,Tân Minh Hùng Long,Khu Tân Minh Hùng Long,khu,tan_minh_hung_long,65,truoc_2026_07,unverified,
08038.066,08038,25,Tiền Phong Hùng Long,Khu Tiền Phong Hùng Long,khu,tien_phong_hung_long,66,truoc_2026_07,unverified,
08038.067,08038,25,Việt Hưng Hùng Long,Khu Việt Hưng Hùng Long,khu,viet_hung_hung_long,67,truoc_2026_07,unverified,
08053.001,08053,25,1 - Ấm Hạ,Khu 1 - Ấm Hạ,khu,1_am_ha,1,truoc_2026_07,unverified,
08053.002,08053,25,2 - Ấm Hạ,Khu 2 - Ấm Hạ,khu,2_am_ha,2,truoc_2026_07,unverified,
08053.003,08053,25,3 - Ấm Hạ,Khu 3 - Ấm Hạ,khu,3_am_ha,3,truoc_2026_07,unverified,
08053.004,08053,25,4 - Ấm Hạ,Khu 4 - Ấm Hạ,khu,4_am_ha,4,truoc_2026_07,unverified,
08053.005,08053,25,5 - Ấm Hạ,Khu 5 - Ấm Hạ,khu,5_am_ha,5,truoc_2026_07,unverified,
08053.006,08053,25,6 - Ấm Hạ,Khu 6 - Ấm Hạ,khu,6_am_ha,6,truoc_2026_07,unverified,
08053.007,08053,25,7 - Ấm Hạ,Khu 7 - Ấm Hạ,khu,7_am_ha,7,truoc_2026_07,unverified,
08053.008,08053,25,8 - Ấm Hạ,Khu 8 - Ấm Hạ,khu,8_am_ha,8,truoc_2026_07,unverified,
08053.009,08053,25,1 - Gia Điền,Khu 1 - Gia Điền,khu,1_gia_dien,9,truoc_2026_07,unverified,
08053.010,08053,25,2 - Gia Điền,Khu 2 - Gia Điền,khu,2_gia_dien,10,truoc_2026_07,unverified,
08053.011,08053,25,3 - Gia Điền,Khu 3 - Gia Điền,khu,3_gia_dien,11,truoc_2026_07,unverified,
08053.012,08053,25,4 - Gia Điền,Khu 4 - Gia Điền,khu,4_gia_dien,12,truoc_2026_07,unverified,
08053.013,08053,25,5 - Gia Điền,Khu 5 - Gia Điền,khu,5_gia_dien,13,truoc_2026_07,unverified,
08053.014,08053,25,1 - Hạ Hòa,Khu 1 - Hạ Hòa,khu,1_ha_hoa,14,truoc_2026_07,unverified,
08053.015,08053,25,2 - Hạ Hòa,Khu 2 - Hạ Hòa,khu,2_ha_hoa,15,truoc_2026_07,unverified,
08053.016,08053,25,3 - Hạ Hòa,Khu 3 - Hạ Hòa,khu,3_ha_hoa,16,truoc_2026_07,unverified,
08053.017,08053,25,4 - Hạ Hòa,Khu 4 - Hạ Hòa,khu,4_ha_hoa,17,truoc_2026_07,unverified,
08053.018,08053,25,5 - Hạ Hòa,Khu 5 - Hạ Hòa,khu,5_ha_hoa,18,truoc_2026_07,unverified,
08053.019,08053,25,6 - Hạ Hòa,Khu 6 - Hạ Hòa,khu,6_ha_hoa,19,truoc_2026_07,unverified,
08053.020,08053,25,7 - Hạ Hòa,Khu 7 - Hạ Hòa,khu,7_ha_hoa,20,truoc_2026_07,unverified,
08053.021,08053,25,8 - Hạ Hòa,Khu 8 - Hạ Hòa,khu,8_ha_hoa,21,truoc_2026_07,unverified,
08053.022,08053,25,9 - Hạ Hòa,Khu 9 - Hạ Hòa,khu,9_ha_hoa,22,truoc_2026_07,unverified,
08053.023,08053,25,10 - Hạ Hòa,Khu 10 - Hạ Hòa,khu,10_ha_hoa,23,truoc_2026_07,unverified,
08053.024,08053,25,11 - Hạ Hòa,Khu 11 - Hạ Hòa,khu,11_ha_hoa,24,truoc_2026_07,unverified,
08053.025,08053,25,1 - Minh Hạc,Khu 1 - Minh Hạc,khu,1_minh_hac,25,truoc_2026_07,unverified,
08053.026,08053,25,2 - Minh Hạc,Khu 2 - Minh Hạc,khu,2_minh_hac,26,truoc_2026_07,unverified,
08053.027,08053,25,3 Minh Hạc,Khu 3 Minh Hạc,khu,3_minh_hac,27,truoc_2026_07,unverified,
08053.028,08053,25,4 - Minh Hạc,Khu 4 - Minh Hạc,khu,4_minh_hac,28,truoc_2026_07,unverified,
08113.001,08113,25,1 Hương Xạ,Khu 1 Hương Xạ,khu,1_huong_xa,1,truoc_2026_07,unverified,
08113.002,08113,25,2 Hương Xạ,Khu 2 Hương Xạ,khu,2_huong_xa,2,truoc_2026_07,unverified,
08113.003,08113,25,3 Hương Xạ,Khu 3 Hương Xạ,khu,3_huong_xa,3,truoc_2026_07,unverified,
08113.004,08113,25,4 Hương Xạ,Khu 4 Hương Xạ,khu,4_huong_xa,4,truoc_2026_07,unverified,
08113.005,08113,25,5 Hương Xạ,Khu 5 Hương Xạ,khu,5_huong_xa,5,truoc_2026_07,unverified,
08113.006,08113,25,6 Hương Xạ,Khu 6 Hương Xạ,khu,6_huong_xa,6,truoc_2026_07,unverified,
08113.007,08113,25,7 Hương Xạ,Khu 7 Hương Xạ,khu,7_huong_xa,7,truoc_2026_07,unverified,
08113.008,08113,25,1 Phương Viên,Khu 1 Phương Viên,khu,1_phuong_vien,8,truoc_2026_07,unverified,
08113.009,08113,25,2 Phương Viên,Khu 2 Phương Viên,khu,2_phuong_vien,9,truoc_2026_07,unverified,
08113.010,08113,25,3 Phương Viên,Khu 3 Phương Viên,khu,3_phuong_vien,10,truoc_2026_07,unverified,
08113.011,08113,25,4 Phương Viên,Khu 4 Phương Viên,khu,4_phuong_vien,11,truoc_2026_07,unverified,
08113.012,08113,25,5 Phương Viên,Khu 5 Phương Viên,khu,5_phuong_vien,12,truoc_2026_07,unverified,
08113.013,08113,25,6 Phương Viên,Khu 6 Phương Viên,khu,6_phuong_vien,13,truoc_2026_07,unverified,
08113.014,08113,25,1 Yên Kỳ,Khu 1 Yên Kỳ,khu,1_yen_ky,14,truoc_2026_07,unverified,
08113.015,08113,25,2 Yên Kỳ,Khu 2 Yên Kỳ,khu,2_yen_ky,15,truoc_2026_07,unverified,
08113.016,08113,25,3 Yên Kỳ,Khu 3 Yên Kỳ,khu,3_yen_ky,16,truoc_2026_07,unverified,
08113.017,08113,25,4 Yên Kỳ,Khu 4 Yên Kỳ,khu,4_yen_ky,17,truoc_2026_07,unverified,
08113.018,08113,25,5 Yên Kỳ,Khu 5 Yên Kỳ,khu,5_yen_ky,18,truoc_2026_07,unverified,
08113.019,08113,25,6 Yên Kỳ,Khu 6 Yên Kỳ,khu,6_yen_ky,19,truoc_2026_07,unverified,
08113.020,08113,25,7 Yên Kỳ,Khu 7 Yên Kỳ,khu,7_yen_ky,20,truoc_2026_07,unverified,
08113.021,08113,25,8 Yên Kỳ,Khu 8 Yên Kỳ,khu,8_yen_ky,21,truoc_2026_07,unverified,
08113.022,08113,25,9 Yên Kỳ,Khu 9 Yên Kỳ,khu,9_yen_ky,22,truoc_2026_07,unverified,
08113.023,08113,25,10 Yên Kỳ,Khu 10 Yên Kỳ,khu,10_yen_ky,23,truoc_2026_07,unverified,
08113.024,08113,25,11 Yên Kỳ,Khu 11 Yên Kỳ,khu,11_yen_ky,24,truoc_2026_07,unverified,
08113.025,08113,25,12 Yên Kỳ,Khu 12 Yên Kỳ,khu,12_yen_ky,25,truoc_2026_07,unverified,
08113.026,08113,25,13 Yên Kỳ,Khu 13 Yên Kỳ,khu,13_yen_ky,26,truoc_2026_07,unverified,
08113.027,08113,25,14 Yên Kỳ,Khu 14 Yên Kỳ,khu,14_yen_ky,27,truoc_2026_07,unverified,
08143.001,08143,25,Thổ Khối,Làng Thổ Khối,làng,tho_khoi,1,truoc_2026_07,unverified,
08143.002,08143,25,Vù,Làng Vù,làng,vu,2,truoc_2026_07,unverified,
08152.001,08152,25,1 Đồng Xuân,Khu 1 Đồng Xuân,khu,1_dong_xuan,1,truoc_2026_07,unverified,
08152.002,08152,25,2 Đồng Xuân,Khu 2 Đồng Xuân,khu,2_dong_xuan,2,truoc_2026_07,unverified,
08152.003,08152,25,3 Đồng Xuân,Khu 3 Đồng Xuân,khu,3_dong_xuan,3,truoc_2026_07,unverified,
08152.004,08152,25,4 Đồng Xuân,Khu 4 Đồng Xuân,khu,4_dong_xuan,4,truoc_2026_07,unverified,
08152.005,08152,25,5 Đồng Xuân,Khu 5 Đồng Xuân,khu,5_dong_xuan,5,truoc_2026_07,unverified,
08152.006,08152,25,6 Đồng Xuân,Khu 6 Đồng Xuân,khu,6_dong_xuan,6,truoc_2026_07,unverified,
08152.007,08152,25,7 Đồng Xuân,Khu 7 Đồng Xuân,khu,7_dong_xuan,7,truoc_2026_07,unverified,
08152.008,08152,25,8 Đồng Xuân,Khu 8 Đồng Xuân,khu,8_dong_xuan,8,truoc_2026_07,unverified,
08152.009,08152,25,1 Hanh Cù,Khu 1 Hanh Cù,khu,1_hanh_cu,9,truoc_2026_07,unverified,
08152.010,08152,25,2 Hanh Cù,Khu 2 Hanh Cù,khu,2_hanh_cu,10,truoc_2026_07,unverified,
08152.011,08152,25,3 Hanh Cù,Khu 3 Hanh Cù,khu,3_hanh_cu,11,truoc_2026_07,unverified,
08152.012,08152,25,4 Hanh Cù,Khu 4 Hanh Cù,khu,4_hanh_cu,12,truoc_2026_07,unverified,
08152.013,08152,25,5 Hanh Cù,Khu 5 Hanh Cù,khu,5_hanh_cu,13,truoc_2026_07,unverified,
08152.014,08152,25,6 Hanh Cù,Khu 6 Hanh Cù,khu,6_hanh_cu,14,truoc_2026_07,unverified,
08152.015,08152,25,7 Hanh Cù,Khu 7 Hanh Cù,khu,7_hanh_cu,15,truoc_2026_07,unverified,
08152.016,08152,25,8 Hanh Cù,Khu 8 Hanh Cù,khu,8_hanh_cu,16,truoc_2026_07,unverified,
08152.017,08152,25,9 Hanh Cù,Khu 9 Hanh Cù,khu,9_hanh_cu,17,truoc_2026_07,unverified,
08152.018,08152,25,10 Hanh Cù,Khu 10 Hanh Cù,khu,10_hanh_cu,18,truoc_2026_07,unverified,
08152.019,08152,25,11 Hanh Cù,Khu 11 Hanh Cù,khu,11_hanh_cu,19,truoc_2026_07,unverified,
08152.020,08152,25,12 Hanh Cù,Khu 12 Hanh Cù,khu,12_hanh_cu,20,truoc_2026_07,unverified,
08152.021,08152,25,13 Hanh Cù,Khu 13 Hanh Cù,khu,13_hanh_cu,21,truoc_2026_07,unverified,
08152.022,08152,25,14 Hanh Cù,Khu 14 Hanh Cù,khu,14_hanh_cu,22,truoc_2026_07,unverified,
08152.023,08152,25,15 Hanh Cù,Khu 15 Hanh Cù,khu,15_hanh_cu,23,truoc_2026_07,unverified,
08152.024,08152,25,16 Hanh Cù,Khu 16 Hanh Cù,khu,16_hanh_cu,24,truoc_2026_07,unverified,
08152.025,08152,25,17 Hanh Cù,Khu 17 Hanh Cù,khu,17_hanh_cu,25,truoc_2026_07,unverified,
08152.026,08152,25,18 Hanh Cù,Khu 18 Hanh Cù,khu,18_hanh_cu,26,truoc_2026_07,unverified,
08152.027,08152,25,19 Hanh Cù,Khu 19 Hanh Cù,khu,19_hanh_cu,27,truoc_2026_07,unverified,
08152.028,08152,25,20 Hanh Cù,Khu 20 Hanh Cù,khu,20_hanh_cu,28,truoc_2026_07,unverified,
08152.029,08152,25,21 Hanh Cù,Khu 21 Hanh Cù,khu,21_hanh_cu,29,truoc_2026_07,unverified,
08152.030,08152,25,22 Hanh Cù,Khu 22 Hanh Cù,khu,22_hanh_cu,30,truoc_2026_07,unverified,
08152.031,08152,25,23 Hanh Cù,Khu 23 Hanh Cù,khu,23_hanh_cu,31,truoc_2026_07,unverified,
08152.032,08152,25,24 Hanh Cù,Khu 24 Hanh Cù,khu,24_hanh_cu,32,truoc_2026_07,unverified,
08152.033,08152,25,25 Hanh Cù,Khu 25 Hanh Cù,khu,25_hanh_cu,33,truoc_2026_07,unverified,
08152.034,08152,25,26 Hanh Cù,Khu 26 Hanh Cù,khu,26_hanh_cu,34,truoc_2026_07,unverified,
08152.035,08152,25,2 Thị trấn Thanh Ba,Khu 2 Thị trấn Thanh Ba,khu,2_thi_tran_thanh_ba,35,truoc_2026_07,unverified,
08152.036,08152,25,3 Thị trấn Thanh Ba,Khu 3 Thị trấn Thanh Ba,khu,3_thi_tran_thanh_ba,36,truoc_2026_07,unverified,
08152.037,08152,25,4 Thị trấn Thanh Ba,Khu 4 Thị trấn Thanh Ba,khu,4_thi_tran_thanh_ba,37,truoc_2026_07,unverified,
08152.038,08152,25,5 Thị trấn Thanh Ba,Khu 5 Thị trấn Thanh Ba,khu,5_thi_tran_thanh_ba,38,truoc_2026_07,unverified,
08152.039,08152,25,6 Thị trấn Thanh Ba,Khu 6 Thị trấn Thanh Ba,khu,6_thi_tran_thanh_ba,39,truoc_2026_07,unverified,
08152.040,08152,25,8 Thị trấn Thanh Ba,Khu 8 Thị trấn Thanh Ba,khu,8_thi_tran_thanh_ba,40,truoc_2026_07,unverified,
08152.041,08152,25,9 Thị trấn Thanh Ba,Khu 9 Thị trấn Thanh Ba,khu,9_thi_tran_thanh_ba,41,truoc_2026_07,unverified,
08152.042,08152,25,10 Thị trấn Thanh Ba,Khu 10 Thị trấn Thanh Ba,khu,10_thi_tran_thanh_ba,42,truoc_2026_07,unverified,
08152.043,08152,25,11 Thị trấn Thanh Ba,Khu 11 Thị trấn Thanh Ba,khu,11_thi_tran_thanh_ba,43,truoc_2026_07,unverified,
08152.044,08152,25,12 Thị trấn Thanh Ba,Khu 12 Thị trấn Thanh Ba,khu,12_thi_tran_thanh_ba,44,truoc_2026_07,unverified,
08152.045,08152,25,1 Vân Lĩnh,Khu 1 Vân Lĩnh,khu,1_van_linh,45,truoc_2026_07,unverified,
08152.046,08152,25,2 Vân Lĩnh,Khu 2 Vân Lĩnh,khu,2_van_linh,46,truoc_2026_07,unverified,
08152.047,08152,25,3 Vân Lĩnh,Khu 3 Vân Lĩnh,khu,3_van_linh,47,truoc_2026_07,unverified,
08152.048,08152,25,4 Vân Lĩnh,Khu 4 Vân Lĩnh,khu,4_van_linh,48,truoc_2026_07,unverified,
08152.049,08152,25,5 Vân Lĩnh,Khu 5 Vân Lĩnh,khu,5_van_linh,49,truoc_2026_07,unverified,
08173.001,08173,25,1 Đại An,Khu 1 Đại An,khu,1_dai_an,1,truoc_2026_07,unverified,
08173.002,08173,25,2 Đại An,Khu 2 Đại An,khu,2_dai_an,2,truoc_2026_07,unverified,
08173.003,08173,25,3 Đại An,Khu 3 Đại An,khu,3_dai_an,3,truoc_2026_07,unverified,
08173.004,08173,25,4 Đại An,Khu 4 Đại An,khu,4_dai_an,4,truoc_2026_07,unverified,
08173.005,08173,25,5 Đại An,Khu 5 Đại An,khu,5_dai_an,5,truoc_2026_07,unverified,
08173.006,08173,25,6 Đại An,Khu 6 Đại An,khu,6_dai_an,6,truoc_2026_07,unverified,
08173.007,08173,25,7 Đại An,Khu 7 Đại An,khu,7_dai_an,7,truoc_2026_07,unverified,
08173.008,08173,25,8 Đại An,Khu 8 Đại An,khu,8_dai_an,8,truoc_2026_07,unverified,
08173.009,08173,25,1 Đông Lĩnh,Khu 1 Đông Lĩnh,khu,1_dong_linh,9,truoc_2026_07,unverified,
08173.010,08173,25,2 Đông Lĩnh,Khu 2 Đông Lĩnh,khu,2_dong_linh,10,truoc_2026_07,unverified,
08173.011,08173,25,3 Đông Lĩnh,Khu 3 Đông Lĩnh,khu,3_dong_linh,11,truoc_2026_07,unverified,
08173.012,08173,25,4 Đông Lĩnh,Khu 4 Đông Lĩnh,khu,4_dong_linh,12,truoc_2026_07,unverified,
08173.013,08173,25,5 Đông Lĩnh,Khu 5 Đông Lĩnh,khu,5_dong_linh,13,truoc_2026_07,unverified,
08173.014,08173,25,6 Đông Lĩnh,Khu 6 Đông Lĩnh,khu,6_dong_linh,14,truoc_2026_07,unverified,
08173.015,08173,25,7 Đông Lĩnh,Khu 7 Đông Lĩnh,khu,7_dong_linh,15,truoc_2026_07,unverified,
08173.016,08173,25,Bãi Hạc,Khu Bãi Hạc,khu,bai_hac,16,truoc_2026_07,unverified,
08173.017,08173,25,Cây Sui,Khu Cây Sui,khu,cay_sui,17,truoc_2026_07,unverified,
08173.018,08173,25,Cây Xa,Khu Cây Xa,khu,cay_xa,18,truoc_2026_07,unverified,
08173.019,08173,25,Chò Làng Não,Khu Chò Làng Não,khu,cho_lang_nao,19,truoc_2026_07,unverified,
08173.020,08173,25,Đầm Giang,Khu Đầm Giang,khu,dam_giang,20,truoc_2026_07,unverified,
08173.021,08173,25,Đỉnh Đồng,Khu Đỉnh Đồng,khu,dinh_dong,21,truoc_2026_07,unverified,
08173.022,08173,25,Đoàn Kết,Khu Đoàn Kết,khu,doan_ket,22,truoc_2026_07,unverified,
08173.023,08173,25,Đồng Bờ,Khu Đồng Bờ,khu,dong_bo,23,truoc_2026_07,unverified,
08173.024,08173,25,Đồng Thọ,Khu Đồng Thọ,khu,dong_tho,24,truoc_2026_07,unverified,
08173.025,08173,25,Gò Bằng,Khu Gò Bằng,khu,go_bang,25,truoc_2026_07,unverified,
08173.026,08173,25,Hưng Long,Khu Hưng Long,khu,hung_long,26,truoc_2026_07,unverified,
08173.027,08173,25,Kiêu Xuân,Khu Kiêu Xuân,khu,kieu_xuan,27,truoc_2026_07,unverified,
08173.028,08173,25,Lũng Ngô,Khu Lũng Ngô,khu,lung_ngo,28,truoc_2026_07,unverified,
08173.029,08173,25,Minh Tân,Khu Minh Tân,khu,minh_tan,29,truoc_2026_07,unverified,
08173.030,08173,25,Quảng Di,Khu Quảng Di,khu,quang_di,30,truoc_2026_07,unverified,
08173.031,08173,25,Chợ,Khu Chợ,khu,cho,31,truoc_2026_07,unverified,
08203.001,08203,25,1 Hoàng Cương,Khu 1 Hoàng Cương,khu,1_hoang_cuong,1,truoc_2026_07,unverified,
08203.002,08203,25,2 Hoàng Cương,Khu 2 Hoàng Cương,khu,2_hoang_cuong,2,truoc_2026_07,unverified,
08203.003,08203,25,3 Hoàng Cương,Khu 3 Hoàng Cương,khu,3_hoang_cuong,3,truoc_2026_07,unverified,
08203.004,08203,25,4 Hoàng Cương,Khu 4 Hoàng Cương,khu,4_hoang_cuong,4,truoc_2026_07,unverified,
08203.005,08203,25,5 Hoàng Cương,Khu 5 Hoàng Cương,khu,5_hoang_cuong,5,truoc_2026_07,unverified,
08203.006,08203,25,6 Hoàng Cương,Khu 6 Hoàng Cương,khu,6_hoang_cuong,6,truoc_2026_07,unverified,
08203.007,08203,25,7 Hoàng Cương,Khu 7 Hoàng Cương,khu,7_hoang_cuong,7,truoc_2026_07,unverified,
08203.008,08203,25,8 Hoàng Cương,Khu 8 Hoàng Cương,khu,8_hoang_cuong,8,truoc_2026_07,unverified,
08203.009,08203,25,9 Hoàng Cương,Khu 9 Hoàng Cương,khu,9_hoang_cuong,9,truoc_2026_07,unverified,
08203.010,08203,25,10 Hoàng Cương,Khu 10 Hoàng Cương,khu,10_hoang_cuong,10,truoc_2026_07,unverified,
08203.011,08203,25,11 Hoàng Cương,Khu 11 Hoàng Cương,khu,11_hoang_cuong,11,truoc_2026_07,unverified,
08203.012,08203,25,12 Hoàng Cương,Khu 12 Hoàng Cương,khu,12_hoang_cuong,12,truoc_2026_07,unverified,
08203.013,08203,25,13 Hoàng Cương,Khu 13 Hoàng Cương,khu,13_hoang_cuong,13,truoc_2026_07,unverified,
08203.014,08203,25,14 Hoàng Cương,Khu 14 Hoàng Cương,khu,14_hoang_cuong,14,truoc_2026_07,unverified,
08203.015,08203,25,15 Hoàng Cương,Khu 15 Hoàng Cương,khu,15_hoang_cuong,15,truoc_2026_07,unverified,
08203.016,08203,25,1 Ninh Dân,Khu 1 Ninh Dân,khu,1_ninh_dan,16,truoc_2026_07,unverified,
08203.017,08203,25,2 Ninh Dân,Khu 2 Ninh Dân,khu,2_ninh_dan,17,truoc_2026_07,unverified,
08203.018,08203,25,3 Ninh Dân,Khu 3 Ninh Dân,khu,3_ninh_dan,18,truoc_2026_07,unverified,
08203.019,08203,25,4 Ninh Dân,Khu 4 Ninh Dân,khu,4_ninh_dan,19,truoc_2026_07,unverified,
08203.020,08203,25,5 Ninh Dân,Khu 5 Ninh Dân,khu,5_ninh_dan,20,truoc_2026_07,unverified,
08203.021,08203,25,6 Ninh Dân,Khu 6 Ninh Dân,khu,6_ninh_dan,21,truoc_2026_07,unverified,
08203.022,08203,25,7 Ninh Dân,Khu 7 Ninh Dân,khu,7_ninh_dan,22,truoc_2026_07,unverified,
08203.023,08203,25,8 Ninh Dân,Khu 8 Ninh Dân,khu,8_ninh_dan,23,truoc_2026_07,unverified,
08203.024,08203,25,9 Ninh Dân,Khu 9 Ninh Dân,khu,9_ninh_dan,24,truoc_2026_07,unverified,
08203.025,08203,25,10 Ninh Dân,Khu 10 Ninh Dân,khu,10_ninh_dan,25,truoc_2026_07,unverified,
08203.026,08203,25,11 Ninh Dân,Khu 11 Ninh Dân,khu,11_ninh_dan,26,truoc_2026_07,unverified,
08203.027,08203,25,12 Ninh Dân,Khu 12 Ninh Dân,khu,12_ninh_dan,27,truoc_2026_07,unverified,
08203.028,08203,25,An Ninh 1,Khu An Ninh 1,khu,an_ninh_1,28,truoc_2026_07,unverified,
08203.029,08203,25,An Ninh 2,Khu An Ninh 2,khu,an_ninh_2,29,truoc_2026_07,unverified,
08203.030,08203,25,Bắc Sơn,Khu Bắc Sơn,khu,bac_son,30,truoc_2026_07,unverified,
08203.031,08203,25,Đoàn Kết,Khu Đoàn Kết,khu,doan_ket,31,truoc_2026_07,unverified,
08203.032,08203,25,Hoàng Xá,Khu Hoàng Xá,khu,hoang_xa,32,truoc_2026_07,unverified,
08203.033,08203,25,Hồng Phong,Khu Hồng Phong,khu,hong_phong,33,truoc_2026_07,unverified,
08203.034,08203,25,Liên Hà,Khu Liên Hà,khu,lien_ha,34,truoc_2026_07,unverified,
08203.035,08203,25,Phố Ẻn,Khu Phố Ẻn,khu,pho_en,35,truoc_2026_07,unverified,
08203.036,08203,25,Quyết Thắng,Khu Quyết Thắng,khu,quyet_thang,36,truoc_2026_07,unverified,
08203.037,08203,25,Quyết Tiến,Khu Quyết Tiến,khu,quyet_tien,37,truoc_2026_07,unverified,
08203.038,08203,25,Tây Sơn,Khu Tây Sơn,khu,tay_son,38,truoc_2026_07,unverified,
08203.039,08203,25,Thanh Ba,Khu Thanh Ba,khu,thanh_ba,39,truoc_2026_07,unverified,
08203.040,08203,25,Thống Nhất,Khu Thống Nhất,khu,thong_nhat,40,truoc_2026_07,unverified,
08203.041,08203,25,Trường Sơn,Khu Trường Sơn,khu,truong_son,41,truoc_2026_07,unverified,
08203.042,08203,25,Vũ Yển,Khu Vũ Yển,khu,vu_yen,42,truoc_2026_07,unverified,
08209.001,08209,25,1 Đông Thành,Khu 1 Đông Thành,khu,1_dong_thanh,1,truoc_2026_07,unverified,
08209.002,08209,25,2 Đông Thành,Khu 2 Đông Thành,khu,2_dong_thanh,2,truoc_2026_07,unverified,
08209.003,08209,25,3 Đông Thành,Khu 3 Đông Thành,khu,3_dong_thanh,3,truoc_2026_07,unverified,
08209.004,08209,25,4 Đông Thành,Khu 4 Đông Thành,khu,4_dong_thanh,4,truoc_2026_07,unverified,
08209.005,08209,25,5 Đông Thành,Khu 5 Đông Thành,khu,5_dong_thanh,5,truoc_2026_07,unverified,
08209.006,08209,25,6 Đông Thành,Khu 6 Đông Thành,khu,6_dong_thanh,6,truoc_2026_07,unverified,
08209.007,08209,25,7 Đông Thành,Khu 7 Đông Thành,khu,7_dong_thanh,7,truoc_2026_07,unverified,
08209.008,08209,25,8 Đông Thành,Khu 8 Đông Thành,khu,8_dong_thanh,8,truoc_2026_07,unverified,
08209.009,08209,25,9 Đông Thành,Khu 9 Đông Thành,khu,9_dong_thanh,9,truoc_2026_07,unverified,
08209.010,08209,25,10 Đông Thành,Khu 10 Đông Thành,khu,10_dong_thanh,10,truoc_2026_07,unverified,
08209.011,08209,25,11 Đông Thành,Khu 11 Đông Thành,khu,11_dong_thanh,11,truoc_2026_07,unverified,
08209.012,08209,25,12 Đông Thành,Khu 12 Đông Thành,khu,12_dong_thanh,12,truoc_2026_07,unverified,
08209.013,08209,25,13 Đông Thành,Khu 13 Đông Thành,khu,13_dong_thanh,13,truoc_2026_07,unverified,
08209.014,08209,25,14 Đông Thành,Khu 14 Đông Thành,khu,14_dong_thanh,14,truoc_2026_07,unverified,
08209.015,08209,25,15 Đông Thành,Khu 15 Đông Thành,khu,15_dong_thanh,15,truoc_2026_07,unverified,
08209.016,08209,25,16 Đông Thành,Khu 16 Đông Thành,khu,16_dong_thanh,16,truoc_2026_07,unverified,
08209.017,08209,25,17 Đông Thành,Khu 17 Đông Thành,khu,17_dong_thanh,17,truoc_2026_07,unverified,
08209.018,08209,25,1 Khải Xuân,Khu 1 Khải Xuân,khu,1_khai_xuan,18,truoc_2026_07,unverified,
08209.019,08209,25,2 Khải Xuân,Khu 2 Khải Xuân,khu,2_khai_xuan,19,truoc_2026_07,unverified,
08209.020,08209,25,3 Khải Xuân,Khu 3 Khải Xuân,khu,3_khai_xuan,20,truoc_2026_07,unverified,
08209.021,08209,25,4 Khải Xuân,Khu 4 Khải Xuân,khu,4_khai_xuan,21,truoc_2026_07,unverified,
08209.022,08209,25,5 Khải Xuân,Khu 5 Khải Xuân,khu,5_khai_xuan,22,truoc_2026_07,unverified,
08209.023,08209,25,6 Khải Xuân,Khu 6 Khải Xuân,khu,6_khai_xuan,23,truoc_2026_07,unverified,
08209.024,08209,25,7 Khải Xuân,Khu 7 Khải Xuân,khu,7_khai_xuan,24,truoc_2026_07,unverified,
08209.025,08209,25,8 Khải Xuân,Khu 8 Khải Xuân,khu,8_khai_xuan,25,truoc_2026_07,unverified,
08209.026,08209,25,9 Khải Xuân,Khu 9 Khải Xuân,khu,9_khai_xuan,26,truoc_2026_07,unverified,
08209.027,08209,25,10 Khải Xuân,Khu 10 Khải Xuân,khu,10_khai_xuan,27,truoc_2026_07,unverified,
08209.028,08209,25,11 Khải Xuân,Khu 11 Khải Xuân,khu,11_khai_xuan,28,truoc_2026_07,unverified,
08209.029,08209,25,12 Khải Xuân,Khu 12 Khải Xuân,khu,12_khai_xuan,29,truoc_2026_07,unverified,
08209.030,08209,25,1 Võ Lao,Khu 1 Võ Lao,khu,1_vo_lao,30,truoc_2026_07,unverified,
08209.031,08209,25,2 Võ Lao,Khu 2 Võ Lao,khu,2_vo_lao,31,truoc_2026_07,unverified,
08209.032,08209,25,3 Võ Lao,Khu 3 Võ Lao,khu,3_vo_lao,32,truoc_2026_07,unverified,
08209.033,08209,25,4 Võ Lao,Khu 4 Võ Lao,khu,4_vo_lao,33,truoc_2026_07,unverified,
08209.034,08209,25,5 Võ Lao,Khu 5 Võ Lao,khu,5_vo_lao,34,truoc_2026_07,unverified,
08209.035,08209,25,6 Võ Lao,Khu 6 Võ Lao,khu,6_vo_lao,35,truoc_2026_07,unverified,
08209.036,08209,25,7 Võ Lao,Khu 7 Võ Lao,khu,7_vo_lao,36,truoc_2026_07,unverified,
08209.037,08209,25,8 Võ Lao,Khu 8 Võ Lao,khu,8_vo_lao,37,truoc_2026_07,unverified,
08209.038,08209,25,9 Võ Lao,Khu 9 Võ Lao,khu,9_vo_lao,38,truoc_2026_07,unverified,
08209.039,08209,25,10 Võ Lao,Khu 10 Võ Lao,khu,10_vo_lao,39,truoc_2026_07,unverified,
08209.040,08209,25,11 Võ Lao,Khu 11 Võ Lao,khu,11_vo_lao,40,truoc_2026_07,unverified,
08218.001,08218,25,1 Chí Tiên,Khu 1 Chí Tiên,khu,1_chi_tien,1,truoc_2026_07,unverified,
08218.002,08218,25,2 Chí Tiên,Khu 2 Chí Tiên,khu,2_chi_tien,2,truoc_2026_07,unverified,
08218.003,08218,25,3 Chí Tiên,Khu 3 Chí Tiên,khu,3_chi_tien,3,truoc_2026_07,unverified,
08218.004,08218,25,4 Chí Tiên,Khu 4 Chí Tiên,khu,4_chi_tien,4,truoc_2026_07,unverified,
08218.005,08218,25,5 Chí Tiên,Khu 5 Chí Tiên,khu,5_chi_tien,5,truoc_2026_07,unverified,
08218.006,08218,25,6 Chí Tiên,Khu 6 Chí Tiên,khu,6_chi_tien,6,truoc_2026_07,unverified,
08218.007,08218,25,7 Chí Tiên,Khu 7 Chí Tiên,khu,7_chi_tien,7,truoc_2026_07,unverified,
08218.008,08218,25,8 Chí Tiên,Khu 8 Chí Tiên,khu,8_chi_tien,8,truoc_2026_07,unverified,
08218.009,08218,25,9 Chí Tiên,Khu 9 Chí Tiên,khu,9_chi_tien,9,truoc_2026_07,unverified,
08218.010,08218,25,10 Chí Tiên,Khu 10 Chí Tiên,khu,10_chi_tien,10,truoc_2026_07,unverified,
08218.011,08218,25,1 Sơn Cương,Khu 1 Sơn Cương,khu,1_son_cuong,11,truoc_2026_07,unverified,
08218.012,08218,25,2 Sơn Cương,Khu 2 Sơn Cương,khu,2_son_cuong,12,truoc_2026_07,unverified,
08218.013,08218,25,3 Sơn Cương,Khu 3 Sơn Cương,khu,3_son_cuong,13,truoc_2026_07,unverified,
08218.014,08218,25,4 Sơn Cương,Khu 4 Sơn Cương,khu,4_son_cuong,14,truoc_2026_07,unverified,
08218.015,08218,25,5 Sơn Cương,Khu 5 Sơn Cương,khu,5_son_cuong,15,truoc_2026_07,unverified,
08218.016,08218,25,6 Sơn Cương,Khu 6 Sơn Cương,khu,6_son_cuong,16,truoc_2026_07,unverified,
08218.017,08218,25,7 Sơn Cương,Khu 7 Sơn Cương,khu,7_son_cuong,17,truoc_2026_07,unverified,
08218.018,08218,25,8 Sơn Cương,Khu 8 Sơn Cương,khu,8_son_cuong,18,truoc_2026_07,unverified,
08218.019,08218,25,9 Sơn Cương,Khu 9 Sơn Cương,khu,9_son_cuong,19,truoc_2026_07,unverified,
08218.020,08218,25,1 Thanh Hà,Khu 1 Thanh Hà,khu,1_thanh_ha,20,truoc_2026_07,unverified,
08218.021,08218,25,2 Thanh Hà,Khu 2 Thanh Hà,khu,2_thanh_ha,21,truoc_2026_07,unverified,
08218.022,08218,25,3 Thanh Hà,Khu 3 Thanh Hà,khu,3_thanh_ha,22,truoc_2026_07,unverified,
08218.023,08218,25,4 Thanh Hà,Khu 4 Thanh Hà,khu,4_thanh_ha,23,truoc_2026_07,unverified,
08218.024,08218,25,5 Thanh Hà,Khu 5 Thanh Hà,khu,5_thanh_ha,24,truoc_2026_07,unverified,
08227.001,08227,25,1 Đỗ Xuyên,Khu 1 Đỗ Xuyên,khu,1_do_xuyen,1,truoc_2026_07,unverified,
08227.002,08227,25,2 Đỗ Xuyên,Khu 2 Đỗ Xuyên,khu,2_do_xuyen,2,truoc_2026_07,unverified,
08227.003,08227,25,3 Đỗ Xuyên,Khu 3 Đỗ Xuyên,khu,3_do_xuyen,3,truoc_2026_07,unverified,
08227.004,08227,25,4 Đỗ Xuyên,Khu 4 Đỗ Xuyên,khu,4_do_xuyen,4,truoc_2026_07,unverified,
08227.005,08227,25,5 Đỗ Xuyên,Khu 5 Đỗ Xuyên,khu,5_do_xuyen,5,truoc_2026_07,unverified,
08227.006,08227,25,6 Đỗ Xuyên,Khu 6 Đỗ Xuyên,khu,6_do_xuyen,6,truoc_2026_07,unverified,
08227.007,08227,25,1 Lương Lỗ,Khu 1 Lương Lỗ,khu,1_luong_lo,7,truoc_2026_07,unverified,
08227.008,08227,25,2 Lương Lỗ,Khu 2 Lương Lỗ,khu,2_luong_lo,8,truoc_2026_07,unverified,
08227.009,08227,25,3 Lương Lỗ,Khu 3 Lương Lỗ,khu,3_luong_lo,9,truoc_2026_07,unverified,
08227.010,08227,25,4 Lương Lỗ,Khu 4 Lương Lỗ,khu,4_luong_lo,10,truoc_2026_07,unverified,
08227.011,08227,25,5 Lương Lỗ,Khu 5 Lương Lỗ,khu,5_luong_lo,11,truoc_2026_07,unverified,
08227.012,08227,25,6 Lương Lỗ,Khu 6 Lương Lỗ,khu,6_luong_lo,12,truoc_2026_07,unverified,
08227.013,08227,25,Đỗ Sơn 1,Khu Đỗ Sơn 1,khu,do_son_1,13,truoc_2026_07,unverified,
08227.014,08227,25,Đỗ Sơn 2,Khu Đỗ Sơn 2,khu,do_son_2,14,truoc_2026_07,unverified,
08227.015,08227,25,Đỗ Sơn 3,Khu Đỗ Sơn 3,khu,do_son_3,15,truoc_2026_07,unverified,
08227.016,08227,25,Đỗ Sơn 4,Khu Đỗ Sơn 4,khu,do_son_4,16,truoc_2026_07,unverified,
08227.017,08227,25,Hà Xá,Khu Hà Xá,khu,ha_xa,17,truoc_2026_07,unverified,
08227.018,08227,25,Phương Nhuế,Khu Phương Nhuế,khu,phuong_nhue,18,truoc_2026_07,unverified,
08230.001,08230,25,Bãi Thơi,Khu Bãi Thơi,khu,bai_thoi,1,truoc_2026_07,unverified,
08230.002,08230,25,Đá Thờ,Khu Đá Thờ,khu,da_tho,2,truoc_2026_07,unverified,
08230.003,08230,25,Đồng Giao,Khu Đồng Giao,khu,dong_giao,3,truoc_2026_07,unverified,
08230.004,08230,25,Đường Nam,Khu Đường Nam,khu,duong_nam,4,truoc_2026_07,unverified,
08230.005,08230,25,Mã Thượng A,Khu Mã Thượng A,khu,ma_thuong_a,5,truoc_2026_07,unverified,
08230.006,08230,25,Mã Thượng B,Khu Mã Thượng B,khu,ma_thuong_b,6,truoc_2026_07,unverified,
08230.007,08230,25,Nam Tiến,Khu Nam Tiến,khu,nam_tien,7,truoc_2026_07,unverified,
08230.008,08230,25,Núi Miếu,Khu Núi Miếu,khu,nui_mieu,8,truoc_2026_07,unverified,
08230.009,08230,25,Núi Trang,Khu Núi Trang,khu,nui_trang,9,truoc_2026_07,unverified,
08230.010,08230,25,Núi Voi,Khu Núi Voi,khu,nui_voi,10,truoc_2026_07,unverified,
08230.011,08230,25,Rừng Mận,Khu Rừng Mận,khu,rung_man,11,truoc_2026_07,unverified,
08230.012,08230,25,Tầm Vông,Khu Tầm Vông,khu,tam_vong,12,truoc_2026_07,unverified,
08236.001,08236,25,01,Thôn 01,thôn,01,1,2026_07,partial,2026-07-01
08236.002,08236,25,02,Thôn 02,thôn,02,2,2026_07,partial,2026-07-01
08236.003,08236,25,03,Thôn 03,thôn,03,3,2026_07,partial,2026-07-01
08236.004,08236,25,04,Thôn 04,thôn,04,4,2026_07,partial,2026-07-01
08236.005,08236,25,05,Thôn 05,thôn,05,5,2026_07,partial,2026-07-01
08236.006,08236,25,06,Thôn 06,thôn,06,6,2026_07,partial,2026-07-01
08236.007,08236,25,07,Thôn 07,thôn,07,7,2026_07,partial,2026-07-01
08236.008,08236,25,08,Thôn 08,thôn,08,8,2026_07,partial,2026-07-01
08236.009,08236,25,09,Thôn 09,thôn,09,9,2026_07,partial,2026-07-01
08236.010,08236,25,10,Thôn 10,thôn,10,10,2026_07,partial,2026-07-01
08236.011,08236,25,11,Thôn 11,thôn,11,11,2026_07,partial,2026-07-01
08236.012,08236,25,12,Thôn 12,thôn,12,12,2026_07,partial,2026-07-01
08275.001,08275,25,Bình Bộ,Thôn Bình Bộ,thôn,binh_bo,1,truoc_2026_07,unverified,
08275.002,08275,25,Bình Minh,Thôn Bình Minh,thôn,binh_minh,2,truoc_2026_07,unverified,
08275.003,08275,25,Chung Dầu,Thôn Chung Dầu,thôn,chung_dau,3,truoc_2026_07,unverified,
08275.004,08275,25,Đình,Thôn Đình,thôn,dinh,4,truoc_2026_07,unverified,
08275.005,08275,25,Gai Hạ,Thôn Gai Hạ,thôn,gai_ha,5,truoc_2026_07,unverified,
08275.006,08275,25,Long Châu,Thôn Long Châu,thôn,long_chau,6,truoc_2026_07,unverified,
08275.007,08275,25,Lũng Hàng,Thôn Lũng Hàng,thôn,lung_hang,7,truoc_2026_07,unverified,
08275.008,08275,25,Ngọc,Thôn Ngọc,thôn,ngoc,8,truoc_2026_07,unverified,
08275.009,08275,25,Quyết Tiến,Thôn Quyết Tiến,thôn,quyet_tien,9,truoc_2026_07,unverified,
08275.010,08275,25,Răm,Thôn Răm,thôn,ram,10,truoc_2026_07,unverified,
08275.011,08275,25,Tranh Ngoài,Thôn Tranh Ngoài,thôn,tranh_ngoai,11,truoc_2026_07,unverified,
08275.012,08275,25,Tranh Trong,Thôn Tranh Trong,thôn,tranh_trong,12,truoc_2026_07,unverified,
08275.013,08275,25,Cầu,Thôn Cầu,thôn,cau,13,truoc_2026_07,unverified,
08290.001,08290,25,An Lạc,Khu An Lạc,khu,an_lac,1,truoc_2026_07,unverified,
08290.002,08290,25,Bằng Thung,Khu Bằng Thung,khu,bang_thung,2,truoc_2026_07,unverified,
08290.003,08290,25,Bến Sơn,Khu Bến Sơn,khu,ben_son,3,truoc_2026_07,unverified,
08290.004,08290,25,Chùa 11,Khu Chùa 11,khu,chua_11,4,truoc_2026_07,unverified,
08290.005,08290,25,Chùa 12,Khu Chùa 12,khu,chua_12,5,truoc_2026_07,unverified,
08290.006,08290,25,Dân Tiến,Khu Dân Tiến,khu,dan_tien,6,truoc_2026_07,unverified,
08290.007,08290,25,Đình,Khu Đình,khu,dinh,7,truoc_2026_07,unverified,
08290.008,08290,25,Đình Cả,Khu Đình Cả,khu,dinh_ca,8,truoc_2026_07,unverified,
08290.009,08290,25,Đoàn Kết,Khu Đoàn Kết,khu,doan_ket,9,truoc_2026_07,unverified,
08290.010,08290,25,Đồng Bành,Khu Đồng Bành,khu,dong_banh,10,truoc_2026_07,unverified,
08290.011,08290,25,Đồng Cạn,Khu Đồng Cạn,khu,dong_can,11,truoc_2026_07,unverified,
08290.012,08290,25,Đồng Chung,Khu Đồng Chung,khu,dong_chung,12,truoc_2026_07,unverified,
08290.013,08290,25,Đồng Dân,Khu Đồng Dân,khu,dong_dan,13,truoc_2026_07,unverified,
08290.014,08290,25,Đồng Khanh,Khu Đồng Khanh,khu,dong_khanh,14,truoc_2026_07,unverified,
08290.015,08290,25,Đồng Phú,Khu Đồng Phú,khu,dong_phu,15,truoc_2026_07,unverified,
08290.016,08290,25,Đồng Tân,Khu Đồng Tân,khu,dong_tan,16,truoc_2026_07,unverified,
08290.017,08290,25,Đồng Thanh,Khu Đồng Thanh,khu,dong_thanh,17,truoc_2026_07,unverified,
08290.018,08290,25,Đồng Thi,Khu Đồng Thi,khu,dong_thi,18,truoc_2026_07,unverified,
08290.019,08290,25,Đồng Tiến,Khu Đồng Tiến,khu,dong_tien,19,truoc_2026_07,unverified,
08290.020,08290,25,Hạ Bạc,Khu Hạ Bạc,khu,ha_bac,20,truoc_2026_07,unverified,
08290.021,08290,25,Liên Hiệp,Khu Liên Hiệp,khu,lien_hiep,21,truoc_2026_07,unverified,
08290.022,08290,25,Lương Đẩu,Khu Lương Đẩu,khu,luong_dau,22,truoc_2026_07,unverified,
08290.023,08290,25,Mè,Khu Mè,khu,me,23,truoc_2026_07,unverified,
08290.024,08290,25,Minh Cát,Khu Minh Cát,khu,minh_cat,24,truoc_2026_07,unverified,
08290.025,08290,25,Minh Tiến,Khu Minh Tiến,khu,minh_tien,25,truoc_2026_07,unverified,
08290.026,08290,25,Mơ,Khu Mơ,khu,mo,26,truoc_2026_07,unverified,
08290.027,08290,25,Mít,Khu Mít,khu,mit,27,truoc_2026_07,unverified,
08290.028,08290,25,Tâm Bưởi,Khu Tâm Bưởi,khu,tam_buoi,28,truoc_2026_07,unverified,
08290.029,08290,25,Tân An 1,Khu Tân An 1,khu,tan_an_1,29,truoc_2026_07,unverified,
08290.030,08290,25,Tân An 2,Khu Tân An 2,khu,tan_an_2,30,truoc_2026_07,unverified,
08290.031,08290,25,Tân An 3,Khu Tân An 3,khu,tan_an_3,31,truoc_2026_07,unverified,
08290.032,08290,25,Tân An 4,Khu Tân An 4,khu,tan_an_4,32,truoc_2026_07,unverified,
08290.033,08290,25,Tân Hoa,Khu Tân Hoa,khu,tan_hoa,33,truoc_2026_07,unverified,
08290.034,08290,25,Thắng Lợi,Khu Thắng Lợi,khu,thang_loi,34,truoc_2026_07,unverified,
08290.035,08290,25,Thắng Quê,Khu Thắng Quê,khu,thang_que,35,truoc_2026_07,unverified,
08290.036,08290,25,Thiện 1,Khu Thiện 1,khu,thien_1,36,truoc_2026_07,unverified,
08290.037,08290,25,Thiện 2,Khu Thiện 2,khu,thien_2,37,truoc_2026_07,unverified,
08290.038,08290,25,Thống Nhất,Khu Thống Nhất,khu,thong_nhat,38,truoc_2026_07,unverified,
08290.039,08290,25,Thung Bằng,Khu Thung Bằng,khu,thung_bang,39,truoc_2026_07,unverified,
08290.040,08290,25,Trung Ngãi,Khu Trung Ngãi,khu,trung_ngai,40,truoc_2026_07,unverified,
08296.001,08296,25,Ao Bon,Khu Ao Bon,khu,ao_bon,1,truoc_2026_07,unverified,
08296.002,08296,25,Đá Trắng,Khu Đá Trắng,khu,da_trang,2,truoc_2026_07,unverified,
08296.003,08296,25,Đại Phú,Khu Đại Phú,khu,dai_phu,3,truoc_2026_07,unverified,
08296.004,08296,25,Đình A,Khu Đình A,khu,dinh_a,4,truoc_2026_07,unverified,
08296.005,08296,25,Đoàn Kết,Khu Đoàn Kết,khu,doan_ket,5,truoc_2026_07,unverified,
08296.006,08296,25,Đồng An,Khu Đồng An,khu,dong_an,6,truoc_2026_07,unverified,
08296.007,08296,25,Đồng Ve,Khu Đồng Ve,khu,dong_ve,7,truoc_2026_07,unverified,
08296.008,08296,25,Hưng Thịnh,Khu Hưng Thịnh,khu,hung_thinh,8,truoc_2026_07,unverified,
08296.009,08296,25,Liên An,Khu Liên An,khu,lien_an,9,truoc_2026_07,unverified,
08296.010,08296,25,Phú Cường,Khu Phú Cường,khu,phu_cuong,10,truoc_2026_07,unverified,
08296.011,08296,25,Phú Sơn,Khu Phú Sơn,khu,phu_son,11,truoc_2026_07,unverified,
08296.012,08296,25,Phú Thịnh,Khu Phú Thịnh,khu,phu_thinh,12,truoc_2026_07,unverified,
08296.013,08296,25,Quyết Tiến,Khu Quyết Tiến,khu,quyet_tien,13,truoc_2026_07,unverified,
08296.014,08296,25,Rường Cao,Khu Rường Cao,khu,ruong_cao,14,truoc_2026_07,unverified,
08296.015,08296,25,Sơn Tình,Khu Sơn Tình,khu,son_tinh,15,truoc_2026_07,unverified,
08296.016,08296,25,Tam Giao,Khu Tam Giao,khu,tam_giao,16,truoc_2026_07,unverified,
08296.017,08296,25,Tân Bình,Khu Tân Bình,khu,tan_binh,17,truoc_2026_07,unverified,
08296.018,08296,25,Tân Hội,Khu Tân Hội,khu,tan_hoi,18,truoc_2026_07,unverified,
08296.019,08296,25,Tân Lập,Khu Tân Lập,khu,tan_lap,19,truoc_2026_07,unverified,
08296.020,08296,25,Tân Sơn,Khu Tân Sơn,khu,tan_son,20,truoc_2026_07,unverified,
08296.021,08296,25,Tân Tiến,Khu Tân Tiến,khu,tan_tien,21,truoc_2026_07,unverified,
08296.022,08296,25,Thành Lập,Khu Thành Lập,khu,thanh_lap,22,truoc_2026_07,unverified,
08296.023,08296,25,Trung Tâm,Khu Trung Tâm,khu,trung_tam,23,truoc_2026_07,unverified,
08296.024,08296,25,Văn Phú,Khu Văn Phú,khu,van_phu,24,truoc_2026_07,unverified,
08296.025,08296,25,Vĩnh Thịnh,Khu Vĩnh Thịnh,khu,vinh_thinh,25,truoc_2026_07,unverified,
08296.026,08296,25,Xe Ngà,Khu Xe Ngà,khu,xe_nga,26,truoc_2026_07,unverified,
08296.027,08296,25,Xuân Hà,Khu Xuân Hà,khu,xuan_ha,27,truoc_2026_07,unverified,
08296.028,08296,25,Xuân Hương,Khu Xuân Hương,khu,xuan_huong,28,truoc_2026_07,unverified,
08296.029,08296,25,Xuân Nhật,Khu Xuân Nhật,khu,xuan_nhat,29,truoc_2026_07,unverified,
08296.030,08296,25,Xuân Tân,Khu Xuân Tân,khu,xuan_tan,30,truoc_2026_07,unverified,
08296.031,08296,25,Xuân Thắng 1,Khu Xuân Thắng 1,khu,xuan_thang_1,31,truoc_2026_07,unverified,
08296.032,08296,25,Xuân Thắng 2,Khu Xuân Thắng 2,khu,xuan_thang_2,32,truoc_2026_07,unverified,
08296.033,08296,25,Xuân Thượng,Khu Xuân Thượng,khu,xuan_thuong,33,truoc_2026_07,unverified,
08296.034,08296,25,Xuân Tình,Khu Xuân Tình,khu,xuan_tinh,34,truoc_2026_07,unverified,
08305.001,08305,25,An Lạc 1,Khu An Lạc 1,khu,an_lac_1,1,truoc_2026_07,unverified,
08305.002,08305,25,An Lạc 2,Khu An Lạc 2,khu,an_lac_2,2,truoc_2026_07,unverified,
08305.003,08305,25,An Thọ,Khu An Thọ,khu,an_tho,3,truoc_2026_07,unverified,
08305.004,08305,25,Chính,Khu Chính,khu,chinh,4,truoc_2026_07,unverified,
08305.005,08305,25,Dâu 1,Khu Dâu 1,khu,dau_1,5,truoc_2026_07,unverified,
08305.006,08305,25,Dâu 2,Khu Dâu 2,khu,dau_2,6,truoc_2026_07,unverified,
08305.007,08305,25,Dần Thịnh,Khu Dần Thịnh,khu,dan_thinh,7,truoc_2026_07,unverified,
08305.008,08305,25,Hon 1,Khu Hon 1,khu,hon_1,8,truoc_2026_07,unverified,
08305.009,08305,25,Hon 2,Khu Hon 2,khu,hon_2,9,truoc_2026_07,unverified,
08305.010,08305,25,Hồng Nhãn,Khu Hồng Nhãn,khu,hong_nhan,10,truoc_2026_07,unverified,
08305.011,08305,25,Hồng Thị,Khu Hồng Thị,khu,hong_thi,11,truoc_2026_07,unverified,
08305.012,08305,25,Liêm,Khu Liêm,khu,liem,12,truoc_2026_07,unverified,
08305.013,08305,25,Liên Hiệp,Khu Liên Hiệp,khu,lien_hiep,13,truoc_2026_07,unverified,
08305.014,08305,25,Minh Đù,Khu Minh Đù,khu,minh_du,14,truoc_2026_07,unverified,
08305.015,08305,25,Tân Lập,Khu Tân Lập,khu,tan_lap,15,truoc_2026_07,unverified,
08305.016,08305,25,Tân Thành,Khu Tân Thành,khu,tan_thanh,16,truoc_2026_07,unverified,
08305.017,08305,25,Vượng,Khu Vượng,khu,vuong,17,truoc_2026_07,unverified,
08305.018,08305,25,Xuân Hưng,Khu Xuân Hưng,khu,xuan_hung,18,truoc_2026_07,unverified,
08311.001,08311,25,Bằng,Khu Bằng,khu,bang,1,truoc_2026_07,unverified,
08311.002,08311,25,Bóp,Khu Bóp,khu,bop,2,truoc_2026_07,unverified,
08311.003,08311,25,Cả,Khu Cả,khu,ca,3,truoc_2026_07,unverified,
08311.004,08311,25,Châu Đá,Khu Châu Đá,khu,chau_da,4,truoc_2026_07,unverified,
08311.005,08311,25,Dích,Khu Dích,khu,dich,5,truoc_2026_07,unverified,
08311.006,08311,25,Dùng,Khu Dùng,khu,dung,6,truoc_2026_07,unverified,
08311.007,08311,25,Đâng,Khu Đâng,khu,dang,7,truoc_2026_07,unverified,
08311.008,08311,25,Đồng Măng,Khu Đồng Măng,khu,dong_mang,8,truoc_2026_07,unverified,
08311.009,08311,25,Gầy,Khu Gầy,khu,gay,9,truoc_2026_07,unverified,
08311.010,08311,25,Nai,Khu Nai,khu,nai,10,truoc_2026_07,unverified,
08311.011,08311,25,Ngọt,Khu Ngọt,khu,ngot,11,truoc_2026_07,unverified,
08311.012,08311,25,Nhồi,Khu Nhồi,khu,nhoi,12,truoc_2026_07,unverified,
08311.013,08311,25,Sặc,Khu Sặc,khu,sac,13,truoc_2026_07,unverified,
08311.014,08311,25,Thành Xuân,Khu Thành Xuân,khu,thanh_xuan,14,truoc_2026_07,unverified,
08311.015,08311,25,Thói,Khu Thói,khu,thoi,15,truoc_2026_07,unverified,
08323.001,08323,25,Ao Bòng,Khu Ao Bòng,khu,ao_bong,1,truoc_2026_07,unverified,
08323.002,08323,25,Bằng,Khu Bằng,khu,bang,2,truoc_2026_07,unverified,
08323.003,08323,25,Cả,Khu Cả,khu,ca,3,truoc_2026_07,unverified,
08323.004,08323,25,Cảy,Khu Cảy,khu,cay,4,truoc_2026_07,unverified,
08323.005,08323,25,Dân Chủ,Khu Dân Chủ,khu,dan_chu,5,truoc_2026_07,unverified,
08323.006,08323,25,Du,Khu Du,khu,du,6,truoc_2026_07,unverified,
08323.007,08323,25,Đắng,Khu Đắng,khu,dang,7,truoc_2026_07,unverified,
08323.008,08323,25,Đình,Khu Đình,khu,dinh,8,truoc_2026_07,unverified,
08323.009,08323,25,Đo,Khu Đo,khu,do,9,truoc_2026_07,unverified,
08323.010,08323,25,Đồng Chung,Khu Đồng Chung,khu,dong_chung,10,truoc_2026_07,unverified,
08323.011,08323,25,Đồng Dứa,Khu Đồng Dứa,khu,dong_dua,11,truoc_2026_07,unverified,
08323.012,08323,25,Đồng Hù,Khu Đồng Hù,khu,dong_hu,12,truoc_2026_07,unverified,
08323.013,08323,25,Gò Vệ,Khu Gò Vệ,khu,go_ve,13,truoc_2026_07,unverified,
08323.014,08323,25,Hầm,Khu Hầm,khu,ham,14,truoc_2026_07,unverified,
08323.015,08323,25,Liên Sơn,Khu Liên Sơn,khu,lien_son,15,truoc_2026_07,unverified,
08323.016,08323,25,Mát,Khu Mát,khu,mat,16,truoc_2026_07,unverified,
08323.017,08323,25,Minh Long,Khu Minh Long,khu,minh_long,17,truoc_2026_07,unverified,
08323.018,08323,25,Minh Tân,Khu Minh Tân,khu,minh_tan,18,truoc_2026_07,unverified,
08323.019,08323,25,Minh Thượng,Khu Minh Thượng,khu,minh_thuong,19,truoc_2026_07,unverified,
08323.020,08323,25,Móc Thiều,Khu Móc Thiều,khu,moc_thieu,20,truoc_2026_07,unverified,
08323.021,08323,25,Ói Lốc,Khu Ói Lốc,khu,oi_loc,21,truoc_2026_07,unverified,
08323.022,08323,25,Quang Trung,Khu Quang Trung,khu,quang_trung,22,truoc_2026_07,unverified,
08323.023,08323,25,Quán,Khu Quán,khu,quan,23,truoc_2026_07,unverified,
08323.024,08323,25,Sơn Nga,Khu Sơn Nga,khu,son_nga,24,truoc_2026_07,unverified,
08323.025,08323,25,Tân Tiến,Khu Tân Tiến,khu,tan_tien,25,truoc_2026_07,unverified,
08323.026,08323,25,Trung Lợi,Khu Trung Lợi,khu,trung_loi,26,truoc_2026_07,unverified,
08323.027,08323,25,Vông,Khu Vông,khu,vong,27,truoc_2026_07,unverified,
08323.028,08323,25,Xẻn,Khu Xẻn,khu,xen,28,truoc_2026_07,unverified,
08338.001,08338,25,Đá Bàn 1,Khu Đá Bàn 1,khu,da_ban_1,1,truoc_2026_07,unverified,
08338.002,08338,25,Đá Bàn 2,Khu Đá Bàn 2,khu,da_ban_2,2,truoc_2026_07,unverified,
08338.003,08338,25,Đức Xuân,Khu Đức Xuân,khu,duc_xuan,3,truoc_2026_07,unverified,
08338.004,08338,25,Hang Đùng 1,Khu Hang Đùng 1,khu,hang_dung_1,4,truoc_2026_07,unverified,
08338.005,08338,25,Hang Đùng 2,Khu Hang Đùng 2,khu,hang_dung_2,5,truoc_2026_07,unverified,
08338.006,08338,25,Hạ Hòa,Khu Hạ Hòa,khu,ha_hoa,6,truoc_2026_07,unverified,
08338.007,08338,25,Hồng Quang,Khu Hồng Quang,khu,hong_quang,7,truoc_2026_07,unverified,
08338.008,08338,25,Minh Đức,Khu Minh Đức,khu,minh_duc,8,truoc_2026_07,unverified,
08338.009,08338,25,Minh Tiến,Khu Minh Tiến,khu,minh_tien,9,truoc_2026_07,unverified,
08338.010,08338,25,Phú Cường,Khu Phú Cường,khu,phu_cuong,10,truoc_2026_07,unverified,
08338.011,08338,25,Quang Tiến 1,Khu Quang Tiến 1,khu,quang_tien_1,11,truoc_2026_07,unverified,
08338.012,08338,25,Quang Tiến 2,Khu Quang Tiến 2,khu,quang_tien_2,12,truoc_2026_07,unverified,
08338.013,08338,25,Quyết Tiến,Khu Quyết Tiến,khu,quyet_tien,13,truoc_2026_07,unverified,
08338.014,08338,25,Sinh Tiến,Khu Sinh Tiến,khu,sinh_tien,14,truoc_2026_07,unverified,
08338.015,08338,25,Tân Thành 1,Khu Tân Thành 1,khu,tan_thanh_1,15,truoc_2026_07,unverified,
08338.016,08338,25,Tân Thành 2,Khu Tân Thành 2,khu,tan_thanh_2,16,truoc_2026_07,unverified,
08338.017,08338,25,Tân Thành 3,Khu Tân Thành 3,khu,tan_thanh_3,17,truoc_2026_07,unverified,
08338.018,08338,25,Thống Nhất 1,Khu Thống Nhất 1,khu,thong_nhat_1,18,truoc_2026_07,unverified,
08338.019,08338,25,Thống Nhất 2,Khu Thống Nhất 2,khu,thong_nhat_2,19,truoc_2026_07,unverified,
08338.020,08338,25,Thống Nhất 3,Khu Thống Nhất 3,khu,thong_nhat_3,20,truoc_2026_07,unverified,
08341.001,08341,25,Phương Xá,Thôn Phương Xá,thôn,phuong_xa,1,truoc_2026_07,unverified,
08341.002,08341,25,Thổ Khối,Thôn Thổ Khối,thôn,tho_khoi,2,truoc_2026_07,unverified,
08341.003,08341,25,phố Lưu Phương,Thôn phố Lưu Phương,thôn,pho_luu_phuong,3,truoc_2026_07,unverified,
08344.001,08344,25,An Đồng,Khu An Đồng,khu,an_dong,1,truoc_2026_07,unverified,
08344.002,08344,25,An Lạc,Khu An Lạc,khu,an_lac,2,truoc_2026_07,unverified,
08344.003,08344,25,An Lộc,Khu An Lộc,khu,an_loc,3,truoc_2026_07,unverified,
08344.004,08344,25,Bẩy Mươi,Khu Bẩy Mươi,khu,bay_muoi,4,truoc_2026_07,unverified,
08344.005,08344,25,Bình Minh,Khu Bình Minh,khu,binh_minh,5,truoc_2026_07,unverified,
08344.006,08344,25,Cây Lụ,Khu Cây Lụ,khu,cay_lu,6,truoc_2026_07,unverified,
08344.007,08344,25,Cầu Miếu,Khu Cầu Miếu,khu,cau_mieu,7,truoc_2026_07,unverified,
08344.008,08344,25,Cầu Tây,Khu Cầu Tây,khu,cau_tay,8,truoc_2026_07,unverified,
08344.009,08344,25,Chùa Đá,Khu Chùa Đá,khu,chua_da,9,truoc_2026_07,unverified,
08344.010,08344,25,Cộng Hòa,Khu Cộng Hòa,khu,cong_hoa,10,truoc_2026_07,unverified,
08344.011,08344,25,Đình Cả,Khu Đình Cả,khu,dinh_ca,11,truoc_2026_07,unverified,
08344.012,08344,25,Đông Thịnh,Khu Đông Thịnh,khu,dong_thinh,12,truoc_2026_07,unverified,
08344.013,08344,25,Đồn Điền,Khu Đồn Điền,khu,don_dien,13,truoc_2026_07,unverified,
08344.014,08344,25,Đồng Minh,Khu Đồng Minh,khu,dong_minh,14,truoc_2026_07,unverified,
08344.015,08344,25,Gò Ban,Khu Gò Ban,khu,go_ban,15,truoc_2026_07,unverified,
08344.016,08344,25,Gò Cao,Khu Gò Cao,khu,go_cao,16,truoc_2026_07,unverified,
08344.017,08344,25,Gò Mới,Khu Gò Mới,khu,go_moi,17,truoc_2026_07,unverified,
08344.018,08344,25,Gò Tre,Khu Gò Tre,khu,go_tre,18,truoc_2026_07,unverified,
08344.019,08344,25,Liên Hiệp,Khu Liên Hiệp,khu,lien_hiep,19,truoc_2026_07,unverified,
08344.020,08344,25,Mái Vở,Khu Mái Vở,khu,mai_vo,20,truoc_2026_07,unverified,
08344.021,08344,25,Minh Lương,Khu Minh Lương,khu,minh_luong,21,truoc_2026_07,unverified,
08344.022,08344,25,Minh Thắng,Khu Minh Thắng,khu,minh_thang,22,truoc_2026_07,unverified,
08344.023,08344,25,Mỏ Sẻ,Khu Mỏ Sẻ,khu,mo_se,23,truoc_2026_07,unverified,
08344.024,08344,25,Mỹ Lương,Khu Mỹ Lương,khu,my_luong,24,truoc_2026_07,unverified,
08344.025,08344,25,Ngọn Đồng,Khu Ngọn Đồng,khu,ngon_dong,25,truoc_2026_07,unverified,
08344.026,08344,25,Nhà Thờ,Khu Nhà Thờ,khu,nha_tho,26,truoc_2026_07,unverified,
08344.027,08344,25,Phai Chi,Khu Phai Chi,khu,phai_chi,27,truoc_2026_07,unverified,
08344.028,08344,25,Rừng Măng,Khu Rừng Măng,khu,rung_mang,28,truoc_2026_07,unverified,
08344.029,08344,25,Tân An,Khu Tân An,khu,tan_an,29,truoc_2026_07,unverified,
08344.030,08344,25,Thanh Lương,Khu Thanh Lương,khu,thanh_luong,30,truoc_2026_07,unverified,
08344.031,08344,25,Thắng Lợi,Khu Thắng Lợi,khu,thang_loi,31,truoc_2026_07,unverified,
08344.032,08344,25,Thống Nhất,Khu Thống Nhất,khu,thong_nhat,32,truoc_2026_07,unverified,
08344.033,08344,25,Thượng Thọ,Khu Thượng Thọ,khu,thuong_tho,33,truoc_2026_07,unverified,
08344.034,08344,25,Tiên Sơn,Khu Tiên Sơn,khu,tien_son,34,truoc_2026_07,unverified,
08344.035,08344,25,Tiến Thịnh,Khu Tiến Thịnh,khu,tien_thinh,35,truoc_2026_07,unverified,
08344.036,08344,25,Trại Cụ,Khu Trại Cụ,khu,trai_cu,36,truoc_2026_07,unverified,
08344.037,08344,25,Trầm Vần,Khu Trầm Vần,khu,tram_van,37,truoc_2026_07,unverified,
08344.038,08344,25,Chùa,Khu Chùa,khu,chua,38,truoc_2026_07,unverified,
08344.039,08344,25,Chừa,Khu Chừa,khu,chua,39,truoc_2026_07,unverified,
08344.040,08344,25,Đát,Khu Đát,khu,dat,40,truoc_2026_07,unverified,
08344.041,08344,25,Giữa,Khu Giữa,khu,giua,41,truoc_2026_07,unverified,
08344.042,08344,25,Gò,Khu Gò,khu,go,42,truoc_2026_07,unverified,
08344.043,08344,25,Làng,Khu Làng,khu,lang,43,truoc_2026_07,unverified,
08344.044,08344,25,Mới,Khu Mới,khu,moi,44,truoc_2026_07,unverified,
08344.045,08344,25,Ngoài,Khu Ngoài,khu,ngoai,45,truoc_2026_07,unverified,
08344.046,08344,25,Thịnh,Khu Thịnh,khu,thinh,46,truoc_2026_07,unverified,
08344.047,08344,25,Thượng,Khu Thượng,khu,thuong,47,truoc_2026_07,unverified,
08344.048,08344,25,Tri,Khu Tri,khu,tri,48,truoc_2026_07,unverified,
08344.049,08344,25,Trong,Khu Trong,khu,trong,49,truoc_2026_07,unverified,
08344.050,08344,25,Xuân Trường,Khu Xuân Trường,khu,xuan_truong,50,truoc_2026_07,unverified,
08344.051,08344,25,Ý Miễn,Khu Ý Miễn,khu,y_mien,51,truoc_2026_07,unverified,
08377.001,08377,25,Ao Voi,Khu Ao Voi,khu,ao_voi,1,truoc_2026_07,unverified,
08377.002,08377,25,Bãi Danh,Khu Bãi Danh,khu,bai_danh,2,truoc_2026_07,unverified,
08377.003,08377,25,Cây Da,Khu Cây Da,khu,cay_da,3,truoc_2026_07,unverified,
08377.004,08377,25,Đá Cổng,Khu Đá Cổng,khu,da_cong,4,truoc_2026_07,unverified,
08377.005,08377,25,Đền Thượng,Khu Đền Thượng,khu,den_thuong,5,truoc_2026_07,unverified,
08377.006,08377,25,Đình Bàng,Khu Đình Bàng,khu,dinh_bang,6,truoc_2026_07,unverified,
08377.007,08377,25,Đình Cả,Khu Đình Cả,khu,dinh_ca,7,truoc_2026_07,unverified,
08377.008,08377,25,Đình Tân,Khu Đình Tân,khu,dinh_tan,8,truoc_2026_07,unverified,
08377.009,08377,25,Đoàn Kết,Khu Đoàn Kết,khu,doan_ket,9,truoc_2026_07,unverified,
08377.010,08377,25,Đồng Nghè,Khu Đồng Nghè,khu,dong_nghe,10,truoc_2026_07,unverified,
08377.011,08377,25,Đồng Rào,Khu Đồng Rào,khu,dong_rao,11,truoc_2026_07,unverified,
08377.012,08377,25,Đung,Khu Đung,khu,dung,12,truoc_2026_07,unverified,
08377.013,08377,25,Gò Cao,Khu Gò Cao,khu,go_cao,13,truoc_2026_07,unverified,
08377.014,08377,25,Gò Cây Vải,Khu Gò Cây Vải,khu,go_cay_vai,14,truoc_2026_07,unverified,
08377.015,08377,25,Gò Chàm,Khu Gò Chàm,khu,go_cham,15,truoc_2026_07,unverified,
08377.016,08377,25,Gò Hần,Khu Gò Hần,khu,go_han,16,truoc_2026_07,unverified,
08377.017,08377,25,Gò Muối,Khu Gò Muối,khu,go_muoi,17,truoc_2026_07,unverified,
08377.018,08377,25,Gò Thiều,Khu Gò Thiều,khu,go_thieu,18,truoc_2026_07,unverified,
08377.019,08377,25,Gò Vầu,Khu Gò Vầu,khu,go_vau,19,truoc_2026_07,unverified,
08377.020,08377,25,Hùng Sơn,Khu Hùng Sơn,khu,hung_son,20,truoc_2026_07,unverified,
08377.021,08377,25,Ngọn Ngòi,Khu Ngọn Ngòi,khu,ngon_ngoi,21,truoc_2026_07,unverified,
08377.022,08377,25,Nhà Thờ,Khu Nhà Thờ,khu,nha_tho,22,truoc_2026_07,unverified,
08377.023,08377,25,Nội Danh,Khu Nội Danh,khu,noi_danh,23,truoc_2026_07,unverified,
08377.024,08377,25,Nương Sơn,Khu Nương Sơn,khu,nuong_son,24,truoc_2026_07,unverified,
08377.025,08377,25,Quyết Thắng,Khu Quyết Thắng,khu,quyet_thang,25,truoc_2026_07,unverified,
08377.026,08377,25,Tranh Ngô,Khu Tranh Ngô,khu,tranh_ngo,26,truoc_2026_07,unverified,
08377.027,08377,25,Chùa,Khu Chùa,khu,chua,27,truoc_2026_07,unverified,
08398.001,08398,25,An Phú,Khu An Phú,khu,an_phu,1,truoc_2026_07,unverified,
08398.002,08398,25,Dân Chủ,Khu Dân Chủ,khu,dan_chu,2,truoc_2026_07,unverified,
08398.003,08398,25,Đoài Ngoài,Khu Đoài Ngoài,khu,doai_ngoai,3,truoc_2026_07,unverified,
08398.004,08398,25,Đoài Trong,Khu Đoài Trong,khu,doai_trong,4,truoc_2026_07,unverified,
08398.005,08398,25,Đoàn Kết,Khu Đoàn Kết,khu,doan_ket,5,truoc_2026_07,unverified,
08398.006,08398,25,Đồng Mười,Khu Đồng Mười,khu,dong_muoi,6,truoc_2026_07,unverified,
08398.007,08398,25,Đồng Tiến,Khu Đồng Tiến,khu,dong_tien,7,truoc_2026_07,unverified,
08398.008,08398,25,Giáp Xuân,Khu Giáp Xuân,khu,giap_xuan,8,truoc_2026_07,unverified,
08398.009,08398,25,Hương Chan 1,Khu Hương Chan 1,khu,huong_chan_1,9,truoc_2026_07,unverified,
08398.010,08398,25,Hương Chan 2,Khu Hương Chan 2,khu,huong_chan_2,10,truoc_2026_07,unverified,
08398.011,08398,25,Liên Minh,Khu Liên Minh,khu,lien_minh,11,truoc_2026_07,unverified,
08398.012,08398,25,Luông Lữu,Khu Luông Lữu,khu,luong_luu,12,truoc_2026_07,unverified,
08398.013,08398,25,Nguyễn Huệ,Khu Nguyễn Huệ,khu,nguyen_hue,13,truoc_2026_07,unverified,
08398.014,08398,25,Phú Cường,Khu Phú Cường,khu,phu_cuong,14,truoc_2026_07,unverified,
08398.015,08398,25,Phú Lực,Khu Phú Lực,khu,phu_luc,15,truoc_2026_07,unverified,
08398.016,08398,25,Phú Thịnh,Khu Phú Thịnh,khu,phu_thinh,16,truoc_2026_07,unverified,
08398.017,08398,25,Phú Yên,Khu Phú Yên,khu,phu_yen,17,truoc_2026_07,unverified,
08398.018,08398,25,Quang Trung 1,Khu Quang Trung 1,khu,quang_trung_1,18,truoc_2026_07,unverified,
08398.019,08398,25,Quang Trung 2,Khu Quang Trung 2,khu,quang_trung_2,19,truoc_2026_07,unverified,
08398.020,08398,25,Ro Lục 1,Khu Ro Lục 1,khu,ro_luc_1,20,truoc_2026_07,unverified,
08398.021,08398,25,Ro Lục 2,Khu Ro Lục 2,khu,ro_luc_2,21,truoc_2026_07,unverified,
08398.022,08398,25,Suông 1,Khu Suông 1,khu,suong_1,22,truoc_2026_07,unverified,
08398.023,08398,25,Suông 2,Khu Suông 2,khu,suong_2,23,truoc_2026_07,unverified,
08398.024,08398,25,Suối 1,Khu Suối 1,khu,suoi_1,24,truoc_2026_07,unverified,
08398.025,08398,25,Suối 2,Khu Suối 2,khu,suoi_2,25,truoc_2026_07,unverified,
08398.026,08398,25,Tân Lập,Khu Tân Lập,khu,tan_lap,26,truoc_2026_07,unverified,
08398.027,08398,25,Tiên Phong,Khu Tiên Phong,khu,tien_phong,27,truoc_2026_07,unverified,
08398.028,08398,25,Trung Thuận 1,Khu Trung Thuận 1,khu,trung_thuan_1,28,truoc_2026_07,unverified,
08398.029,08398,25,Trung Thuận 2,Khu Trung Thuận 2,khu,trung_thuan_2,29,truoc_2026_07,unverified,
08398.030,08398,25,Trung Tiến,Khu Trung Tiến,khu,trung_tien,30,truoc_2026_07,unverified,
08398.031,08398,25,Tự Do,Khu Tự Do,khu,tu_do,31,truoc_2026_07,unverified,
08398.032,08398,25,Đông,Khu Đông,khu,dong,32,truoc_2026_07,unverified,
08398.033,08398,25,Xuân Ứng 1,Khu Xuân Ứng 1,khu,xuan_ung_1,33,truoc_2026_07,unverified,
08398.034,08398,25,Xuân Ứng 2,Khu Xuân Ứng 2,khu,xuan_ung_2,34,truoc_2026_07,unverified,
08416.001,08416,25,Tình Cương,Thôn Tình Cương,thôn,tinh_cuong,1,truoc_2026_07,unverified,
08416.002,08416,25,Chế Nhuệ,Thôn Chế Nhuệ,thôn,che_nhue,2,truoc_2026_07,unverified,
08416.003,08416,25,Hanh Cù,Thôn Hanh Cù,thôn,hanh_cu,3,truoc_2026_07,unverified,
08416.004,08416,25,Phiên Quận,Thôn Phiên Quận,thôn,phien_quan,4,truoc_2026_07,unverified,
08416.005,08416,25,Tang Châu,Thôn Tang Châu,thôn,tang_chau,5,truoc_2026_07,unverified,
08431.001,08431,25,Bến Xá,Khu Bến Xá,khu,ben_xa,1,truoc_2026_07,unverified,
08431.002,08431,25,Cửa Ải,Khu Cửa Ải,khu,cua_ai,2,truoc_2026_07,unverified,
08431.003,08431,25,Cự Minh,Khu Cự Minh,khu,cu_minh,3,truoc_2026_07,unverified,
08431.004,08431,25,Dốc Thặng,Khu Dốc Thặng,khu,doc_thang,4,truoc_2026_07,unverified,
08431.005,08431,25,Dộc Ngõa,Khu Dộc Ngõa,khu,doc_ngoa,5,truoc_2026_07,unverified,
08431.006,08431,25,Dục Bò,Khu Dục Bò,khu,duc_bo,6,truoc_2026_07,unverified,
08431.007,08431,25,Đá Hen,Khu Đá Hen,khu,da_hen,7,truoc_2026_07,unverified,
08431.008,08431,25,Đá Trồng,Khu Đá Trồng,khu,da_trong,8,truoc_2026_07,unverified,
08431.009,08431,25,Đồn Điền,Khu Đồn Điền,khu,don_dien,9,truoc_2026_07,unverified,
08431.010,08431,25,Đồn Ngựa,Khu Đồn Ngựa,khu,don_ngua,10,truoc_2026_07,unverified,
08431.011,08431,25,Đồng Vực,Khu Đồng Vực,khu,dong_vuc,11,truoc_2026_07,unverified,
08431.012,08431,25,Đồng Cạn,Khu Đồng Cạn,khu,dong_can,12,truoc_2026_07,unverified,
08431.013,08431,25,Đồng Chanh,Khu Đồng Chanh,khu,dong_chanh,13,truoc_2026_07,unverified,
08431.014,08431,25,Đồng Chè,Khu Đồng Chè,khu,dong_che,14,truoc_2026_07,unverified,
08431.015,08431,25,Giếng Đá,Khu Giếng Đá,khu,gieng_da,15,truoc_2026_07,unverified,
08431.016,08431,25,Gò Ổi,Khu Gò Ổi,khu,go_oi,16,truoc_2026_07,unverified,
08431.017,08431,25,Gò Tháp,Khu Gò Tháp,khu,go_thap,17,truoc_2026_07,unverified,
08431.018,08431,25,Huân Trầm 1,Khu Huân Trầm 1,khu,huan_tram_1,18,truoc_2026_07,unverified,
08431.019,08431,25,Huân Trầm 2,Khu Huân Trầm 2,khu,huan_tram_2,19,truoc_2026_07,unverified,
08431.020,08431,25,Sậu,Khu Sậu,khu,sau,20,truoc_2026_07,unverified,
08431.021,08431,25,Song Nưa,Khu Song Nưa,khu,song_nua,21,truoc_2026_07,unverified,
08431.022,08431,25,Tân Lập,Khu Tân Lập,khu,tan_lap,22,truoc_2026_07,unverified,
08431.023,08431,25,Tân Phú,Khu Tân Phú,khu,tan_phu,23,truoc_2026_07,unverified,
08431.024,08431,25,Thống Nhất,Khu Thống Nhất,khu,thong_nhat,24,truoc_2026_07,unverified,
08431.025,08431,25,Trung Thị,Khu Trung Thị,khu,trung_thi,25,truoc_2026_07,unverified,
08431.026,08431,25,Vạn Phong,Khu Vạn Phong,khu,van_phong,26,truoc_2026_07,unverified,
08431.027,08431,25,Vạn Thắng,Khu Vạn Thắng,khu,van_thang,27,truoc_2026_07,unverified,
08431.028,08431,25,Või,Khu Või,khu,voi,28,truoc_2026_07,unverified,
08431.029,08431,25,Xi Hen,Khu Xi Hen,khu,xi_hen,29,truoc_2026_07,unverified,
08431.030,08431,25,Chùa,Khu Chùa,khu,chua,30,truoc_2026_07,unverified,
08431.031,08431,25,Đồi,Khu Đồi,khu,doi,31,truoc_2026_07,unverified,
08431.032,08431,25,Làng,Khu Làng,khu,lang,32,truoc_2026_07,unverified,
08434.001,08434,25,1 Dân Quyền,Khu 1 Dân Quyền,khu,1_dan_quyen,1,truoc_2026_07,unverified,
08434.002,08434,25,2 Dân Quyền,Khu 2 Dân Quyền,khu,2_dan_quyen,2,truoc_2026_07,unverified,
08434.003,08434,25,3 Dân Quyền,Khu 3 Dân Quyền,khu,3_dan_quyen,3,truoc_2026_07,unverified,
08434.004,08434,25,4 Dân Quyền,Khu 4 Dân Quyền,khu,4_dan_quyen,4,truoc_2026_07,unverified,
08434.005,08434,25,5 Dân Quyền,Khu 5 Dân Quyền,khu,5_dan_quyen,5,truoc_2026_07,unverified,
08434.006,08434,25,6 Dân Quyền,Khu 6 Dân Quyền,khu,6_dan_quyen,6,truoc_2026_07,unverified,
08434.007,08434,25,7 Dân Quyền,Khu 7 Dân Quyền,khu,7_dan_quyen,7,truoc_2026_07,unverified,
08434.008,08434,25,8 Dân Quyền,Khu 8 Dân Quyền,khu,8_dan_quyen,8,truoc_2026_07,unverified,
08434.009,08434,25,9 Dân Quyền,Khu 9 Dân Quyền,khu,9_dan_quyen,9,truoc_2026_07,unverified,
08434.010,08434,25,10 Dân Quyền,Khu 10 Dân Quyền,khu,10_dan_quyen,10,truoc_2026_07,unverified,
08434.011,08434,25,11 Dân Quyền,Khu 11 Dân Quyền,khu,11_dan_quyen,11,truoc_2026_07,unverified,
08434.012,08434,25,12 Dân Quyền,Khu 12 Dân Quyền,khu,12_dan_quyen,12,truoc_2026_07,unverified,
08434.013,08434,25,13 Dân Quyền,Khu 13 Dân Quyền,khu,13_dan_quyen,13,truoc_2026_07,unverified,
08434.014,08434,25,14 Dân Quyền,Khu 14 Dân Quyền,khu,14_dan_quyen,14,truoc_2026_07,unverified,
08434.015,08434,25,15 Dân Quyền,Khu 15 Dân Quyền,khu,15_dan_quyen,15,truoc_2026_07,unverified,
08434.016,08434,25,1 Hưng Hóa,Khu 1 Hưng Hóa,khu,1_hung_hoa,16,truoc_2026_07,unverified,
08434.017,08434,25,3 Hưng Hóa,Khu 3 Hưng Hóa,khu,3_hung_hoa,17,truoc_2026_07,unverified,
08434.018,08434,25,4 Hưng Hóa,Khu 4 Hưng Hóa,khu,4_hung_hoa,18,truoc_2026_07,unverified,
08434.019,08434,25,5 Hưng Hóa,Khu 5 Hưng Hóa,khu,5_hung_hoa,19,truoc_2026_07,unverified,
08434.020,08434,25,6 Hưng Hóa,Khu 6 Hưng Hóa,khu,6_hung_hoa,20,truoc_2026_07,unverified,
08434.021,08434,25,7 Hưng Hóa,Khu 7 Hưng Hóa,khu,7_hung_hoa,21,truoc_2026_07,unverified,
08434.022,08434,25,1 Hương Nộn,Khu 1 Hương Nộn,khu,1_huong_non,22,truoc_2026_07,unverified,
08434.023,08434,25,2 Hương Nộn,Khu 2 Hương Nộn,khu,2_huong_non,23,truoc_2026_07,unverified,
08434.024,08434,25,3 Hương Nộn,Khu 3 Hương Nộn,khu,3_huong_non,24,truoc_2026_07,unverified,
08434.025,08434,25,4 Hương Nộn,Khu 4 Hương Nộn,khu,4_huong_non,25,truoc_2026_07,unverified,
08434.026,08434,25,5 Hương Nộn,Khu 5 Hương Nộn,khu,5_huong_non,26,truoc_2026_07,unverified,
08434.027,08434,25,6 Hương Nộn,Khu 6 Hương Nộn,khu,6_huong_non,27,truoc_2026_07,unverified,
08434.028,08434,25,7 Hương Nộn,Khu 7 Hương Nộn,khu,7_huong_non,28,truoc_2026_07,unverified,
08434.029,08434,25,8 Hương Nộn,Khu 8 Hương Nộn,khu,8_huong_non,29,truoc_2026_07,unverified,
08434.030,08434,25,9 Hương Nộn,Khu 9 Hương Nộn,khu,9_huong_non,30,truoc_2026_07,unverified,
08434.031,08434,25,10 Hương Nộn,Khu 10 Hương Nộn,khu,10_huong_non,31,truoc_2026_07,unverified,
08434.032,08434,25,11 Hương Nộn,Khu 11 Hương Nộn,khu,11_huong_non,32,truoc_2026_07,unverified,
08434.033,08434,25,12 Hương Nộn,Khu 12 Hương Nộn,khu,12_huong_non,33,truoc_2026_07,unverified,
08434.034,08434,25,13 Hương Nộn,Khu 13 Hương Nộn,khu,13_huong_non,34,truoc_2026_07,unverified,
08494.001,08494,25,Lâm Nghĩa,Khu Lâm Nghĩa,khu,lam_nghia,1,truoc_2026_07,unverified,
08494.002,08494,25,Lâm Thao,Khu Lâm Thao,khu,lam_thao,2,truoc_2026_07,unverified,
08494.003,08494,25,Ngọc Tỉnh,Khu Ngọc Tỉnh,khu,ngoc_tinh,3,truoc_2026_07,unverified,
08494.004,08494,25,Phương Lai,Khu Phương Lai,khu,phuong_lai,4,truoc_2026_07,unverified,
08494.005,08494,25,Tân Sơn,Khu Tân Sơn,khu,tan_son,5,truoc_2026_07,unverified,
08494.006,08494,25,Tân Trung,Khu Tân Trung,khu,tan_trung,6,truoc_2026_07,unverified,
08494.007,08494,25,Thùy Nhật,Khu Thùy Nhật,khu,thuy_nhat,7,truoc_2026_07,unverified,
08494.008,08494,25,Tiến Mới,Khu Tiến Mới,khu,tien_moi,8,truoc_2026_07,unverified,
08515.001,08515,25,Bàn Cờ,Thôn Bàn Cờ,thôn,ban_co,1,truoc_2026_07,unverified,
08515.002,08515,25,Bề Cả,Thôn Bề Cả,thôn,be_ca,2,truoc_2026_07,unverified,
08515.003,08515,25,Cao Thắng,Thôn Cao Thắng,thôn,cao_thang,3,truoc_2026_07,unverified,
08515.004,08515,25,Chu Hóa,Thôn Chu Hóa,thôn,chu_hoa,4,truoc_2026_07,unverified,
08515.005,08515,25,Chu Khổng,Thôn Chu Khổng,thôn,chu_khong,5,truoc_2026_07,unverified,
08515.006,08515,25,Cổ Tích,Thôn Cổ Tích,thôn,co_tich,6,truoc_2026_07,unverified,
08515.007,08515,25,Đài,Thôn Đài,thôn,dai,7,truoc_2026_07,unverified,
08515.008,08515,25,Đông Thịnh,Thôn Đông Thịnh,thôn,dong_thinh,8,truoc_2026_07,unverified,
08515.009,08515,25,Gia Ninh,Thôn Gia Ninh,thôn,gia_ninh,9,truoc_2026_07,unverified,
08515.010,08515,25,Hạ,Thôn Hạ,thôn,ha,10,truoc_2026_07,unverified,
08515.011,08515,25,Hóc Trăn,Thôn Hóc Trăn,thôn,hoc_tran,11,truoc_2026_07,unverified,
08515.012,08515,25,Hy Cương,Thôn Hy Cương,thôn,hy_cuong,12,truoc_2026_07,unverified,
08515.013,08515,25,Khang Phụ,Thôn Khang Phụ,thôn,khang_phu,13,truoc_2026_07,unverified,
08515.014,08515,25,Lảo Quân,Thôn Lảo Quân,thôn,lao_quan,14,truoc_2026_07,unverified,
08515.015,08515,25,Lũng,Thôn Lũng,thôn,lung,15,truoc_2026_07,unverified,
08515.016,08515,25,Mồng Sung,Thôn Mồng Sung,thôn,mong_sung,16,truoc_2026_07,unverified,
08515.017,08515,25,Nhà Nít,Thôn Nhà Nít,thôn,nha_nit,17,truoc_2026_07,unverified,
08515.018,08515,25,Nhà Sống,Thôn Nhà Sống,thôn,nha_song,18,truoc_2026_07,unverified,
08515.019,08515,25,Nhân Hùng,Thôn Nhân Hùng,thôn,nhan_hung,19,truoc_2026_07,unverified,
08515.020,08515,25,Phú Mỹ,Thôn Phú Mỹ,thôn,phu_my,20,truoc_2026_07,unverified,
08515.021,08515,25,Phú Nghĩa,Thôn Phú Nghĩa,thôn,phu_nghia,21,truoc_2026_07,unverified,
08515.022,08515,25,Phú Thị,Thôn Phú Thị,thôn,phu_thi,22,truoc_2026_07,unverified,
08515.023,08515,25,Thượng,Thôn Thượng,thôn,thuong,23,truoc_2026_07,unverified,
08521.001,08521,25,Bồng Lạng,Khu Bồng Lạng,khu,bong_lang,1,truoc_2026_07,unverified,
08521.002,08521,25,Dụng Hiền,Khu Dụng Hiền,khu,dung_hien,2,truoc_2026_07,unverified,
08521.003,08521,25,Đại Đình,Khu Đại Đình,khu,dai_dinh,3,truoc_2026_07,unverified,
08521.004,08521,25,Đại Tụ,Khu Đại Tụ,khu,dai_tu,4,truoc_2026_07,unverified,
08521.005,08521,25,Hòa Bình,Khu Hòa Bình,khu,hoa_binh,5,truoc_2026_07,unverified,
08521.006,08521,25,Lạng Thị,Khu Lạng Thị,khu,lang_thi,6,truoc_2026_07,unverified,
08521.007,08521,25,Trung Chính,Khu Trung Chính,khu,trung_chinh,7,truoc_2026_07,unverified,
08521.008,08521,25,Trung Thanh,Khu Trung Thanh,khu,trung_thanh,8,truoc_2026_07,unverified,
08521.009,08521,25,Vu Tử,Khu Vu Tử,khu,vu_tu,9,truoc_2026_07,unverified,
08527.001,08527,25,Cao Lĩnh,Thôn Cao Lĩnh,thôn,cao_linh,1,truoc_2026_07,unverified,
08527.002,08527,25,Cao Xá 1,Thôn Cao Xá 1,thôn,cao_xa_1,2,truoc_2026_07,unverified,
08527.003,08527,25,Cao Xá 2,Thôn Cao Xá 2,thôn,cao_xa_2,3,truoc_2026_07,unverified,
08527.004,08527,25,Cống Á,Thôn Cống Á,thôn,cong_a,4,truoc_2026_07,unverified,
08527.005,08527,25,Dục Mỹ,Thôn Dục Mỹ,thôn,duc_my,5,truoc_2026_07,unverified,
08527.006,08527,25,Đình Nụ,Thôn Đình Nụ,thôn,dinh_nu,6,truoc_2026_07,unverified,
08527.007,08527,25,Hạ Trang,Thôn Hạ Trang,thôn,ha_trang,7,truoc_2026_07,unverified,
08527.008,08527,25,Phù Phong,Thôn Phù Phong,thôn,phu_phong,8,truoc_2026_07,unverified,
08527.009,08527,25,Quỳnh Lâm 1,Thôn Quỳnh Lâm 1,thôn,quynh_lam_1,9,truoc_2026_07,unverified,
08527.010,08527,25,Quỳnh Lâm 2,Thôn Quỳnh Lâm 2,thôn,quynh_lam_2,10,truoc_2026_07,unverified,
08527.011,08527,25,Quỳnh Lâm 3,Thôn Quỳnh Lâm 3,thôn,quynh_lam_3,11,truoc_2026_07,unverified,
08527.012,08527,25,Thành Chu,Thôn Thành Chu,thôn,thanh_chu,12,truoc_2026_07,unverified,
08527.013,08527,25,Tiện Nội,Thôn Tiện Nội,thôn,tien_noi,13,truoc_2026_07,unverified,
08527.014,08527,25,Trịnh Xá,Thôn Trịnh Xá,thôn,trinh_xa,14,truoc_2026_07,unverified,
08527.015,08527,25,Văn Điểm,Thôn Văn Điểm,thôn,van_diem,15,truoc_2026_07,unverified,
08527.016,08527,25,Vĩnh Lại,Thôn Vĩnh Lại,thôn,vinh_lai,16,truoc_2026_07,unverified,
08527.017,08527,25,Vĩnh Lại 1,Thôn Vĩnh Lại 1,thôn,vinh_lai_1,17,truoc_2026_07,unverified,
08527.018,08527,25,Vĩnh Mộ 1,Thôn Vĩnh Mộ 1,thôn,vinh_mo_1,18,truoc_2026_07,unverified,
08527.019,08527,25,Vĩnh Mộ 2,Thôn Vĩnh Mộ 2,thôn,vinh_mo_2,19,truoc_2026_07,unverified,
08527.020,08527,25,Vĩnh Tường,Thôn Vĩnh Tường,thôn,vinh_tuong,20,truoc_2026_07,unverified,
08545.001,08545,25,Bặn,Khu Bặn,khu,ban,1,truoc_2026_07,unverified,
08545.002,08545,25,Chiềng 1,Khu Chiềng 1,khu,chieng_1,2,truoc_2026_07,unverified,
08545.003,08545,25,Chiềng 2,Khu Chiềng 2,khu,chieng_2,3,truoc_2026_07,unverified,
08545.004,08545,25,Cón,Khu Cón,khu,con,4,truoc_2026_07,unverified,
08545.005,08545,25,Dáy,Khu Dáy,khu,day,5,truoc_2026_07,unverified,
08545.006,08545,25,Đồng Tăng,Khu Đồng Tăng,khu,dong_tang,6,truoc_2026_07,unverified,
08545.007,08545,25,Đồng Tô,Khu Đồng Tô,khu,dong_to,7,truoc_2026_07,unverified,
08545.008,08545,25,Giác 1,Khu Giác 1,khu,giac_1,8,truoc_2026_07,unverified,
08545.009,08545,25,Giác 3,Khu Giác 3,khu,giac_3,9,truoc_2026_07,unverified,
08545.010,08545,25,Liên Chung,Khu Liên Chung,khu,lien_chung,10,truoc_2026_07,unverified,
08545.011,08545,25,Mỹ Á,Khu Mỹ Á,khu,my_a,11,truoc_2026_07,unverified,
08545.012,08545,25,Ngả Hai,Khu Ngả Hai,khu,nga_hai,12,truoc_2026_07,unverified,
08545.013,08545,25,Quẽ,Khu Quẽ,khu,que,13,truoc_2026_07,unverified,
08545.014,08545,25,Tân Lập,Khu Tân Lập,khu,tan_lap,14,truoc_2026_07,unverified,
08545.015,08545,25,Trung Tâm 1,Khu Trung Tâm 1,khu,trung_tam_1,15,truoc_2026_07,unverified,
08545.016,08545,25,Trung Tâm 2,Khu Trung Tâm 2,khu,trung_tam_2,16,truoc_2026_07,unverified,
08545.017,08545,25,Ú,Khu Ú,khu,u,17,truoc_2026_07,unverified,
08560.001,08560,25,Bến Thân,Khu Bến Thân,khu,ben_than,1,truoc_2026_07,unverified,
08560.002,08560,25,Bương,Khu Bương,khu,buong,2,truoc_2026_07,unverified,
08560.003,08560,25,Chiềng 1,Khu Chiềng 1,khu,chieng_1,3,truoc_2026_07,unverified,
08560.004,08560,25,Chiềng 2,Khu Chiềng 2,khu,chieng_2,4,truoc_2026_07,unverified,
08560.005,08560,25,Chiềng Lớn,Khu Chiềng Lớn,khu,chieng_lon,5,truoc_2026_07,unverified,
08560.006,08560,25,Dọc,Khu Dọc,khu,doc,6,truoc_2026_07,unverified,
08560.007,08560,25,Đoàn,Khu Đoàn,khu,doan,7,truoc_2026_07,unverified,
08560.008,08560,25,Đồng,Khu Đồng,khu,dong,8,truoc_2026_07,unverified,
08560.009,08560,25,Đồng Than,Khu Đồng Than,khu,dong_than,9,truoc_2026_07,unverified,
08560.010,08560,25,Hoạt,Khu Hoạt,khu,hoat,10,truoc_2026_07,unverified,
08560.011,08560,25,Hòa,Khu Hòa,khu,hoa,11,truoc_2026_07,unverified,
08560.012,08560,25,Ít,Khu Ít,khu,it,12,truoc_2026_07,unverified,
08560.013,08560,25,Kết,Khu Kết,khu,ket,13,truoc_2026_07,unverified,
08560.014,08560,25,Lèn,Khu Lèn,khu,len,14,truoc_2026_07,unverified,
08560.015,08560,25,Măng 1,Khu Măng 1,khu,mang_1,15,truoc_2026_07,unverified,
08560.016,08560,25,Măng 2,Khu Măng 2,khu,mang_2,16,truoc_2026_07,unverified,
08560.017,08560,25,Mít 1,Khu Mít 1,khu,mit_1,17,truoc_2026_07,unverified,
08560.018,08560,25,Mít 2,Khu Mít 2,khu,mit_2,18,truoc_2026_07,unverified,
08560.019,08560,25,Phắt,Khu Phắt,khu,phat,19,truoc_2026_07,unverified,
08560.020,08560,25,Sận,Khu Sận,khu,san,20,truoc_2026_07,unverified,
08560.021,08560,25,Thính,Khu Thính,khu,thinh,21,truoc_2026_07,unverified,
08560.022,08560,25,Thừ 1,Khu Thừ 1,khu,thu_1,22,truoc_2026_07,unverified,
08560.023,08560,25,Thừ 2,Khu Thừ 2,khu,thu_2,23,truoc_2026_07,unverified,
08560.024,08560,25,Vường 1,Khu Vường 1,khu,vuong_1,24,truoc_2026_07,unverified,
08560.025,08560,25,Vường 2,Khu Vường 2,khu,vuong_2,25,truoc_2026_07,unverified,
08560.026,08560,25,Mới,Khu Mới,khu,moi,26,truoc_2026_07,unverified,
08560.027,08560,25,Xuân 1,Khu Xuân 1,khu,xuan_1,27,truoc_2026_07,unverified,
08560.028,08560,25,Xuân 2,Khu Xuân 2,khu,xuan_2,28,truoc_2026_07,unverified,
08566.001,08566,25,Bình Thọ,Khu Bình Thọ,khu,binh_tho,1,truoc_2026_07,unverified,
08566.002,08566,25,Chiềng,Khu Chiềng,khu,chieng,2,truoc_2026_07,unverified,
08566.003,08566,25,Còn 1,Khu Còn 1,khu,con_1,3,truoc_2026_07,unverified,
08566.004,08566,25,Còn 2,Khu Còn 2,khu,con_2,4,truoc_2026_07,unverified,
08566.005,08566,25,Cọ Sơn 1,Khu Cọ Sơn 1,khu,co_son_1,5,truoc_2026_07,unverified,
08566.006,08566,25,Cọ Sơn 2,Khu Cọ Sơn 2,khu,co_son_2,6,truoc_2026_07,unverified,
08566.007,08566,25,Côm,Khu Côm,khu,com,7,truoc_2026_07,unverified,
08566.008,08566,25,Cường Thịnh 1,Khu Cường Thịnh 1,khu,cuong_thinh_1,8,truoc_2026_07,unverified,
08566.009,08566,25,Cường Thịnh 2,Khu Cường Thịnh 2,khu,cuong_thinh_2,9,truoc_2026_07,unverified,
08566.010,08566,25,Dặt,Khu Dặt,khu,dat,10,truoc_2026_07,unverified,
08566.011,08566,25,Dùng 1,Khu Dùng 1,khu,dung_1,11,truoc_2026_07,unverified,
08566.012,08566,25,Dùng 2,Khu Dùng 2,khu,dung_2,12,truoc_2026_07,unverified,
08566.013,08566,25,Dụt Dàn,Khu Dụt Dàn,khu,dut_dan,13,truoc_2026_07,unverified,
08566.014,08566,25,Đèo Mương 1,Khu Đèo Mương 1,khu,deo_muong_1,14,truoc_2026_07,unverified,
08566.015,08566,25,Đèo Mương 2,Khu Đèo Mương 2,khu,deo_muong_2,15,truoc_2026_07,unverified,
08566.016,08566,25,Liên Minh,Khu Liên Minh,khu,lien_minh,16,truoc_2026_07,unverified,
08566.017,08566,25,Lóng,Khu Lóng,khu,long,17,truoc_2026_07,unverified,
08566.018,08566,25,Mang Hạ,Khu Mang Hạ,khu,mang_ha,18,truoc_2026_07,unverified,
08566.019,08566,25,Mang Thượng,Khu Mang Thượng,khu,mang_thuong,19,truoc_2026_07,unverified,
08566.020,08566,25,Minh Nga,Khu Minh Nga,khu,minh_nga,20,truoc_2026_07,unverified,
08566.021,08566,25,Nà Nờm,Khu Nà Nờm,khu,na_nom,21,truoc_2026_07,unverified,
08566.022,08566,25,Phai Vả,Khu Phai Vả,khu,phai_va,22,truoc_2026_07,unverified,
08566.023,08566,25,Sài,Khu Sài,khu,sai,23,truoc_2026_07,unverified,
08566.024,08566,25,Tân An,Khu Tân An,khu,tan_an,24,truoc_2026_07,unverified,
08566.025,08566,25,Tân Ve,Khu Tân Ve,khu,tan_ve,25,truoc_2026_07,unverified,
08584.001,08584,25,Cự Bành,Thôn Cự Bành,thôn,cu_banh,1,2026_07,primary,2026-07-01
08584.002,08584,25,Trại,Thôn Trại,thôn,trai,2,2026_07,primary,2026-07-01
08584.003,08584,25,Phú Hà,Thôn Phú Hà,thôn,phu_ha,3,2026_07,primary,2026-07-01
08584.004,08584,25,Sang,Thôn Sang,thôn,sang,4,2026_07,primary,2026-07-01
08584.005,08584,25,Bần,Thôn Bần,thôn,ban,5,2026_07,primary,2026-07-01
08584.006,08584,25,Chiềng,Thôn Chiềng,thôn,chieng,6,2026_07,primary,2026-07-01
08584.007,08584,25,Kim Thịnh,Thôn Kim Thịnh,thôn,kim_thinh,7,2026_07,primary,2026-07-01
08584.008,08584,25,Địch Quả,Thôn Địch Quả,thôn,dich_qua,8,2026_07,primary,2026-07-01
08584.009,08584,25,Mai Thịnh,Thôn Mai Thịnh,thôn,mai_thinh,9,2026_07,primary,2026-07-01
08584.010,08584,25,Việt Tiến,Thôn Việt Tiến,thôn,viet_tien,10,2026_07,primary,2026-07-01
08584.011,08584,25,Việt Phú,Thôn Việt Phú,thôn,viet_phu,11,2026_07,primary,2026-07-01
08584.012,08584,25,Sụ Nương,Thôn Sụ Nương,thôn,su_nuong,12,2026_07,primary,2026-07-01
08584.013,08584,25,Sụ Ngoài,Thôn Sụ Ngoài,thôn,su_ngoai,13,2026_07,primary,2026-07-01
08584.014,08584,25,Cự Thắng,Thôn Cự Thắng,thôn,cu_thang,14,2026_07,primary,2026-07-01
08584.015,08584,25,Gò Tre,Thôn Gò Tre,thôn,go_tre,15,2026_07,primary,2026-07-01
08584.016,08584,25,Chòi,Thôn Chòi,thôn,choi,16,2026_07,primary,2026-07-01
08584.017,08584,25,Kim Lương,Thôn Kim Lương,thôn,kim_luong,17,2026_07,primary,2026-07-01
08584.018,08584,25,Thống Nhất,Thôn Thống Nhất,thôn,thong_nhat,18,2026_07,primary,2026-07-01
08584.019,08584,25,Rịa 1,Thôn Rịa 1,thôn,ria_1,19,2026_07,primary,2026-07-01
08584.020,08584,25,Rịa 2,Thôn Rịa 2,thôn,ria_2,20,2026_07,primary,2026-07-01
08584.021,08584,25,Cốc,Thôn Cốc,thôn,coc,21,2026_07,primary,2026-07-01
08584.022,08584,25,Hà Biên,Thôn Hà Biên,thôn,ha_bien,22,2026_07,primary,2026-07-01
08584.023,08584,25,Thanh Hà,Thôn Thanh Hà,thôn,thanh_ha,23,2026_07,primary,2026-07-01
08584.024,08584,25,Tân Bình,Thôn Tân Bình,thôn,tan_binh,24,2026_07,primary,2026-07-01
08584.025,08584,25,Vùng,Thôn Vùng,thôn,vung,25,2026_07,primary,2026-07-01
08584.026,08584,25,Liên Thành,Thôn Liên Thành,thôn,lien_thanh,26,2026_07,primary,2026-07-01
08584.027,08584,25,Do Lau,Thôn Do Lau,thôn,do_lau,27,2026_07,primary,2026-07-01
08584.028,08584,25,Quyết Tiến,Thôn Quyết Tiến,thôn,quyet_tien,28,2026_07,primary,2026-07-01
08584.029,08584,25,Xuân Thắng,Thôn Xuân Thắng,thôn,xuan_thang,29,2026_07,primary,2026-07-01
08590.001,08590,25,Ai Mười,Khu Ai Mười,khu,ai_muoi,1,truoc_2026_07,unverified,
08590.002,08590,25,Căng Đìa,Khu Căng Đìa,khu,cang_dia,2,truoc_2026_07,unverified,
08590.003,08590,25,Chiềng 1,Khu Chiềng 1,khu,chieng_1,3,truoc_2026_07,unverified,
08590.004,08590,25,Chiềng 2,Khu Chiềng 2,khu,chieng_2,4,truoc_2026_07,unverified,
08590.005,08590,25,Chiềng 3,Khu Chiềng 3,khu,chieng_3,5,truoc_2026_07,unverified,
08590.006,08590,25,Cỏi,Khu Cỏi,khu,coi,6,truoc_2026_07,unverified,
08590.007,08590,25,Dù,Khu Dù,khu,du,7,truoc_2026_07,unverified,
08590.008,08590,25,Dụ,Khu Dụ,khu,du,8,truoc_2026_07,unverified,
08590.009,08590,25,Đồng Cả,Khu Đồng Cả,khu,dong_ca,9,truoc_2026_07,unverified,
08590.010,08590,25,Đồng Dò,Khu Đồng Dò,khu,dong_do,10,truoc_2026_07,unverified,
08590.011,08590,25,Đồng Tào,Khu Đồng Tào,khu,dong_tao,11,truoc_2026_07,unverified,
08590.012,08590,25,Hạ Bằng,Khu Hạ Bằng,khu,ha_bang,12,truoc_2026_07,unverified,
08590.013,08590,25,Lạng,Khu Lạng,khu,lang,13,truoc_2026_07,unverified,
08590.014,08590,25,Mu,Khu Mu,khu,mu,14,truoc_2026_07,unverified,
08590.015,08590,25,Muỗi Bòng,Khu Muỗi Bòng,khu,muoi_bong,15,truoc_2026_07,unverified,
08590.016,08590,25,Nâu,Khu Nâu,khu,nau,16,truoc_2026_07,unverified,
08590.017,08590,25,Nhàng,Khu Nhàng,khu,nhang,17,truoc_2026_07,unverified,
08590.018,08590,25,Quyền 1,Khu Quyền 1,khu,quyen_1,18,truoc_2026_07,unverified,
08590.019,08590,25,Quyền 2,Khu Quyền 2,khu,quyen_2,19,truoc_2026_07,unverified,
08590.020,08590,25,Tân Hồi,Khu Tân Hồi,khu,tan_hoi,20,truoc_2026_07,unverified,
08590.021,08590,25,Tân Lập,Khu Tân Lập,khu,tan_lap,21,truoc_2026_07,unverified,
08590.022,08590,25,Tân Minh,Khu Tân Minh,khu,tan_minh,22,truoc_2026_07,unverified,
08590.023,08590,25,Thang,Khu Thang,khu,thang,23,truoc_2026_07,unverified,
08590.024,08590,25,Vượng,Khu Vượng,khu,vuong,24,truoc_2026_07,unverified,
08590.025,08590,25,Xuân 1,Khu Xuân 1,khu,xuan_1,25,truoc_2026_07,unverified,
08590.026,08590,25,Xuân 2,Khu Xuân 2,khu,xuan_2,26,truoc_2026_07,unverified,
08593.001,08593,25,Bến Gạo,Khu Bến Gạo,khu,ben_gao,1,truoc_2026_07,unverified,
08593.002,08593,25,Bình,Khu Bình,khu,binh,2,truoc_2026_07,unverified,
08593.003,08593,25,Bông Lau,Khu Bông Lau,khu,bong_lau,3,truoc_2026_07,unverified,
08593.004,08593,25,Chiềng,Khu Chiềng,khu,chieng,4,truoc_2026_07,unverified,
08593.005,08593,25,Chóc,Khu Chóc,khu,choc,5,truoc_2026_07,unverified,
08593.006,08593,25,Chung,Khu Chung,khu,chung,6,truoc_2026_07,unverified,
08593.007,08593,25,Cú,Khu Cú,khu,cu,7,truoc_2026_07,unverified,
08593.008,08593,25,Dòng Bông,Khu Dòng Bông,khu,dong_bong,8,truoc_2026_07,unverified,
08593.009,08593,25,Đép,Khu Đép,khu,dep,9,truoc_2026_07,unverified,
08593.010,08593,25,Đồng Gạo,Khu Đồng Gạo,khu,dong_gao,10,truoc_2026_07,unverified,
08593.011,08593,25,Đồng Phú,Khu Đồng Phú,khu,dong_phu,11,truoc_2026_07,unverified,
08593.012,08593,25,Đồng Tâm,Khu Đồng Tâm,khu,dong_tam,12,truoc_2026_07,unverified,
08593.013,08593,25,Đồng Thanh,Khu Đồng Thanh,khu,dong_thanh,13,truoc_2026_07,unverified,
08593.014,08593,25,Đồng Thịnh,Khu Đồng Thịnh,khu,dong_thinh,14,truoc_2026_07,unverified,
08593.015,08593,25,Đồng Tún,Khu Đồng Tún,khu,dong_tun,15,truoc_2026_07,unverified,
08593.016,08593,25,Đường 1,Khu Đường 1,khu,duong_1,16,truoc_2026_07,unverified,
08593.017,08593,25,Đường 2,Khu Đường 2,khu,duong_2,17,truoc_2026_07,unverified,
08593.018,08593,25,Hoàng Hà,Khu Hoàng Hà,khu,hoang_ha,18,truoc_2026_07,unverified,
08593.019,08593,25,Hoàng Văn,Khu Hoàng Văn,khu,hoang_van,19,truoc_2026_07,unverified,
08593.020,08593,25,Hồng Kiên,Khu Hồng Kiên,khu,hong_kien,20,truoc_2026_07,unverified,
08593.021,08593,25,Hồng Phong,Khu Hồng Phong,khu,hong_phong,21,truoc_2026_07,unverified,
08593.022,08593,25,Láng,Khu Láng,khu,lang,22,truoc_2026_07,unverified,
08593.023,08593,25,Lối,Khu Lối,khu,loi,23,truoc_2026_07,unverified,
08593.024,08593,25,Luông,Khu Luông,khu,luong,24,truoc_2026_07,unverified,
08593.025,08593,25,Lũng,Khu Lũng,khu,lung,25,truoc_2026_07,unverified,
08593.026,08593,25,Mành,Khu Mành,khu,manh,26,truoc_2026_07,unverified,
08593.027,08593,25,Minh Tâm,Khu Minh Tâm,khu,minh_tam,27,truoc_2026_07,unverified,
08593.028,08593,25,Minh Thanh,Khu Minh Thanh,khu,minh_thanh,28,truoc_2026_07,unverified,
08593.029,08593,25,Mịn 1,Khu Mịn 1,khu,min_1,29,truoc_2026_07,unverified,
08593.030,08593,25,Mịn 2,Khu Mịn 2,khu,min_2,30,truoc_2026_07,unverified,
08593.031,08593,25,Mơn,Khu Mơn,khu,mon,31,truoc_2026_07,unverified,
08593.032,08593,25,Mu Vố,Khu Mu Vố,khu,mu_vo,32,truoc_2026_07,unverified,
08593.033,08593,25,Tân Lập,Khu Tân Lập,khu,tan_lap,33,truoc_2026_07,unverified,
08593.034,08593,25,Tân Lực,Khu Tân Lực,khu,tan_luc,34,truoc_2026_07,unverified,
08593.035,08593,25,Tân Thịnh,Khu Tân Thịnh,khu,tan_thinh,35,truoc_2026_07,unverified,
08593.036,08593,25,Tân Thư,Khu Tân Thư,khu,tan_thu,36,truoc_2026_07,unverified,
08593.037,08593,25,Tân Trào,Khu Tân Trào,khu,tan_trao,37,truoc_2026_07,unverified,
08593.038,08593,25,Thuận,Khu Thuận,khu,thuan,38,truoc_2026_07,unverified,
08593.039,08593,25,Văn Tân,Khu Văn Tân,khu,van_tan,39,truoc_2026_07,unverified,
08593.040,08593,25,Vinh Quang,Khu Vinh Quang,khu,vinh_quang,40,truoc_2026_07,unverified,
08611.001,08611,25,Cát,Khu Cát,khu,cat,1,truoc_2026_07,unverified,
08611.002,08611,25,Chầm 1,Khu Chầm 1,khu,cham_1,2,truoc_2026_07,unverified,
08611.003,08611,25,Chầm 2,Khu Chầm 2,khu,cham_2,3,truoc_2026_07,unverified,
08611.004,08611,25,Chủng,Khu Chủng,khu,chung,4,truoc_2026_07,unverified,
08611.005,08611,25,Dẹ 1,Khu Dẹ 1,khu,de_1,5,truoc_2026_07,unverified,
08611.006,08611,25,Dẹ 2,Khu Dẹ 2,khu,de_2,6,truoc_2026_07,unverified,
08611.007,08611,25,Dớn,Khu Dớn,khu,don,7,truoc_2026_07,unverified,
08611.008,08611,25,Đầm Mười,Khu Đầm Mười,khu,dam_muoi,8,truoc_2026_07,unverified,
08611.009,08611,25,Đồng Giao,Khu Đồng Giao,khu,dong_giao,9,truoc_2026_07,unverified,
08611.010,08611,25,Gằn,Khu Gằn,khu,gan,10,truoc_2026_07,unverified,
08611.011,08611,25,Gò Vố,Khu Gò Vố,khu,go_vo,11,truoc_2026_07,unverified,
08611.012,08611,25,Hạ Thành,Khu Hạ Thành,khu,ha_thanh,12,truoc_2026_07,unverified,
08611.013,08611,25,Kén,Khu Kén,khu,ken,13,truoc_2026_07,unverified,
08611.014,08611,25,Lâm Phú,Khu Lâm Phú,khu,lam_phu,14,truoc_2026_07,unverified,
08611.015,08611,25,Liệm,Khu Liệm,khu,liem,15,truoc_2026_07,unverified,
08611.016,08611,25,Mang Bão,Khu Mang Bão,khu,mang_bao,16,truoc_2026_07,unverified,
08611.017,08611,25,Mận,Khu Mận,khu,man,17,truoc_2026_07,unverified,
08611.018,08611,25,Mật 1,Khu Mật 1,khu,mat_1,18,truoc_2026_07,unverified,
08611.019,08611,25,Mật 2,Khu Mật 2,khu,mat_2,19,truoc_2026_07,unverified,
08611.020,08611,25,Mít 1,Khu Mít 1,khu,mit_1,20,truoc_2026_07,unverified,
08611.021,08611,25,Mít 2,Khu Mít 2,khu,mit_2,21,truoc_2026_07,unverified,
08611.022,08611,25,Nhằn Hạ,Khu Nhằn Hạ,khu,nhan_ha,22,truoc_2026_07,unverified,
08611.023,08611,25,Nhằn Thượng,Khu Nhằn Thượng,khu,nhan_thuong,23,truoc_2026_07,unverified,
08611.024,08611,25,Nưa Hạ,Khu Nưa Hạ,khu,nua_ha,24,truoc_2026_07,unverified,
08611.025,08611,25,Nưa Thượng,Khu Nưa Thượng,khu,nua_thuong,25,truoc_2026_07,unverified,
08611.026,08611,25,Tam Văn,Khu Tam Văn,khu,tam_van,26,truoc_2026_07,unverified,
08611.027,08611,25,Thành Công,Khu Thành Công,khu,thanh_cong,27,truoc_2026_07,unverified,
08611.028,08611,25,Trầu,Khu Trầu,khu,trau,28,truoc_2026_07,unverified,
08611.029,08611,25,Trống,Khu Trống,khu,trong,29,truoc_2026_07,unverified,
08611.030,08611,25,Xè 1,Khu Xè 1,khu,xe_1,30,truoc_2026_07,unverified,
08611.031,08611,25,Xè 2,Khu Xè 2,khu,xe_2,31,truoc_2026_07,unverified,
08614.001,08614,25,Chón,Khu Chón,khu,chon,1,truoc_2026_07,unverified,
08614.002,08614,25,Đa Nghệ,Khu Đa Nghệ,khu,da_nghe,2,truoc_2026_07,unverified,
08614.003,08614,25,Đá Bia,Khu Đá Bia,khu,da_bia,3,truoc_2026_07,unverified,
08614.004,08614,25,Đá Cóc,Khu Đá Cóc,khu,da_coc,4,truoc_2026_07,unverified,
08614.005,08614,25,Đá Đen,Khu Đá Đen,khu,da_den,5,truoc_2026_07,unverified,
08614.006,08614,25,Đồn,Khu Đồn,khu,don,6,truoc_2026_07,unverified,
08614.007,08614,25,Đồng Cại,Khu Đồng Cại,khu,dong_cai,7,truoc_2026_07,unverified,
08614.008,08614,25,Đồng Cốc,Khu Đồng Cốc,khu,dong_coc,8,truoc_2026_07,unverified,
08614.009,08614,25,Đồng Đằm,Khu Đồng Đằm,khu,dong_dam,9,truoc_2026_07,unverified,
08614.010,08614,25,Đồng Nghìa,Khu Đồng Nghìa,khu,dong_nghia,10,truoc_2026_07,unverified,
08614.011,08614,25,Giai Thượng,Khu Giai Thượng,khu,giai_thuong,11,truoc_2026_07,unverified,
08614.012,08614,25,Giếng Ống,Khu Giếng Ống,khu,gieng_ong,12,truoc_2026_07,unverified,
08614.013,08614,25,Kim Thịnh,Khu Kim Thịnh,khu,kim_thinh,13,truoc_2026_07,unverified,
08614.014,08614,25,Minh Khai,Khu Minh Khai,khu,minh_khai,14,truoc_2026_07,unverified,
08614.015,08614,25,Quyết Tiến,Khu Quyết Tiến,khu,quyet_tien,15,truoc_2026_07,unverified,
08614.016,08614,25,Xem,Khu Xem,khu,xem,16,truoc_2026_07,unverified,
08620.001,08620,25,Bông 1,Khu Bông 1,khu,bong_1,1,truoc_2026_07,unverified,
08620.002,08620,25,Bông 2,Khu Bông 2,khu,bong_2,2,truoc_2026_07,unverified,
08620.003,08620,25,Bương,Khu Bương,khu,buong,3,truoc_2026_07,unverified,
08620.004,08620,25,Cạn,Khu Cạn,khu,can,4,truoc_2026_07,unverified,
08620.005,08620,25,Chiêu,Khu Chiêu,khu,chieu,5,truoc_2026_07,unverified,
08620.006,08620,25,Giát Vảo,Khu Giát Vảo,khu,giat_vao,6,truoc_2026_07,unverified,
08620.007,08620,25,Đải,Khu Đải,khu,dai,7,truoc_2026_07,unverified,
08620.008,08620,25,Đồng Giang,Khu Đồng Giang,khu,dong_giang,8,truoc_2026_07,unverified,
08620.009,08620,25,Đồng Khoai,Khu Đồng Khoai,khu,dong_khoai,9,truoc_2026_07,unverified,
08620.010,08620,25,Đồng Thi,Khu Đồng Thi,khu,dong_thi,10,truoc_2026_07,unverified,
08620.011,08620,25,Én,Khu Én,khu,en,11,truoc_2026_07,unverified,
08620.012,08620,25,Khang Lèn,Khu Khang Lèn,khu,khang_len,12,truoc_2026_07,unverified,
08620.013,08620,25,Lương Sơn,Khu Lương Sơn,khu,luong_son,13,truoc_2026_07,unverified,
08620.014,08620,25,Măng 1,Khu Măng 1,khu,mang_1,14,truoc_2026_07,unverified,
08620.015,08620,25,Măng 2,Khu Măng 2,khu,mang_2,15,truoc_2026_07,unverified,
08620.016,08620,25,Mẫn Gạo,Khu Mẫn Gạo,khu,man_gao,16,truoc_2026_07,unverified,
08620.017,08620,25,Múc Thanh Phú,Khu Múc Thanh Phú,khu,muc_thanh_phu,17,truoc_2026_07,unverified,
08620.018,08620,25,Nhội,Khu Nhội,khu,nhoi,18,truoc_2026_07,unverified,
08620.019,08620,25,Tảng,Khu Tảng,khu,tang,19,truoc_2026_07,unverified,
08620.020,08620,25,Vai,Khu Vai,khu,vai,20,truoc_2026_07,unverified,
08632.001,08632,25,Bồ Xồ,Khu Bồ Xồ,khu,bo_xo,1,truoc_2026_07,unverified,
08632.002,08632,25,Đá Cạn,Khu Đá Cạn,khu,da_can,2,truoc_2026_07,unverified,
08632.003,08632,25,Đành,Khu Đành,khu,danh,3,truoc_2026_07,unverified,
08632.004,08632,25,Đầm Sen,Khu Đầm Sen,khu,dam_sen,4,truoc_2026_07,unverified,
08632.005,08632,25,Đông Thịnh,Khu Đông Thịnh,khu,dong_thinh,5,truoc_2026_07,unverified,
08632.006,08632,25,Đông Vượng,Khu Đông Vượng,khu,dong_vuong,6,truoc_2026_07,unverified,
08632.007,08632,25,Đồn,Khu Đồn,khu,don,7,truoc_2026_07,unverified,
08632.008,08632,25,Đồng Đa,Khu Đồng Đa,khu,dong_da,8,truoc_2026_07,unverified,
08632.009,08632,25,Đồng Kẹm,Khu Đồng Kẹm,khu,dong_kem,9,truoc_2026_07,unverified,
08632.010,08632,25,Đồng Quán,Khu Đồng Quán,khu,dong_quan,10,truoc_2026_07,unverified,
08632.011,08632,25,Đồng Tiến,Khu Đồng Tiến,khu,dong_tien,11,truoc_2026_07,unverified,
08632.012,08632,25,Gò Da,Khu Gò Da,khu,go_da,12,truoc_2026_07,unverified,
08632.013,08632,25,Hem,Khu Hem,khu,hem,13,truoc_2026_07,unverified,
08632.014,08632,25,Khoang,Khu Khoang,khu,khoang,14,truoc_2026_07,unverified,
08632.015,08632,25,Lèo,Khu Lèo,khu,leo,15,truoc_2026_07,unverified,
08632.016,08632,25,Lịch I,Khu Lịch I,khu,lich_i,16,truoc_2026_07,unverified,
08632.017,08632,25,Lịch II,Khu Lịch II,khu,lich_ii,17,truoc_2026_07,unverified,
08632.018,08632,25,Náy,Khu Náy,khu,nay,18,truoc_2026_07,unverified,
08632.019,08632,25,Né,Khu Né,khu,ne,19,truoc_2026_07,unverified,
08632.020,08632,25,Nội Xén,Khu Nội Xén,khu,noi_xen,20,truoc_2026_07,unverified,
08632.021,08632,25,Ong,Khu Ong,khu,ong,21,truoc_2026_07,unverified,
08632.022,08632,25,Pheo,Khu Pheo,khu,pheo,22,truoc_2026_07,unverified,
08632.023,08632,25,Quất,Khu Quất,khu,quat,23,truoc_2026_07,unverified,
08632.024,08632,25,Soi Trại,Khu Soi Trại,khu,soi_trai,24,truoc_2026_07,unverified,
08632.025,08632,25,Tân Hương,Khu Tân Hương,khu,tan_huong,25,truoc_2026_07,unverified,
08632.026,08632,25,Trại,Khu Trại,khu,trai,26,truoc_2026_07,unverified,
08632.027,08632,25,Trung Thịnh,Khu Trung Thịnh,khu,trung_thinh,27,truoc_2026_07,unverified,
08635.001,08635,25,Bái,Khu Bái,khu,bai,1,truoc_2026_07,unverified,
08635.002,08635,25,Bãi Lau,Khu Bãi Lau,khu,bai_lau,2,truoc_2026_07,unverified,
08635.003,08635,25,Bâu,Khu Bâu,khu,bau,3,truoc_2026_07,unverified,
08635.004,08635,25,Bư,Khu Bư,khu,bu,4,truoc_2026_07,unverified,
08635.005,08635,25,Bương,Khu Bương,khu,buong,5,truoc_2026_07,unverified,
08635.006,08635,25,Cáp,Khu Cáp,khu,cap,6,truoc_2026_07,unverified,
08635.007,08635,25,Cảy,Khu Cảy,khu,cay,7,truoc_2026_07,unverified,
08635.008,08635,25,Cạn,Khu Cạn,khu,can,8,truoc_2026_07,unverified,
08635.009,08635,25,Câu Chùa,Khu Câu Chùa,khu,cau_chua,9,truoc_2026_07,unverified,
08635.010,08635,25,Chuôi,Khu Chuôi,khu,chuoi,10,truoc_2026_07,unverified,
08635.011,08635,25,Chúa,Khu Chúa,khu,chua,11,truoc_2026_07,unverified,
08635.012,08635,25,Cốc,Khu Cốc,khu,coc,12,truoc_2026_07,unverified,
08635.013,08635,25,Dâu,Khu Dâu,khu,dau,13,truoc_2026_07,unverified,
08635.014,08635,25,Dọc,Khu Dọc,khu,doc,14,truoc_2026_07,unverified,
08635.015,08635,25,Hạ Thành,Khu Hạ Thành,khu,ha_thanh,15,truoc_2026_07,unverified,
08635.016,08635,25,Hăm,Khu Hăm,khu,ham,16,truoc_2026_07,unverified,
08635.017,08635,25,Lài Cháu,Khu Lài Cháu,khu,lai_chau,17,truoc_2026_07,unverified,
08635.018,08635,25,Lạn,Khu Lạn,khu,lan,18,truoc_2026_07,unverified,
08635.019,08635,25,Măng Chăng,Khu Măng Chăng,khu,mang_chang,19,truoc_2026_07,unverified,
08635.020,08635,25,Mặc Chanh,Khu Mặc Chanh,khu,mac_chanh,20,truoc_2026_07,unverified,
08635.021,08635,25,Mu Đông Cửu,Khu Mu Đông Cửu,khu,mu_dong_cuu,21,truoc_2026_07,unverified,
08635.022,08635,25,Mu Khả Cửu,Khu Mu Khả Cửu,khu,mu_kha_cuu,22,truoc_2026_07,unverified,
08635.023,08635,25,Mu Thượng Cửu,Khu Mu Thượng Cửu,khu,mu_thuong_cuu,23,truoc_2026_07,unverified,
08635.024,08635,25,Ngán,Khu Ngán,khu,ngan,24,truoc_2026_07,unverified,
08635.025,08635,25,Nhôi,Khu Nhôi,khu,nhoi,25,truoc_2026_07,unverified,
08635.026,08635,25,Quét,Khu Quét,khu,quet,26,truoc_2026_07,unverified,
08635.027,08635,25,Rét,Khu Rét,khu,ret,27,truoc_2026_07,unverified,
08635.028,08635,25,Sinh Dưới,Khu Sinh Dưới,khu,sinh_duoi,28,truoc_2026_07,unverified,
08635.029,08635,25,Sinh Tàn,Khu Sinh Tàn,khu,sinh_tan,29,truoc_2026_07,unverified,
08635.030,08635,25,Sinh Trên,Khu Sinh Trên,khu,sinh_tren,30,truoc_2026_07,unverified,
08635.031,08635,25,Tâm,Khu Tâm,khu,tam,31,truoc_2026_07,unverified,
08635.032,08635,25,Tu Chạn,Khu Tu Chạn,khu,tu_chan,32,truoc_2026_07,unverified,
08635.033,08635,25,Vạch,Khu Vạch,khu,vach,33,truoc_2026_07,unverified,
08635.034,08635,25,Vì,Khu Vì,khu,vi,34,truoc_2026_07,unverified,
08635.035,08635,25,Vừn Muông,Khu Vừn Muông,khu,vun_muong,35,truoc_2026_07,unverified,
08656.001,08656,25,Ấp Giáo,Khu Ấp Giáo,khu,ap_giao,1,truoc_2026_07,unverified,
08656.002,08656,25,Bãi,Khu Bãi,khu,bai,2,truoc_2026_07,unverified,
08656.003,08656,25,Bến Dầm,Khu Bến Dầm,khu,ben_dam,3,truoc_2026_07,unverified,
08656.004,08656,25,Chen,Khu Chen,khu,chen,4,truoc_2026_07,unverified,
08656.005,08656,25,Chự,Khu Chự,khu,chu,5,truoc_2026_07,unverified,
08656.006,08656,25,Đề Ngữ,Khu Đề Ngữ,khu,de_ngu,6,truoc_2026_07,unverified,
08656.007,08656,25,Đồi,Khu Đồi,khu,doi,7,truoc_2026_07,unverified,
08656.008,08656,25,Đồi Bông,Khu Đồi Bông,khu,doi_bong,8,truoc_2026_07,unverified,
08656.009,08656,25,Gò Đa,Khu Gò Đa,khu,go_da,9,truoc_2026_07,unverified,
08656.010,08656,25,Hạ Sơn,Khu Hạ Sơn,khu,ha_son,10,truoc_2026_07,unverified,
08656.011,08656,25,Hồ,Khu Hồ,khu,ho,11,truoc_2026_07,unverified,
08656.012,08656,25,Kết Bình,Khu Kết Bình,khu,ket_binh,12,truoc_2026_07,unverified,
08656.013,08656,25,Lau,Khu Lau,khu,lau,13,truoc_2026_07,unverified,
08656.014,08656,25,Láng Mái,Khu Láng Mái,khu,lang_mai,14,truoc_2026_07,unverified,
08656.015,08656,25,Lạc Song,Khu Lạc Song,khu,lac_song,15,truoc_2026_07,unverified,
08656.016,08656,25,Liên Chung,Khu Liên Chung,khu,lien_chung,16,truoc_2026_07,unverified,
08656.017,08656,25,Liệm,Khu Liệm,khu,liem,17,truoc_2026_07,unverified,
08656.018,08656,25,Lở,Khu Lở,khu,lo,18,truoc_2026_07,unverified,
08656.019,08656,25,Lương Sơn,Khu Lương Sơn,khu,luong_son,19,truoc_2026_07,unverified,
08656.020,08656,25,Mố,Khu Mố,khu,mo,20,truoc_2026_07,unverified,
08656.021,08656,25,Mới,Khu Mới,khu,moi,21,truoc_2026_07,unverified,
08656.022,08656,25,Sính,Khu Sính,khu,sinh,22,truoc_2026_07,unverified,
08656.023,08656,25,Tân,Khu Tân,khu,tan,23,truoc_2026_07,unverified,
08656.024,08656,25,Thín,Khu Thín,khu,thin,24,truoc_2026_07,unverified,
08656.025,08656,25,Trại,Khu Trại,khu,trai,25,truoc_2026_07,unverified,
08656.026,08656,25,Trại Yên,Khu Trại Yên,khu,trai_yen,26,truoc_2026_07,unverified,
08656.027,08656,25,Viết,Khu Viết,khu,viet,27,truoc_2026_07,unverified,
08656.028,08656,25,Von Mỏ,Khu Von Mỏ,khu,von_mo,28,truoc_2026_07,unverified,
08656.029,08656,25,Vũ,Khu Vũ,khu,vu,29,truoc_2026_07,unverified,
08674.001,08674,25,Phố,Khu Phố,khu,pho,1,truoc_2026_07,unverified,
08686.001,08686,25,1 Đồng Trung,Khu 1 Đồng Trung,khu,1_dong_trung,1,truoc_2026_07,unverified,
08686.002,08686,25,2 Đồng Trung,Khu 2 Đồng Trung,khu,2_dong_trung,2,truoc_2026_07,unverified,
08686.003,08686,25,3 Đồng Trung,Khu 3 Đồng Trung,khu,3_dong_trung,3,truoc_2026_07,unverified,
08686.004,08686,25,4 Đồng Trung,Khu 4 Đồng Trung,khu,4_dong_trung,4,truoc_2026_07,unverified,
08686.005,08686,25,5 Đồng Trung,Khu 5 Đồng Trung,khu,5_dong_trung,5,truoc_2026_07,unverified,
08686.006,08686,25,6 Đồng Trung,Khu 6 Đồng Trung,khu,6_dong_trung,6,truoc_2026_07,unverified,
08686.007,08686,25,7 Đồng Trung,Khu 7 Đồng Trung,khu,7_dong_trung,7,truoc_2026_07,unverified,
08686.008,08686,25,8 Đồng Trung,Khu 8 Đồng Trung,khu,8_dong_trung,8,truoc_2026_07,unverified,
08686.009,08686,25,9 Đồng Trung,Khu 9 Đồng Trung,khu,9_dong_trung,9,truoc_2026_07,unverified,
08686.010,08686,25,10 Đồng Trung,Khu 10 Đồng Trung,khu,10_dong_trung,10,truoc_2026_07,unverified,
08686.011,08686,25,11 Đồng Trung,Khu 11 Đồng Trung,khu,11_dong_trung,11,truoc_2026_07,unverified,
08686.012,08686,25,12 Đồng Trung,Khu 12 Đồng Trung,khu,12_dong_trung,12,truoc_2026_07,unverified,
08686.013,08686,25,13 Đồng Trung,Khu 13 Đồng Trung,khu,13_dong_trung,13,truoc_2026_07,unverified,
08686.014,08686,25,14 Đồng Trung,Khu 14 Đồng Trung,khu,14_dong_trung,14,truoc_2026_07,unverified,
08686.015,08686,25,15 Đồng Trung,Khu 15 Đồng Trung,khu,15_dong_trung,15,truoc_2026_07,unverified,
08686.016,08686,25,16 Đồng Trung,Khu 16 Đồng Trung,khu,16_dong_trung,16,truoc_2026_07,unverified,
08686.017,08686,25,1 Hoàng Xá,Khu 1 Hoàng Xá,khu,1_hoang_xa,17,truoc_2026_07,unverified,
08686.018,08686,25,2 Hoàng Xá,Khu 2 Hoàng Xá,khu,2_hoang_xa,18,truoc_2026_07,unverified,
08686.019,08686,25,3 Hoàng Xá,Khu 3 Hoàng Xá,khu,3_hoang_xa,19,truoc_2026_07,unverified,
08686.020,08686,25,4 Hoàng Xá,Khu 4 Hoàng Xá,khu,4_hoang_xa,20,truoc_2026_07,unverified,
08686.021,08686,25,5 Hoàng Xá,Khu 5 Hoàng Xá,khu,5_hoang_xa,21,truoc_2026_07,unverified,
08686.022,08686,25,6 Hoàng Xá,Khu 6 Hoàng Xá,khu,6_hoang_xa,22,truoc_2026_07,unverified,
08686.023,08686,25,7 Hoàng Xá,Khu 7 Hoàng Xá,khu,7_hoang_xa,23,truoc_2026_07,unverified,
08686.024,08686,25,8 Hoàng Xá,Khu 8 Hoàng Xá,khu,8_hoang_xa,24,truoc_2026_07,unverified,
08686.025,08686,25,9 Hoàng Xá,Khu 9 Hoàng Xá,khu,9_hoang_xa,25,truoc_2026_07,unverified,
08686.026,08686,25,10 Hoàng Xá,Khu 10 Hoàng Xá,khu,10_hoang_xa,26,truoc_2026_07,unverified,
08686.027,08686,25,11 Hoàng Xá,Khu 11 Hoàng Xá,khu,11_hoang_xa,27,truoc_2026_07,unverified,
08686.028,08686,25,12 Hoàng Xá,Khu 12 Hoàng Xá,khu,12_hoang_xa,28,truoc_2026_07,unverified,
08686.029,08686,25,13 Hoàng Xá,Khu 13 Hoàng Xá,khu,13_hoang_xa,29,truoc_2026_07,unverified,
08686.030,08686,25,14 Hoàng Xá,Khu 14 Hoàng Xá,khu,14_hoang_xa,30,truoc_2026_07,unverified,
08686.031,08686,25,15 Hoàng Xá,Khu 15 Hoàng Xá,khu,15_hoang_xa,31,truoc_2026_07,unverified,
08686.032,08686,25,16 Hoàng Xá,Khu 16 Hoàng Xá,khu,16_hoang_xa,32,truoc_2026_07,unverified,
08686.033,08686,25,17 Hoàng Xá,Khu 17 Hoàng Xá,khu,17_hoang_xa,33,truoc_2026_07,unverified,
08686.034,08686,25,18 Hoàng Xá,Khu 18 Hoàng Xá,khu,18_hoang_xa,34,truoc_2026_07,unverified,
08686.035,08686,25,19 Hoàng Xá,Khu 19 Hoàng Xá,khu,19_hoang_xa,35,truoc_2026_07,unverified,
08686.036,08686,25,20 Hoàng Xá,Khu 20 Hoàng Xá,khu,20_hoang_xa,36,truoc_2026_07,unverified,
08686.037,08686,25,21 Hoàng Xá,Khu 21 Hoàng Xá,khu,21_hoang_xa,37,truoc_2026_07,unverified,
08686.038,08686,25,22 Hoàng Xá,Khu 22 Hoàng Xá,khu,22_hoang_xa,38,truoc_2026_07,unverified,
08686.039,08686,25,1 Tu Vũ,Khu 1 Tu Vũ,khu,1_tu_vu,39,truoc_2026_07,unverified,
08686.040,08686,25,2 Tu Vũ,Khu 2 Tu Vũ,khu,2_tu_vu,40,truoc_2026_07,unverified,
08686.041,08686,25,3 Tu Vũ,Khu 3 Tu Vũ,khu,3_tu_vu,41,truoc_2026_07,unverified,
08686.042,08686,25,4 Tu Vũ,Khu 4 Tu Vũ,khu,4_tu_vu,42,truoc_2026_07,unverified,
08686.043,08686,25,5 Tu Vũ,Khu 5 Tu Vũ,khu,5_tu_vu,43,truoc_2026_07,unverified,
08686.044,08686,25,6 Tu Vũ,Khu 6 Tu Vũ,khu,6_tu_vu,44,truoc_2026_07,unverified,
08686.045,08686,25,7 Tu Vũ,Khu 7 Tu Vũ,khu,7_tu_vu,45,truoc_2026_07,unverified,
08686.046,08686,25,8 Tu Vũ,Khu 8 Tu Vũ,khu,8_tu_vu,46,truoc_2026_07,unverified,
08686.047,08686,25,9 Tu Vũ,Khu 9 Tu Vũ,khu,9_tu_vu,47,truoc_2026_07,unverified,
08686.048,08686,25,10 Tu Vũ,Khu 10 Tu Vũ,khu,10_tu_vu,48,truoc_2026_07,unverified,
08686.049,08686,25,11 Tu Vũ,Khu 11 Tu Vũ,khu,11_tu_vu,49,truoc_2026_07,unverified,
08686.050,08686,25,12 Tu Vũ,Khu 12 Tu Vũ,khu,12_tu_vu,50,truoc_2026_07,unverified,
08686.051,08686,25,13 Tu Vũ,Khu 13 Tu Vũ,khu,13_tu_vu,51,truoc_2026_07,unverified,
08686.052,08686,25,14 Tu Vũ,Khu 14 Tu Vũ,khu,14_tu_vu,52,truoc_2026_07,unverified,
08686.053,08686,25,15 Tu Vũ,Khu 15 Tu Vũ,khu,15_tu_vu,53,truoc_2026_07,unverified,
08686.054,08686,25,16 Tu Vũ,Khu 16 Tu Vũ,khu,16_tu_vu,54,truoc_2026_07,unverified,
08686.055,08686,25,17 Tu Vũ,Khu 17 Tu Vũ,khu,17_tu_vu,55,truoc_2026_07,unverified,
08686.056,08686,25,18 Tu Vũ,Khu 18 Tu Vũ,khu,18_tu_vu,56,truoc_2026_07,unverified,
08686.057,08686,25,19 Tu Vũ,Khu 19 Tu Vũ,khu,19_tu_vu,57,truoc_2026_07,unverified,
08707.001,08707,25,An Phú,Tổ dân phố An Phú,tổ dân phố,an_phu,1,2026_07,unverified,2026-07-01
08707.002,08707,25,Cả,Tổ dân phố Cả,tổ dân phố,ca,2,2026_07,unverified,2026-07-01
08707.003,08707,25,Đoài,Tổ dân phố Đoài,tổ dân phố,doai,3,2026_07,unverified,2026-07-01
08707.004,08707,25,Đông,Tổ dân phố Đông,tổ dân phố,dong,4,2026_07,unverified,2026-07-01
08707.005,08707,25,Đông Cường,Tổ dân phố Đông Cường,tổ dân phố,dong_cuong,5,2026_07,unverified,2026-07-01
08707.006,08707,25,Đông Hòa,Tổ dân phố Đông Hòa,tổ dân phố,dong_hoa,6,2026_07,unverified,2026-07-01
08707.007,08707,25,Đông Hợp,Tổ dân phố Đông Hợp,tổ dân phố,dong_hop,7,2026_07,unverified,2026-07-01
08707.008,08707,25,Đông Hưng,Tổ dân phố Đông Hưng,tổ dân phố,dong_hung,8,2026_07,unverified,2026-07-01
08707.009,08707,25,Đông Nghĩa,Tổ dân phố Đông Nghĩa,tổ dân phố,dong_nghia,9,2026_07,unverified,2026-07-01
08707.010,08707,25,Đông Nhân,Tổ dân phố Đông Nhân,tổ dân phố,dong_nhan,10,2026_07,unverified,2026-07-01
08707.011,08707,25,Đông Phú,Tổ dân phố Đông Phú,tổ dân phố,dong_phu,11,2026_07,unverified,2026-07-01
08707.012,08707,25,Đông Quý,Tổ dân phố Đông Quý,tổ dân phố,dong_quy,12,2026_07,unverified,2026-07-01
08707.013,08707,25,Đông Thành,Tổ dân phố Đông Thành,tổ dân phố,dong_thanh,13,2026_07,unverified,2026-07-01
08707.014,08707,25,Đông Thịnh,Tổ dân phố Đông Thịnh,tổ dân phố,dong_thinh,14,2026_07,unverified,2026-07-01
08707.015,08707,25,Đồng Khâu,Tổ dân phố Đồng Khâu,tổ dân phố,dong_khau,15,2026_07,unverified,2026-07-01
08707.016,08707,25,Hội Hợp,Tổ dân phố Hội Hợp,tổ dân phố,hoi_hop,16,2026_07,unverified,2026-07-01
08707.017,08707,25,Hội Thượng,Tổ dân phố Hội Thượng,tổ dân phố,hoi_thuong,17,2026_07,unverified,2026-07-01
08707.018,08707,25,Hùng Vương,Tổ dân phố Hùng Vương,tổ dân phố,hung_vuong,18,2026_07,unverified,2026-07-01
08707.019,08707,25,Lạc Ý 1,Tổ dân phố Lạc Ý 1,tổ dân phố,lac_y_1,19,2026_07,unverified,2026-07-01
08707.020,08707,25,Lạc Ý 2,Tổ dân phố Lạc Ý 2,tổ dân phố,lac_y_2,20,2026_07,unverified,2026-07-01
08707.021,08707,25,Lai Sơn,Tổ dân phố Lai Sơn,tổ dân phố,lai_son,21,2026_07,unverified,2026-07-01
08707.022,08707,25,Lam Sơn,Tổ dân phố Lam Sơn,tổ dân phố,lam_son,22,2026_07,unverified,2026-07-01
08707.023,08707,25,Nam Đồng,Tổ dân phố Nam Đồng,tổ dân phố,nam_dong,23,2026_07,unverified,2026-07-01
08707.024,08707,25,Núi,Tổ dân phố Núi,tổ dân phố,nui,24,2026_07,unverified,2026-07-01
08707.025,08707,25,Quán Tiên,Tổ dân phố Quán Tiên,tổ dân phố,quan_tien,25,2026_07,unverified,2026-07-01
08707.026,08707,25,Tích Sơn,Tổ dân phố Tích Sơn,tổ dân phố,tich_son,26,2026_07,unverified,2026-07-01
08707.027,08707,25,Tiên Sơn,Tổ dân phố Tiên Sơn,tổ dân phố,tien_son,27,2026_07,unverified,2026-07-01
08707.028,08707,25,Thanh Trù,Tổ dân phố Thanh Trù,tổ dân phố,thanh_tru,28,2026_07,unverified,2026-07-01
08707.029,08707,25,Trà,Tổ dân phố Trà,tổ dân phố,tra,29,2026_07,unverified,2026-07-01
08707.030,08707,25,Vị Trù,Tổ dân phố Vị Trù,tổ dân phố,vi_tru,30,2026_07,unverified,2026-07-01
08707.031,08707,25,Vĩnh Ninh,Tổ dân phố Vĩnh Ninh,tổ dân phố,vinh_ninh,31,2026_07,unverified,2026-07-01
08707.032,08707,25,Vĩnh Thịnh,Tổ dân phố Vĩnh Thịnh,tổ dân phố,vinh_thinh,32,2026_07,unverified,2026-07-01
08707.033,08707,25,Vĩnh Thịnh 1,Tổ dân phố Vĩnh Thịnh 1,tổ dân phố,vinh_thinh_1,33,2026_07,unverified,2026-07-01
08707.034,08707,25,Yên,Tổ dân phố Yên,tổ dân phố,yen,34,2026_07,unverified,2026-07-01
08716.001,08716,25,An Định,Tổ dân phố An Định,tổ dân phố,an_dinh,1,2026_07,unverified,2026-07-01
08716.002,08716,25,Bà Triệu,Tổ dân phố Bà Triệu,tổ dân phố,ba_trieu,2,2026_07,unverified,2026-07-01
08716.003,08716,25,Bảo Sơn,Tổ dân phố Bảo Sơn,tổ dân phố,bao_son,3,2026_07,unverified,2026-07-01
08716.004,08716,25,Chám,Tổ dân phố Chám,tổ dân phố,cham,4,2026_07,unverified,2026-07-01
08716.005,08716,25,Chiền,Tổ dân phố Chiền,tổ dân phố,chien,5,2026_07,unverified,2026-07-01
08716.006,08716,25,Chợ Tổng,Tổ dân phố Chợ Tổng,tổ dân phố,cho_tong,6,2026_07,unverified,2026-07-01
08716.007,08716,25,Chùa Hà,Tổ dân phố Chùa Hà,tổ dân phố,chua_ha,7,2026_07,unverified,2026-07-01
08716.008,08716,25,Chùa Láp,Tổ dân phố Chùa Láp,tổ dân phố,chua_lap,8,2026_07,unverified,2026-07-01
08716.009,08716,25,Đầm Vạc,Tổ dân phố Đầm Vạc,tổ dân phố,dam_vac,9,2026_07,unverified,2026-07-01
08716.010,08716,25,Đậu,Tổ dân phố Đậu,tổ dân phố,dau,10,2026_07,unverified,2026-07-01
08716.011,08716,25,Đinh Tiên Hoàng,Tổ dân phố Đinh Tiên Hoàng,tổ dân phố,dinh_tien_hoang,11,2026_07,unverified,2026-07-01
08716.012,08716,25,Đình Láp,Tổ dân phố Đình Láp,tổ dân phố,dinh_lap,12,2026_07,unverified,2026-07-01
08716.013,08716,25,Định Trung,Tổ dân phố Định Trung,tổ dân phố,dinh_trung,13,2026_07,unverified,2026-07-01
08716.014,08716,25,Đôn Hậu,Tổ dân phố Đôn Hậu,tổ dân phố,don_hau,14,2026_07,unverified,2026-07-01
08716.015,08716,25,Đống Đa,Tổ dân phố Đống Đa,tổ dân phố,dong_da,15,2026_07,unverified,2026-07-01
08716.016,08716,25,Gẩu,Tổ dân phố Gẩu,tổ dân phố,gau,16,2026_07,unverified,2026-07-01
08716.017,08716,25,Gẩy,Tổ dân phố Gẩy,tổ dân phố,gay,17,2026_07,unverified,2026-07-01
08716.018,08716,25,Gia Viễn,Tổ dân phố Gia Viễn,tổ dân phố,gia_vien,18,2026_07,unverified,2026-07-01
08716.019,08716,25,Gò Dung,Tổ dân phố Gò Dung,tổ dân phố,go_dung,19,2026_07,unverified,2026-07-01
08716.020,08716,25,Gò Nọi,Tổ dân phố Gò Nọi,tổ dân phố,go_noi,20,2026_07,unverified,2026-07-01
08716.021,08716,25,Hán Lữ,Tổ dân phố Hán Lữ,tổ dân phố,han_lu,21,2026_07,unverified,2026-07-01
08716.022,08716,25,Khai Quang,Tổ dân phố Khai Quang,tổ dân phố,khai_quang,22,2026_07,unverified,2026-07-01
08716.023,08716,25,Bầu,Tổ dân phố Bầu,tổ dân phố,bau,23,2026_07,unverified,2026-07-01
08716.024,08716,25,Thủy,Tổ dân phố Thủy,tổ dân phố,thuy,24,2026_07,unverified,2026-07-01
08716.025,08716,25,Liên Bảo,Tổ dân phố Liên Bảo,tổ dân phố,lien_bao,25,2026_07,unverified,2026-07-01
08716.026,08716,25,Mậu Lâm,Tổ dân phố Mậu Lâm,tổ dân phố,mau_lam,26,2026_07,unverified,2026-07-01
08716.027,08716,25,Mậu Thông,Tổ dân phố Mậu Thông,tổ dân phố,mau_thong,27,2026_07,unverified,2026-07-01
08716.028,08716,25,Mê Linh,Tổ dân phố Mê Linh,tổ dân phố,me_linh,28,2026_07,unverified,2026-07-01
08716.029,08716,25,Minh Quyết,Tổ dân phố Minh Quyết,tổ dân phố,minh_quyet,29,2026_07,unverified,2026-07-01
08716.030,08716,25,Ngô Quyền,Tổ dân phố Ngô Quyền,tổ dân phố,ngo_quyen,30,2026_07,unverified,2026-07-01
08716.031,08716,25,Nguyễn Viết Xuân,Tổ dân phố Nguyễn Viết Xuân,tổ dân phố,nguyen_viet_xuan,31,2026_07,unverified,2026-07-01
08716.032,08716,25,Thanh Giã,Tổ dân phố Thanh Giã,tổ dân phố,thanh_gia,32,2026_07,unverified,2026-07-01
08716.033,08716,25,Tô Hiệu,Tổ dân phố Tô Hiệu,tổ dân phố,to_hieu,33,2026_07,unverified,2026-07-01
08716.034,08716,25,Trại Giao,Tổ dân phố Trại Giao,tổ dân phố,trai_giao,34,2026_07,unverified,2026-07-01
08716.035,08716,25,Trần Phú,Tổ dân phố Trần Phú,tổ dân phố,tran_phu,35,2026_07,unverified,2026-07-01
08716.036,08716,25,Trần Quốc Toản,Tổ dân phố Trần Quốc Toản,tổ dân phố,tran_quoc_toan,36,2026_07,unverified,2026-07-01
08716.037,08716,25,Trần Quốc Tuấn,Tổ dân phố Trần Quốc Tuấn,tổ dân phố,tran_quoc_tuan,37,2026_07,unverified,2026-07-01
08716.038,08716,25,Vẽn,Tổ dân phố Vẽn,tổ dân phố,ven,38,2026_07,unverified,2026-07-01
08716.039,08716,25,Vinh Thịnh Đông,Tổ dân phố Vinh Thịnh Đông,tổ dân phố,vinh_thinh_dong,39,2026_07,unverified,2026-07-01
08716.040,08716,25,Vinh Thịnh Tây,Tổ dân phố Vinh Thịnh Tây,tổ dân phố,vinh_thinh_tay,40,2026_07,unverified,2026-07-01
08716.041,08716,25,Vĩnh Thành,Tổ dân phố Vĩnh Thành,tổ dân phố,vinh_thanh,41,2026_07,unverified,2026-07-01
08740.001,08740,25,Đại Tân,Tổ dân phố Đại Tân,tổ dân phố,dai_tan,1,2026_07,unverified,2026-07-01
08740.002,08740,25,Đạm Nội,Tổ dân phố Đạm Nội,tổ dân phố,dam_noi,2,2026_07,unverified,2026-07-01
08740.003,08740,25,1 – Hùng Vương,Tổ dân phố 1 – Hùng Vương,tổ dân phố,1_hung_vuong,3,2026_07,unverified,2026-07-01
08740.004,08740,25,2 – Hùng Vương,Tổ dân phố 2 – Hùng Vương,tổ dân phố,2_hung_vuong,4,2026_07,unverified,2026-07-01
08740.005,08740,25,3 – Hùng Vương,Tổ dân phố 3 – Hùng Vương,tổ dân phố,3_hung_vuong,5,2026_07,unverified,2026-07-01
08740.006,08740,25,4 – Hùng Vương,Tổ dân phố 4 – Hùng Vương,tổ dân phố,4_hung_vuong,6,2026_07,unverified,2026-07-01
08740.007,08740,25,Khả Do 1,Tổ dân phố Khả Do 1,tổ dân phố,kha_do_1,7,2026_07,unverified,2026-07-01
08740.008,08740,25,Khả Do 2,Tổ dân phố Khả Do 2,tổ dân phố,kha_do_2,8,2026_07,unverified,2026-07-01
08740.009,08740,25,Kim Xuyên,Tổ dân phố Kim Xuyên,tổ dân phố,kim_xuyen,9,2026_07,unverified,2026-07-01
08740.010,08740,25,Nam Viêm,Tổ dân phố Nam Viêm,tổ dân phố,nam_viem,10,2026_07,unverified,2026-07-01
08740.011,08740,25,Phúc Thắng,Tổ dân phố Phúc Thắng,tổ dân phố,phuc_thang,11,2026_07,unverified,2026-07-01
08740.012,08740,25,Tiên Thịnh,Tổ dân phố Tiên Thịnh,tổ dân phố,tien_thinh,12,2026_07,unverified,2026-07-01
08740.013,08740,25,Tiền Châu,Tổ dân phố Tiền Châu,tổ dân phố,tien_chau,13,2026_07,unverified,2026-07-01
08740.014,08740,25,1 – Trưng Nhị,Tổ dân phố 1 – Trưng Nhị,tổ dân phố,1_trung_nhi,14,2026_07,unverified,2026-07-01
08740.015,08740,25,2 – Trưng Nhị,Tổ dân phố 2 – Trưng Nhị,tổ dân phố,2_trung_nhi,15,2026_07,unverified,2026-07-01
08740.016,08740,25,3 – Trưng Nhị,Tổ dân phố 3 – Trưng Nhị,tổ dân phố,3_trung_nhi,16,2026_07,unverified,2026-07-01
08740.017,08740,25,4 – Trưng Nhị,Tổ dân phố 4 – Trưng Nhị,tổ dân phố,4_trung_nhi,17,2026_07,unverified,2026-07-01
08740.018,08740,25,1 – Trưng Trắc,Tổ dân phố 1 – Trưng Trắc,tổ dân phố,1_trung_trac,18,2026_07,unverified,2026-07-01
08740.019,08740,25,2 – Trưng Trắc,Tổ dân phố 2 – Trưng Trắc,tổ dân phố,2_trung_trac,19,2026_07,unverified,2026-07-01
08740.020,08740,25,3 – Trưng Trắc,Tổ dân phố 3 – Trưng Trắc,tổ dân phố,3_trung_trac,20,2026_07,unverified,2026-07-01
08740.021,08740,25,4 – Trưng Trắc,Tổ dân phố 4 – Trưng Trắc,tổ dân phố,4_trung_trac,21,2026_07,unverified,2026-07-01
08740.022,08740,25,5 – Trưng Trắc,Tổ dân phố 5 – Trưng Trắc,tổ dân phố,5_trung_trac,22,2026_07,unverified,2026-07-01
08740.023,08740,25,Xuân Mai,Tổ dân phố Xuân Mai,tổ dân phố,xuan_mai,23,2026_07,unverified,2026-07-01
08740.024,08740,25,Xuân Phương,Tổ dân phố Xuân Phương,tổ dân phố,xuan_phuong,24,2026_07,unverified,2026-07-01
08740.025,08740,25,Xuân Thượng,Tổ dân phố Xuân Thượng,tổ dân phố,xuan_thuong,25,2026_07,unverified,2026-07-01
08746.001,08746,25,An Đồng,Tổ dân phố An Đồng,tổ dân phố,an_dong,1,2026_07,unverified,2026-07-01
08746.002,08746,25,Bảo An,Tổ dân phố Bảo An,tổ dân phố,bao_an,2,2026_07,unverified,2026-07-01
08746.003,08746,25,Cao Quang,Tổ dân phố Cao Quang,tổ dân phố,cao_quang,3,2026_07,unverified,2026-07-01
08746.004,08746,25,Đại Quang,Tổ dân phố Đại Quang,tổ dân phố,dai_quang,4,2026_07,unverified,2026-07-01
08746.005,08746,25,Đồng Chằm,Tổ dân phố Đồng Chằm,tổ dân phố,dong_cham,5,2026_07,unverified,2026-07-01
08746.006,08746,25,Đồng Quỳ,Tổ dân phố Đồng Quỳ,tổ dân phố,dong_quy,6,2026_07,unverified,2026-07-01
08746.007,08746,25,Đồng Xuân,Tổ dân phố Đồng Xuân,tổ dân phố,dong_xuan,7,2026_07,unverified,2026-07-01
08746.008,08746,25,Đức Cung,Tổ dân phố Đức Cung,tổ dân phố,duc_cung,8,2026_07,unverified,2026-07-01
08746.009,08746,25,Hiển Lễ,Tổ dân phố Hiển Lễ,tổ dân phố,hien_le,9,2026_07,unverified,2026-07-01
08746.010,08746,25,Hòa Bình,Tổ dân phố Hòa Bình,tổ dân phố,hoa_binh,10,2026_07,unverified,2026-07-01
08746.011,08746,25,Lập Đinh,Tổ dân phố Lập Đinh,tổ dân phố,lap_dinh,11,2026_07,unverified,2026-07-01
08746.012,08746,25,Miếu Gỗ,Tổ dân phố Miếu Gỗ,tổ dân phố,mieu_go,12,2026_07,unverified,2026-07-01
08746.013,08746,25,Ngọc Thanh,Tổ dân phố Ngọc Thanh,tổ dân phố,ngoc_thanh,13,2026_07,unverified,2026-07-01
08746.014,08746,25,Quyết Thắng,Tổ dân phố Quyết Thắng,tổ dân phố,quyet_thang,14,2026_07,unverified,2026-07-01
08746.015,08746,25,Sơn Đồng,Tổ dân phố Sơn Đồng,tổ dân phố,son_dong,15,2026_07,unverified,2026-07-01
08746.016,08746,25,Thanh Bình,Tổ dân phố Thanh Bình,tổ dân phố,thanh_binh,16,2026_07,unverified,2026-07-01
08746.017,08746,25,Thanh Lộc,Tổ dân phố Thanh Lộc,tổ dân phố,thanh_loc,17,2026_07,unverified,2026-07-01
08746.018,08746,25,Thắng Lợi,Tổ dân phố Thắng Lợi,tổ dân phố,thang_loi,18,2026_07,unverified,2026-07-01
08746.019,08746,25,Thống Nhất,Tổ dân phố Thống Nhất,tổ dân phố,thong_nhat,19,2026_07,unverified,2026-07-01
08746.020,08746,25,Xuân Hòa 1,Tổ dân phố Xuân Hòa 1,tổ dân phố,xuan_hoa_1,20,2026_07,unverified,2026-07-01
08746.021,08746,25,Xuân Hòa 2,Tổ dân phố Xuân Hòa 2,tổ dân phố,xuan_hoa_2,21,2026_07,unverified,2026-07-01
08746.022,08746,25,Yên Điềm,Tổ dân phố Yên Điềm,tổ dân phố,yen_diem,22,2026_07,unverified,2026-07-01
08746.023,08746,25,Yên Mỹ,Tổ dân phố Yên Mỹ,tổ dân phố,yen_my,23,2026_07,unverified,2026-07-01
08761.001,08761,25,Hậu,Thôn Hậu,thôn,hau,1,truoc_2026_07,unverified,
08761.002,08761,25,Bồ Tỉnh,Thôn Bồ Tỉnh,thôn,bo_tinh,2,truoc_2026_07,unverified,
08761.003,08761,25,Cầu Thao,Thôn Cầu Thao,thôn,cau_thao,3,truoc_2026_07,unverified,
08761.004,08761,25,Con Voi,Thôn Con Voi,thôn,con_voi,4,truoc_2026_07,unverified,
08761.005,08761,25,Dầu,Thôn Dầu,thôn,dau,5,truoc_2026_07,unverified,
08761.006,08761,25,Diễu,Thôn Diễu,thôn,dieu,6,truoc_2026_07,unverified,
08761.007,08761,25,Đình Thắng,Thôn Đình Thắng,thôn,dinh_thang,7,truoc_2026_07,unverified,
08761.008,08761,25,Đồng Chủ,Thôn Đồng Chủ,thôn,dong_chu,8,truoc_2026_07,unverified,
08761.009,08761,25,Đồng Núi,Thôn Đồng Núi,thôn,dong_nui,9,truoc_2026_07,unverified,
08761.010,08761,25,Đồng Quyền,Thôn Đồng Quyền,thôn,dong_quyen,10,truoc_2026_07,unverified,
08761.011,08761,25,Gằm,Thôn Gằm,thôn,gam,11,truoc_2026_07,unverified,
08761.012,08761,25,Gia Hòa,Thôn Gia Hòa,thôn,gia_hoa,12,truoc_2026_07,unverified,
08761.013,08761,25,Guồng,Thôn Guồng,thôn,guong,13,truoc_2026_07,unverified,
08761.014,08761,25,Hoàng Sơn,Thôn Hoàng Sơn,thôn,hoang_son,14,truoc_2026_07,unverified,
08761.015,08761,25,Hòa Phong,Thôn Hòa Phong,thôn,hoa_phong,15,truoc_2026_07,unverified,
08761.016,08761,25,Hồng Thái,Thôn Hồng Thái,thôn,hong_thai,16,truoc_2026_07,unverified,
08761.017,08761,25,Hưng Thịnh,Thôn Hưng Thịnh,thôn,hung_thinh,17,truoc_2026_07,unverified,
08761.018,08761,25,Khâu,Thôn Khâu,thôn,khau,18,truoc_2026_07,unverified,
08761.019,08761,25,Long Cương,Thôn Long Cương,thôn,long_cuong,19,truoc_2026_07,unverified,
08761.020,08761,25,Ngọc Hoa,Thôn Ngọc Hoa,thôn,ngoc_hoa,20,truoc_2026_07,unverified,
08761.021,08761,25,Núi Ngọc,Thôn Núi Ngọc,thôn,nui_ngoc,21,truoc_2026_07,unverified,
08761.022,08761,25,Nứa,Thôn Nứa,thôn,nua,22,truoc_2026_07,unverified,
08761.023,08761,25,Phao Tràng,Thôn Phao Tràng,thôn,phao_trang,23,truoc_2026_07,unverified,
08761.024,08761,25,Phú Chiền,Thôn Phú Chiền,thôn,phu_chien,24,truoc_2026_07,unverified,
08761.025,08761,25,Phú Lâm,Thôn Phú Lâm,thôn,phu_lam,25,truoc_2026_07,unverified,
08761.026,08761,25,Phú Thượng,Thôn Phú Thượng,thôn,phu_thuong,26,truoc_2026_07,unverified,
08761.027,08761,25,Sau Ga,Thôn Sau Ga,thôn,sau_ga,27,truoc_2026_07,unverified,
08761.028,08761,25,Song Vân,Thôn Song Vân,thôn,song_van,28,truoc_2026_07,unverified,
08761.029,08761,25,Rừng Chám,Thôn Rừng Chám,thôn,rung_cham,29,truoc_2026_07,unverified,
08761.030,08761,25,Rừng Chũng,Thôn Rừng Chũng,thôn,rung_chung,30,truoc_2026_07,unverified,
08761.031,08761,25,Tam Phú,Thôn Tam Phú,thôn,tam_phu,31,truoc_2026_07,unverified,
08761.032,08761,25,Tân Chiền,Thôn Tân Chiền,thôn,tan_chien,32,truoc_2026_07,unverified,
08761.033,08761,25,Tân Phú,Thôn Tân Phú,thôn,tan_phu,33,truoc_2026_07,unverified,
08761.034,08761,25,Thành Công,Thôn Thành Công,thôn,thanh_cong,34,truoc_2026_07,unverified,
08761.035,08761,25,Thành Lập,Thôn Thành Lập,thôn,thanh_lap,35,truoc_2026_07,unverified,
08761.036,08761,25,Thống Nhất,Thôn Thống Nhất,thôn,thong_nhat,36,truoc_2026_07,unverified,
08761.037,08761,25,Văn Lãm,Thôn Văn Lãm,thôn,van_lam,37,truoc_2026_07,unverified,
08761.038,08761,25,Văn Sơn,Thôn Văn Sơn,thôn,van_son,38,truoc_2026_07,unverified,
08761.039,08761,25,Vằng,Thôn Vằng,thôn,vang,39,truoc_2026_07,unverified,
08761.040,08761,25,Vân Nam,Thôn Vân Nam,thôn,van_nam,40,truoc_2026_07,unverified,
08761.041,08761,25,Vân Trục,Thôn Vân Trục,thôn,van_truc,41,truoc_2026_07,unverified,
08761.042,08761,25,Vinh Hoa,Thôn Vinh Hoa,thôn,vinh_hoa,42,truoc_2026_07,unverified,
08761.043,08761,25,Vĩnh Thịnh,Thôn Vĩnh Thịnh,thôn,vinh_thinh,43,truoc_2026_07,unverified,
08761.044,08761,25,Xuân Phong,Thôn Xuân Phong,thôn,xuan_phong,44,truoc_2026_07,unverified,
08761.045,08761,25,Xuân Trạch,Thôn Xuân Trạch,thôn,xuan_trach,45,truoc_2026_07,unverified,
08770.001,08770,25,Ba Trung,Thôn Ba Trung,thôn,ba_trung,1,truoc_2026_07,unverified,
08770.002,08770,25,Bỉnh Ri,Thôn Bỉnh Ri,thôn,binh_ri,2,truoc_2026_07,unverified,
08770.003,08770,25,Cầu Dưới,Thôn Cầu Dưới,thôn,cau_duoi,3,truoc_2026_07,unverified,
08770.004,08770,25,Cầu Giát,Thôn Cầu Giát,thôn,cau_giat,4,truoc_2026_07,unverified,
08770.005,08770,25,Cầu Trên,Thôn Cầu Trên,thôn,cau_tren,5,truoc_2026_07,unverified,
08770.006,08770,25,Cương,Thôn Cương,thôn,cuong,6,truoc_2026_07,unverified,
08770.007,08770,25,Đồng Ái,Thôn Đồng Ái,thôn,dong_ai,7,truoc_2026_07,unverified,
08770.008,08770,25,Độc Lập,Thôn Độc Lập,thôn,doc_lap,8,truoc_2026_07,unverified,
08770.009,08770,25,Han,Thôn Han,thôn,han,9,truoc_2026_07,unverified,
08770.010,08770,25,Hạ,Thôn Hạ,thôn,ha,10,truoc_2026_07,unverified,
08770.011,08770,25,Hòa Loan,Thôn Hòa Loan,thôn,hoa_loan,11,truoc_2026_07,unverified,
08770.012,08770,25,Kiên Đình,Thôn Kiên Đình,thôn,kien_dinh,12,truoc_2026_07,unverified,
08770.013,08770,25,Minh Sơn,Thôn Minh Sơn,thôn,minh_son,13,truoc_2026_07,unverified,
08770.014,08770,25,Nghệ Oản Trung,Thôn Nghệ Oản Trung,thôn,nghe_oan_trung,14,truoc_2026_07,unverified,
08770.015,08770,25,Ngọc,Thôn Ngọc,thôn,ngoc,15,truoc_2026_07,unverified,
08770.016,08770,25,Ngọc Kỳ,Thôn Ngọc Kỳ,thôn,ngoc_ky,16,truoc_2026_07,unverified,
08770.017,08770,25,Ngọc Sơn,Thôn Ngọc Sơn,thôn,ngoc_son,17,truoc_2026_07,unverified,
08770.018,08770,25,Phú Cường,Thôn Phú Cường,thôn,phu_cuong,18,truoc_2026_07,unverified,
08770.019,08770,25,Quảng Cư,Thôn Quảng Cư,thôn,quang_cu,19,truoc_2026_07,unverified,
08770.020,08770,25,Quế Miêng,Thôn Quế Miêng,thôn,que_mieng,20,truoc_2026_07,unverified,
08770.021,08770,25,Sơn Kịch,Thôn Sơn Kịch,thôn,son_kich,21,truoc_2026_07,unverified,
08770.022,08770,25,Tân Cương,Thôn Tân Cương,thôn,tan_cuong,22,truoc_2026_07,unverified,
08770.023,08770,25,Tân Lập,Thôn Tân Lập,thôn,tan_lap,23,truoc_2026_07,unverified,
08770.024,08770,25,Thọ Linh,Thôn Thọ Linh,thôn,tho_linh,24,truoc_2026_07,unverified,
08770.025,08770,25,Trại Chuối,Thôn Trại Chuối,thôn,trai_chuoi,25,truoc_2026_07,unverified,
08770.026,08770,25,Trại Diên,Thôn Trại Diên,thôn,trai_dien,26,truoc_2026_07,unverified,
08770.027,08770,25,Tùy Sơn,Thôn Tùy Sơn,thôn,tuy_son,27,truoc_2026_07,unverified,
08770.028,08770,25,Văn Trưng,Thôn Văn Trưng,thôn,van_trung,28,truoc_2026_07,unverified,
08773.001,08773,25,Đá Đen,Thôn Đá Đen,thôn,da_den,1,truoc_2026_07,unverified,
08773.002,08773,25,Đá Đứng,Thôn Đá Đứng,thôn,da_dung,2,truoc_2026_07,unverified,
08773.003,08773,25,Đoàn Kết,Thôn Đoàn Kết,thôn,doan_ket,3,truoc_2026_07,unverified,
08773.004,08773,25,Đồng Dạ,Thôn Đồng Dạ,thôn,dong_da,4,truoc_2026_07,unverified,
08773.005,08773,25,Đồng Dong,Thôn Đồng Dong,thôn,dong_dong,5,truoc_2026_07,unverified,
08773.006,08773,25,Đồng Nùng,Thôn Đồng Nùng,thôn,dong_nung,6,truoc_2026_07,unverified,
08773.007,08773,25,Đồng Tâm,Thôn Đồng Tâm,thôn,dong_tam,7,truoc_2026_07,unverified,
08773.008,08773,25,Đức Thịnh,Thôn Đức Thịnh,thôn,duc_thinh,8,truoc_2026_07,unverified,
08773.009,08773,25,Hoành Sơn,Thôn Hoành Sơn,thôn,hoanh_son,9,truoc_2026_07,unverified,
08773.010,08773,25,Lãng Sơn,Thôn Lãng Sơn,thôn,lang_son,10,truoc_2026_07,unverified,
08773.011,08773,25,Lý Nhân,Thôn Lý Nhân,thôn,ly_nhan,11,truoc_2026_07,unverified,
08773.012,08773,25,Minh Tân,Thôn Minh Tân,thôn,minh_tan,12,truoc_2026_07,unverified,
08773.013,08773,25,Phú Cường,Thôn Phú Cường,thôn,phu_cuong,13,truoc_2026_07,unverified,
08773.014,08773,25,Quang Viễn,Thôn Quang Viễn,thôn,quang_vien,14,truoc_2026_07,unverified,
08773.015,08773,25,Tam Đa,Thôn Tam Đa,thôn,tam_da,15,truoc_2026_07,unverified,
08773.016,08773,25,Thành Công,Thôn Thành Công,thôn,thanh_cong,16,truoc_2026_07,unverified,
08773.017,08773,25,Thống Nhất,Thôn Thống Nhất,thôn,thong_nhat,17,truoc_2026_07,unverified,
08773.018,08773,25,Trường Xuân,Thôn Trường Xuân,thôn,truong_xuan,18,truoc_2026_07,unverified,
08773.019,08773,25,Mới,Thôn Mới,thôn,moi,19,truoc_2026_07,unverified,
08773.020,08773,25,Yên Sơn,Thôn Yên Sơn,thôn,yen_son,20,truoc_2026_07,unverified,
08773.021,08773,25,Yên Thiết,Thôn Yên Thiết,thôn,yen_thiet,21,truoc_2026_07,unverified,
08782.001,08782,25,Hồng Đường,Thôn Hồng Đường,thôn,hong_duong,1,2026_07,primary,2026-07-01
08782.002,08782,25,Anh Dũng,Thôn Anh Dũng,thôn,anh_dung,2,2026_07,primary,2026-07-01
08782.003,08782,25,Hùng Mạnh,Thôn Hùng Mạnh,thôn,hung_manh,3,2026_07,primary,2026-07-01
08782.004,08782,25,Đồng Dừa,Thôn Đồng Dừa,thôn,dong_dua,4,2026_07,primary,2026-07-01
08782.005,08782,25,Đồng Tâm,Thôn Đồng Tâm,thôn,dong_tam,5,2026_07,primary,2026-07-01
08782.006,08782,25,Thắng Lợi,Thôn Thắng Lợi,thôn,thang_loi,6,2026_07,primary,2026-07-01
08782.007,08782,25,Thượng,Thôn Thượng,thôn,thuong,7,2026_07,primary,2026-07-01
08782.008,08782,25,Hạ,Thôn Hạ,thôn,ha,8,2026_07,primary,2026-07-01
08782.009,08782,25,Hoà Bình,Thôn Hoà Bình,thôn,hoa_binh,9,2026_07,primary,2026-07-01
08782.010,08782,25,Phương Ngạc,Thôn Phương Ngạc,thôn,phuong_ngac,10,2026_07,primary,2026-07-01
08782.011,08782,25,Đại Minh,Thôn Đại Minh,thôn,dai_minh,11,2026_07,primary,2026-07-01
08782.012,08782,25,Quyết Tiến,Thôn Quyết Tiến,thôn,quyet_tien,12,2026_07,primary,2026-07-01
08782.013,08782,25,Đại Nghĩa,Thôn Đại Nghĩa,thôn,dai_nghia,13,2026_07,primary,2026-07-01
08782.014,08782,25,Minh Tân,Thôn Minh Tân,thôn,minh_tan,14,2026_07,primary,2026-07-01
08782.015,08782,25,Len,Thôn Len,thôn,len,15,2026_07,primary,2026-07-01
08782.016,08782,25,Dân Chủ,Thôn Dân Chủ,thôn,dan_chu,16,2026_07,primary,2026-07-01
08782.017,08782,25,Trung Kiên,Thôn Trung Kiên,thôn,trung_kien,17,2026_07,primary,2026-07-01
08782.018,08782,25,Khoan Bộ,Thôn Khoan Bộ,thôn,khoan_bo,18,2026_07,primary,2026-07-01
08782.019,08782,25,Chiến Thắng,Thôn Chiến Thắng,thôn,chien_thang,19,2026_07,primary,2026-07-01
08782.020,08782,25,Lê Lợi,Thôn Lê Lợi,thôn,le_loi,20,2026_07,primary,2026-07-01
08782.021,08782,25,Tiền Phong,Thôn Tiền Phong,thôn,tien_phong,21,2026_07,primary,2026-07-01
08782.022,08782,25,Liên Kết,Thôn Liên Kết,thôn,lien_ket,22,2026_07,primary,2026-07-01
08782.023,08782,25,Đôn Mục,Thôn Đôn Mục,thôn,don_muc,23,2026_07,primary,2026-07-01
08788.001,08788,25,Bắc Sơn,Thôn Bắc Sơn,thôn,bac_son,1,truoc_2026_07,unverified,
08788.002,08788,25,Bình Chỉ,Thôn Bình Chỉ,thôn,binh_chi,2,truoc_2026_07,unverified,
08788.003,08788,25,Bình Long,Thôn Bình Long,thôn,binh_long,3,truoc_2026_07,unverified,
08788.004,08788,25,Chùa Đại Lương,Thôn Chùa Đại Lương,thôn,chua_dai_luong,4,truoc_2026_07,unverified,
08788.005,08788,25,Dộc Mít,Thôn Dộc Mít,thôn,doc_mit,5,truoc_2026_07,unverified,
08788.006,08788,25,Dương Chỉ,Thôn Dương Chỉ,thôn,duong_chi,6,truoc_2026_07,unverified,
08788.007,08788,25,Đá Trắng,Thôn Đá Trắng,thôn,da_trang,7,truoc_2026_07,unverified,
08788.008,08788,25,Đại Lương,Thôn Đại Lương,thôn,dai_luong,8,truoc_2026_07,unverified,
08788.009,08788,25,Đền,Thôn Đền,thôn,den,9,truoc_2026_07,unverified,
08788.010,08788,25,Đình Tre,Thôn Đình Tre,thôn,dinh_tre,10,truoc_2026_07,unverified,
08788.011,08788,25,Đông Định,Thôn Đông Định,thôn,dong_dinh,11,truoc_2026_07,unverified,
08788.012,08788,25,Đồng Làng,Thôn Đồng Làng,thôn,dong_lang,12,truoc_2026_07,unverified,
08788.013,08788,25,Đồng Ngõa,Thôn Đồng Ngõa,thôn,dong_ngoa,13,truoc_2026_07,unverified,
08788.014,08788,25,Gò Giềng,Thôn Gò Giềng,thôn,go_gieng,14,truoc_2026_07,unverified,
08788.015,08788,25,Hoàng Chỉ,Thôn Hoàng Chỉ,thôn,hoang_chi,15,truoc_2026_07,unverified,
08788.016,08788,25,Hồng Phong,Thôn Hồng Phong,thôn,hong_phong,16,truoc_2026_07,unverified,
08788.017,08788,25,Hữu Phúc,Thôn Hữu Phúc,thôn,huu_phuc,17,truoc_2026_07,unverified,
08788.018,08788,25,Sen,Thôn Sen,thôn,sen,18,truoc_2026_07,unverified,
08788.019,08788,25,Ngọc Hà,Thôn Ngọc Hà,thôn,ngoc_ha,19,truoc_2026_07,unverified,
08788.020,08788,25,Phú Xuân,Thôn Phú Xuân,thôn,phu_xuan,20,truoc_2026_07,unverified,
08788.021,08788,25,Rừng Khảng,Thôn Rừng Khảng,thôn,rung_khang,21,truoc_2026_07,unverified,
08788.022,08788,25,Sen Hồ,Thôn Sen Hồ,thôn,sen_ho,22,truoc_2026_07,unverified,
08788.023,08788,25,Tây Sơn,Thôn Tây Sơn,thôn,tay_son,23,truoc_2026_07,unverified,
08788.024,08788,25,Thản Sơn,Thôn Thản Sơn,thôn,than_son,24,truoc_2026_07,unverified,
08788.025,08788,25,Thắng Lợi,Thôn Thắng Lợi,thôn,thang_loi,25,truoc_2026_07,unverified,
08788.026,08788,25,Vinh Phú,Thôn Vinh Phú,thôn,vinh_phu,26,truoc_2026_07,unverified,
08788.027,08788,25,Vinh Quang,Thôn Vinh Quang,thôn,vinh_quang,27,truoc_2026_07,unverified,
08788.028,08788,25,Xuân Bái,Thôn Xuân Bái,thôn,xuan_bai,28,truoc_2026_07,unverified,
08788.029,08788,25,Yên Thích,Thôn Yên Thích,thôn,yen_thich,29,truoc_2026_07,unverified,
08812.001,08812,25,Bồ Thầy,Thôn Bồ Thầy,thôn,bo_thay,1,truoc_2026_07,unverified,
08812.002,08812,25,Cộng Hòa,Thôn Cộng Hòa,thôn,cong_hoa,2,truoc_2026_07,unverified,
08812.003,08812,25,Đông Lai,Thôn Đông Lai,thôn,dong_lai,3,truoc_2026_07,unverified,
08812.004,08812,25,Hoa Giang,Thôn Hoa Giang,thôn,hoa_giang,4,truoc_2026_07,unverified,
08812.005,08812,25,Hoa Lư,Thôn Hoa Lư,thôn,hoa_lu,5,truoc_2026_07,unverified,
08812.006,08812,25,Hòa Bình,Thôn Hòa Bình,thôn,hoa_binh,6,truoc_2026_07,unverified,
08812.007,08812,25,Bến,Thôn Bến,thôn,ben,7,truoc_2026_07,unverified,
08812.008,08812,25,Ngọc Liễn,Thôn Ngọc Liễn,thôn,ngoc_lien,8,truoc_2026_07,unverified,
08812.009,08812,25,Phú Cả,Thôn Phú Cả,thôn,phu_ca,9,truoc_2026_07,unverified,
08812.010,08812,25,Phú Khánh,Thôn Phú Khánh,thôn,phu_khanh,10,truoc_2026_07,unverified,
08812.011,08812,25,Phú Ninh,Thôn Phú Ninh,thôn,phu_ninh,11,truoc_2026_07,unverified,
08812.012,08812,25,Phú Thụ,Thôn Phú Thụ,thôn,phu_thu,12,truoc_2026_07,unverified,
08812.013,08812,25,Quảng Khuân,Thôn Quảng Khuân,thôn,quang_khuan,13,truoc_2026_07,unverified,
08812.014,08812,25,Tây Hạ Đông,Thôn Tây Hạ Đông,thôn,tay_ha_dong,14,truoc_2026_07,unverified,
08812.015,08812,25,Tây Hạ Nam,Thôn Tây Hạ Nam,thôn,tay_ha_nam,15,truoc_2026_07,unverified,
08812.016,08812,25,Tây Thượng,Thôn Tây Thượng,thôn,tay_thuong,16,truoc_2026_07,unverified,
08812.017,08812,25,Thái Bình,Thôn Thái Bình,thôn,thai_binh,17,truoc_2026_07,unverified,
08812.018,08812,25,Thượng Đạt,Thôn Thượng Đạt,thôn,thuong_dat,18,truoc_2026_07,unverified,
08812.019,08812,25,Trụ Thạch,Thôn Trụ Thạch,thôn,tru_thach,19,truoc_2026_07,unverified,
08812.020,08812,25,Xích Thổ,Thôn Xích Thổ,thôn,xich_tho,20,truoc_2026_07,unverified,
08812.021,08812,25,Xuân Me,Thôn Xuân Me,thôn,xuan_me,21,truoc_2026_07,unverified,
08824.001,08824,25,Bình Lạc,Thôn Bình Lạc,thôn,binh_lac,1,truoc_2026_07,unverified,
08824.002,08824,25,Bình Sơn,Thôn Bình Sơn,thôn,binh_son,2,truoc_2026_07,unverified,
08824.003,08824,25,Cầu Gạo,Thôn Cầu Gạo,thôn,cau_gao,3,truoc_2026_07,unverified,
08824.004,08824,25,Cẩm Bình,Thôn Cẩm Bình,thôn,cam_binh,4,truoc_2026_07,unverified,
08824.005,08824,25,Cửa Ngòi,Thôn Cửa Ngòi,thôn,cua_ngoi,5,truoc_2026_07,unverified,
08824.006,08824,25,Đoàn Kết,Thôn Đoàn Kết,thôn,doan_ket,6,truoc_2026_07,unverified,
08824.007,08824,25,Đồng Mùi,Thôn Đồng Mùi,thôn,dong_mui,7,truoc_2026_07,unverified,
08824.008,08824,25,Đồng Sinh,Thôn Đồng Sinh,thôn,dong_sinh,8,truoc_2026_07,unverified,
08824.009,08824,25,Đồng Văn,Thôn Đồng Văn,thôn,dong_van,9,truoc_2026_07,unverified,
08824.010,08824,25,Hoa Cao,Thôn Hoa Cao,thôn,hoa_cao,10,truoc_2026_07,unverified,
08824.011,08824,25,Hưng Đạo,Thôn Hưng Đạo,thôn,hung_dao,11,truoc_2026_07,unverified,
08824.012,08824,25,Lạc Kiều,Thôn Lạc Kiều,thôn,lac_kieu,12,truoc_2026_07,unverified,
08824.013,08824,25,Liên Sơn,Thôn Liên Sơn,thôn,lien_son,13,truoc_2026_07,unverified,
08824.014,08824,25,Lũng Gì,Thôn Lũng Gì,thôn,lung_gi,14,truoc_2026_07,unverified,
08824.015,08824,25,Ngọc Đèn,Thôn Ngọc Đèn,thôn,ngoc_den,15,truoc_2026_07,unverified,
08824.016,08824,25,Ngọc Sơn,Thôn Ngọc Sơn,thôn,ngoc_son,16,truoc_2026_07,unverified,
08824.017,08824,25,Như Sơn,Thôn Như Sơn,thôn,nhu_son,17,truoc_2026_07,unverified,
08824.018,08824,25,Quế Nham,Thôn Quế Nham,thôn,que_nham,18,truoc_2026_07,unverified,
08824.019,08824,25,Quế Trạo A,Thôn Quế Trạo A,thôn,que_trao_a,19,truoc_2026_07,unverified,
08824.020,08824,25,Quế Trạo B,Thôn Quế Trạo B,thôn,que_trao_b,20,truoc_2026_07,unverified,
08824.021,08824,25,Sơn Cầu,Thôn Sơn Cầu,thôn,son_cau,21,truoc_2026_07,unverified,
08824.022,08824,25,Tân Sơn,Thôn Tân Sơn,thôn,tan_son,22,truoc_2026_07,unverified,
08824.023,08824,25,Thanh Tú,Thôn Thanh Tú,thôn,thanh_tu,23,truoc_2026_07,unverified,
08824.024,08824,25,Then,Thôn Then,thôn,then,24,truoc_2026_07,unverified,
08824.025,08824,25,Thụy Điền,Thôn Thụy Điền,thôn,thuy_dien,25,truoc_2026_07,unverified,
08824.026,08824,25,Thụy Sơn,Thôn Thụy Sơn,thôn,thuy_son,26,truoc_2026_07,unverified,
08824.027,08824,25,Trung Sơn,Thôn Trung Sơn,thôn,trung_son,27,truoc_2026_07,unverified,
08824.028,08824,25,Vân Nhưng,Thôn Vân Nhưng,thôn,van_nhung,28,truoc_2026_07,unverified,
08824.029,08824,25,Xy,Thôn Xy,thôn,xy,29,truoc_2026_07,unverified,
08842.001,08842,25,Bì La,Thôn Bì La,thôn,bi_la,1,truoc_2026_07,unverified,
08842.002,08842,25,Chiến Thắng,Thôn Chiến Thắng,thôn,chien_thang,2,truoc_2026_07,unverified,
08842.003,08842,25,Cộng Hòa,Thôn Cộng Hòa,thôn,cong_hoa,3,truoc_2026_07,unverified,
08842.004,08842,25,Dộc,Thôn Dộc,thôn,doc,4,truoc_2026_07,unverified,
08842.005,08842,25,Đại Lữ,Thôn Đại Lữ,thôn,dai_lu,5,truoc_2026_07,unverified,
08842.006,08842,25,Đoàn Kết,Thôn Đoàn Kết,thôn,doan_ket,6,truoc_2026_07,unverified,
08842.007,08842,25,Đông Xuân,Thôn Đông Xuân,thôn,dong_xuan,7,truoc_2026_07,unverified,
08842.008,08842,25,Đồng Tâm,Thôn Đồng Tâm,thôn,dong_tam,8,truoc_2026_07,unverified,
08842.009,08842,25,Hạ Ích,Thôn Hạ Ích,thôn,ha_ich,9,truoc_2026_07,unverified,
08842.010,08842,25,Hoàng Chung,Thôn Hoàng Chung,thôn,hoang_chung,10,truoc_2026_07,unverified,
08842.011,08842,25,Lai Châu,Thôn Lai Châu,thôn,lai_chau,11,truoc_2026_07,unverified,
08842.012,08842,25,Lan Hùng,Thôn Lan Hùng,thôn,lan_hung,12,truoc_2026_07,unverified,
08842.013,08842,25,Liên Sơn,Thôn Liên Sơn,thôn,lien_son,13,truoc_2026_07,unverified,
08842.014,08842,25,Lục Thụ,Thôn Lục Thụ,thôn,luc_thu,14,truoc_2026_07,unverified,
08842.015,08842,25,Minh Khai,Thôn Minh Khai,thôn,minh_khai,15,truoc_2026_07,unverified,
08842.016,08842,25,Minh Trụ,Thôn Minh Trụ,thôn,minh_tru,16,truoc_2026_07,unverified,
08842.017,08842,25,Mới,Thôn Mới,thôn,moi,17,truoc_2026_07,unverified,
08842.018,08842,25,Mỹ Đức,Thôn Mỹ Đức,thôn,my_duc,18,truoc_2026_07,unverified,
08842.019,08842,25,Nam,Thôn Nam,thôn,nam,19,truoc_2026_07,unverified,
08842.020,08842,25,Nghĩa An,Thôn Nghĩa An,thôn,nghia_an,20,truoc_2026_07,unverified,
08842.021,08842,25,Nhật Tân,Thôn Nhật Tân,thôn,nhat_tan,21,truoc_2026_07,unverified,
08842.022,08842,25,Nương Ải,Thôn Nương Ải,thôn,nuong_ai,22,truoc_2026_07,unverified,
08842.023,08842,25,Quang Trung,Thôn Quang Trung,thôn,quang_trung,23,truoc_2026_07,unverified,
08842.024,08842,25,Quẵng,Thôn Quẵng,thôn,quang,24,truoc_2026_07,unverified,
08842.025,08842,25,Sơn Bình,Thôn Sơn Bình,thôn,son_binh,25,truoc_2026_07,unverified,
08842.026,08842,25,Sơn Phùng,Thôn Sơn Phùng,thôn,son_phung,26,truoc_2026_07,unverified,
08842.027,08842,25,Tân Lập,Thôn Tân Lập,thôn,tan_lap,27,truoc_2026_07,unverified,
08842.028,08842,25,Tân Thành,Thôn Tân Thành,thôn,tan_thanh,28,truoc_2026_07,unverified,
08842.029,08842,25,Thi Đua,Thôn Thi Đua,thôn,thi_dua,29,truoc_2026_07,unverified,
08842.030,08842,25,Viên Luận,Thôn Viên Luận,thôn,vien_luan,30,truoc_2026_07,unverified,
08842.031,08842,25,Vinh Quang,Thôn Vinh Quang,thôn,vinh_quang,31,truoc_2026_07,unverified,
08842.032,08842,25,Vườn Tràng,Thôn Vườn Tràng,thôn,vuon_trang,32,truoc_2026_07,unverified,
08842.033,08842,25,Xuân Đán,Thôn Xuân Đán,thôn,xuan_dan,33,truoc_2026_07,unverified,
08842.034,08842,25,Xuân Phong,Thôn Xuân Phong,thôn,xuan_phong,34,truoc_2026_07,unverified,
08842.035,08842,25,Xuân Quang,Thôn Xuân Quang,thôn,xuan_quang,35,truoc_2026_07,unverified,
08848.001,08848,25,An Khang,Thôn An Khang,thôn,an_khang,1,truoc_2026_07,unverified,
08848.002,08848,25,Bằng Phú,Thôn Bằng Phú,thôn,bang_phu,2,truoc_2026_07,unverified,
08848.003,08848,25,Chiến Thắng,Thôn Chiến Thắng,thôn,chien_thang,3,truoc_2026_07,unverified,
08848.004,08848,25,Dương Thọ,Thôn Dương Thọ,thôn,duong_tho,4,truoc_2026_07,unverified,
08848.005,08848,25,Đại Thắng,Thôn Đại Thắng,thôn,dai_thang,5,truoc_2026_07,unverified,
08848.006,08848,25,Đoàn Kết,Thôn Đoàn Kết,thôn,doan_ket,6,truoc_2026_07,unverified,
08848.007,08848,25,Đồng Tâm,Thôn Đồng Tâm,thôn,dong_tam,7,truoc_2026_07,unverified,
08848.008,08848,25,Giáp Trung,Thôn Giáp Trung,thôn,giap_trung,8,truoc_2026_07,unverified,
08848.009,08848,25,Hiệp Lực,Thôn Hiệp Lực,thôn,hiep_luc,9,truoc_2026_07,unverified,
08848.010,08848,25,Hoa Mỹ,Thôn Hoa Mỹ,thôn,hoa_my,10,truoc_2026_07,unverified,
08848.011,08848,25,Khoái Thọ,Thôn Khoái Thọ,thôn,khoai_tho,11,truoc_2026_07,unverified,
08848.012,08848,25,Khoái Thượng,Thôn Khoái Thượng,thôn,khoai_thuong,12,truoc_2026_07,unverified,
08848.013,08848,25,Khoái Trung,Thôn Khoái Trung,thôn,khoai_trung,13,truoc_2026_07,unverified,
08848.014,08848,25,Lương Thịnh,Thôn Lương Thịnh,thôn,luong_thinh,14,truoc_2026_07,unverified,
08848.015,08848,25,Minh Khai,Thôn Minh Khai,thôn,minh_khai,15,truoc_2026_07,unverified,
08848.016,08848,25,Minh Tân,Thôn Minh Tân,thôn,minh_tan,16,truoc_2026_07,unverified,
08848.017,08848,25,Nam Giáp,Thôn Nam Giáp,thôn,nam_giap,17,truoc_2026_07,unverified,
08848.018,08848,25,Phú Cường,Thôn Phú Cường,thôn,phu_cuong,18,truoc_2026_07,unverified,
08848.019,08848,25,Phú Thượng,Thôn Phú Thượng,thôn,phu_thuong,19,truoc_2026_07,unverified,
08848.020,08848,25,Quyết Thắng,Thôn Quyết Thắng,thôn,quyet_thang,20,truoc_2026_07,unverified,
08848.021,08848,25,Sông Lô,Thôn Sông Lô,thôn,song_lo,21,truoc_2026_07,unverified,
08848.022,08848,25,Thiều Xuân,Thôn Thiều Xuân,thôn,thieu_xuan,22,truoc_2026_07,unverified,
08848.023,08848,25,Thống Nhất,Thôn Thống Nhất,thôn,thong_nhat,23,truoc_2026_07,unverified,
08848.024,08848,25,Thượng Trưng,Thôn Thượng Trưng,thôn,thuong_trung,24,truoc_2026_07,unverified,
08848.025,08848,25,Thượng Yên,Thôn Thượng Yên,thôn,thuong_yen,25,truoc_2026_07,unverified,
08848.026,08848,25,Tiến Bộ,Thôn Tiến Bộ,thôn,tien_bo,26,truoc_2026_07,unverified,
08848.027,08848,25,Tiền Phong,Thôn Tiền Phong,thôn,tien_phong,27,truoc_2026_07,unverified,
08848.028,08848,25,Vạn Thắng,Thôn Vạn Thắng,thôn,van_thang,28,truoc_2026_07,unverified,
08848.029,08848,25,Yên Bình,Thôn Yên Bình,thôn,yen_binh,29,truoc_2026_07,unverified,
08848.030,08848,25,Yên Kiều,Thôn Yên Kiều,thôn,yen_kieu,30,truoc_2026_07,unverified,
08848.031,08848,25,Yên Lương,Thôn Yên Lương,thôn,yen_luong,31,truoc_2026_07,unverified,
08848.032,08848,25,Yên Mỹ,Thôn Yên Mỹ,thôn,yen_my,32,truoc_2026_07,unverified,
08848.033,08848,25,Yên Phú,Thôn Yên Phú,thôn,yen_phu,33,truoc_2026_07,unverified,
08848.034,08848,25,Yên Thái,Thôn Yên Thái,thôn,yen_thai,34,truoc_2026_07,unverified,
08848.035,08848,25,Yên Tĩnh,Thôn Yên Tĩnh,thôn,yen_tinh,35,truoc_2026_07,unverified,
08866.001,08866,25,Ái Quốc,Thôn Ái Quốc,thôn,ai_quoc,1,truoc_2026_07,unverified,
08866.002,08866,25,Bắc Sơn,Thôn Bắc Sơn,thôn,bac_son,2,truoc_2026_07,unverified,
08866.003,08866,25,Bình Minh,Thôn Bình Minh,thôn,binh_minh,3,truoc_2026_07,unverified,
08866.004,08866,25,Cây Gạo,Thôn Cây Gạo,thôn,cay_gao,4,truoc_2026_07,unverified,
08866.005,08866,25,Cây Xanh,Thôn Cây Xanh,thôn,cay_xanh,5,truoc_2026_07,unverified,
08866.006,08866,25,Dùng,Thôn Dùng,thôn,dung,6,truoc_2026_07,unverified,
08866.007,08866,25,Đa Cai,Thôn Đa Cai,thôn,da_cai,7,truoc_2026_07,unverified,
08866.008,08866,25,Đạo Nội,Thôn Đạo Nội,thôn,dao_noi,8,truoc_2026_07,unverified,
08866.009,08866,25,Đẽn,Thôn Đẽn,thôn,den,9,truoc_2026_07,unverified,
08866.010,08866,25,Đoàn Thành,Thôn Đoàn Thành,thôn,doan_thanh,10,truoc_2026_07,unverified,
08866.011,08866,25,Đông Mật,Thôn Đông Mật,thôn,dong_mat,11,truoc_2026_07,unverified,
08866.012,08866,25,Đông Thịnh,Thôn Đông Thịnh,thôn,dong_thinh,12,truoc_2026_07,unverified,
08866.013,08866,25,Giang,Thôn Giang,thôn,giang,13,truoc_2026_07,unverified,
08866.014,08866,25,Giạn,Thôn Giạn,thôn,gian,14,truoc_2026_07,unverified,
08866.015,08866,25,Hạnh Phúc,Thôn Hạnh Phúc,thôn,hanh_phuc,15,truoc_2026_07,unverified,
08866.016,08866,25,Hùng Sơn,Thôn Hùng Sơn,thôn,hung_son,16,truoc_2026_07,unverified,
08866.017,08866,25,Hương Ngãi,Thôn Hương Ngãi,thôn,huong_ngai,17,truoc_2026_07,unverified,
08866.018,08866,25,Kim Sơn,Thôn Kim Sơn,thôn,kim_son,18,truoc_2026_07,unverified,
08866.019,08866,25,Kim Tiến,Thôn Kim Tiến,thôn,kim_tien,19,truoc_2026_07,unverified,
08866.020,08866,25,Lam Sơn,Thôn Lam Sơn,thôn,lam_son,20,truoc_2026_07,unverified,
08866.021,08866,25,Lũng Hòa,Thôn Lũng Hòa,thôn,lung_hoa,21,truoc_2026_07,unverified,
08866.022,08866,25,Mới,Thôn Mới,thôn,moi,22,truoc_2026_07,unverified,
08866.023,08866,25,Nam Hải,Thôn Nam Hải,thôn,nam_hai,23,truoc_2026_07,unverified,
08866.024,08866,25,Ngọc Vị,Thôn Ngọc Vị,thôn,ngoc_vi,24,truoc_2026_07,unverified,
08866.025,08866,25,Nông Xanh,Thôn Nông Xanh,thôn,nong_xanh,25,truoc_2026_07,unverified,
08866.026,08866,25,Phan Dư,Thôn Phan Dư,thôn,phan_du,26,truoc_2026_07,unverified,
08866.027,08866,25,Phan Lãng,Thôn Phan Lãng,thôn,phan_lang,27,truoc_2026_07,unverified,
08866.028,08866,25,Phấn Kiến,Thôn Phấn Kiến,thôn,phan_kien,28,truoc_2026_07,unverified,
08866.029,08866,25,Phú Hậu,Thôn Phú Hậu,thôn,phu_hau,29,truoc_2026_07,unverified,
08866.030,08866,25,Phú Hậu Thượng,Thôn Phú Hậu Thượng,thôn,phu_hau_thuong,30,truoc_2026_07,unverified,
08866.031,08866,25,Phú Hậu Trung,Thôn Phú Hậu Trung,thôn,phu_hau_trung,31,truoc_2026_07,unverified,
08866.032,08866,25,Quan Tử,Thôn Quan Tử,thôn,quan_tu,32,truoc_2026_07,unverified,
08866.033,08866,25,Sơn Phục,Thôn Sơn Phục,thôn,son_phuc,33,truoc_2026_07,unverified,
08866.034,08866,25,Suối,Thôn Suối,thôn,suoi,34,truoc_2026_07,unverified,
08866.035,08866,25,Tân Tiến,Thôn Tân Tiến,thôn,tan_tien,35,truoc_2026_07,unverified,
08866.036,08866,25,Thái Sơn,Thôn Thái Sơn,thôn,thai_son,36,truoc_2026_07,unverified,
08866.037,08866,25,Thành Công,Thôn Thành Công,thôn,thanh_cong,37,truoc_2026_07,unverified,
08866.038,08866,25,Tổ Gà,Thôn Tổ Gà,thôn,to_ga,38,truoc_2026_07,unverified,
08866.039,08866,25,Trung Kiên,Thôn Trung Kiên,thôn,trung_kien,39,truoc_2026_07,unverified,
08866.040,08866,25,Trung Thành,Thôn Trung Thành,thôn,trung_thanh,40,truoc_2026_07,unverified,
08866.041,08866,25,Vọng Sơn,Thôn Vọng Sơn,thôn,vong_son,41,truoc_2026_07,unverified,
08866.042,08866,25,Yên Bình,Thôn Yên Bình,thôn,yen_binh,42,truoc_2026_07,unverified,
08869.001,08869,25,Bầu Mới,Thôn Bầu Mới,thôn,bau_moi,1,truoc_2026_07,unverified,
08869.002,08869,25,Bồ Yên,Thôn Bồ Yên,thôn,bo_yen,2,truoc_2026_07,unverified,
08869.003,08869,25,Cao Hảo,Thôn Cao Hảo,thôn,cao_hao,3,truoc_2026_07,unverified,
08869.004,08869,25,Cẩm Trạch,Thôn Cẩm Trạch,thôn,cam_trach,4,truoc_2026_07,unverified,
08869.005,08869,25,Chùa,Thôn Chùa,thôn,chua,5,truoc_2026_07,unverified,
08869.006,08869,25,Cõi,Thôn Cõi,thôn,coi,6,truoc_2026_07,unverified,
08869.007,08869,25,Cổng Sau,Thôn Cổng Sau,thôn,cong_sau,7,truoc_2026_07,unverified,
08869.008,08869,25,Dộc Lịch,Thôn Dộc Lịch,thôn,doc_lich,8,truoc_2026_07,unverified,
08869.009,08869,25,Dộc Sau,Thôn Dộc Sau,thôn,doc_sau,9,truoc_2026_07,unverified,
08869.010,08869,25,Dội,Thôn Dội,thôn,doi,10,truoc_2026_07,unverified,
08869.011,08869,25,Điền Lương,Thôn Điền Lương,thôn,dien_luong,11,truoc_2026_07,unverified,
08869.012,08869,25,Điền Trù,Thôn Điền Trù,thôn,dien_tru,12,truoc_2026_07,unverified,
08869.013,08869,25,Đoàn Kết,Thôn Đoàn Kết,thôn,doan_ket,13,truoc_2026_07,unverified,
08869.014,08869,25,Đông Ăng,Thôn Đông Ăng,thôn,dong_ang,14,truoc_2026_07,unverified,
08869.015,08869,25,Đông Cao,Thôn Đông Cao,thôn,dong_cao,15,truoc_2026_07,unverified,
08869.016,08869,25,Đồi,Thôn Đồi,thôn,doi,16,truoc_2026_07,unverified,
08869.017,08869,25,Đồn,Thôn Đồn,thôn,don,17,truoc_2026_07,unverified,
08869.018,08869,25,Đồng Bắc,Thôn Đồng Bắc,thôn,dong_bac,18,truoc_2026_07,unverified,
08869.019,08869,25,Đồng Bông,Thôn Đồng Bông,thôn,dong_bong,19,truoc_2026_07,unverified,
08869.020,08869,25,Đồng Tâm,Thôn Đồng Tâm,thôn,dong_tam,20,truoc_2026_07,unverified,
08869.021,08869,25,Đồng Vang,Thôn Đồng Vang,thôn,dong_vang,21,truoc_2026_07,unverified,
08869.022,08869,25,Giếng Mát,Thôn Giếng Mát,thôn,gieng_mat,22,truoc_2026_07,unverified,
08869.023,08869,25,Giữa,Thôn Giữa,thôn,giua,23,truoc_2026_07,unverified,
08869.024,08869,25,Gô,Thôn Gô,thôn,go,24,truoc_2026_07,unverified,
08869.025,08869,25,Hủng 1,Thôn Hủng 1,thôn,hung_1,25,truoc_2026_07,unverified,
08869.026,08869,25,Hủng Guột,Thôn Hủng Guột,thôn,hung_guot,26,truoc_2026_07,unverified,
08869.027,08869,25,Hữu Thủ 1,Thôn Hữu Thủ 1,thôn,huu_thu_1,27,truoc_2026_07,unverified,
08869.028,08869,25,Hữu Thủ 2,Thôn Hữu Thủ 2,thôn,huu_thu_2,28,truoc_2026_07,unverified,
08869.029,08869,25,Láng,Thôn Láng,thôn,lang,29,truoc_2026_07,unverified,
08869.030,08869,25,Lẻ,Thôn Lẻ,thôn,le,30,truoc_2026_07,unverified,
08869.031,08869,25,Long Sơn Giềng,Thôn Long Sơn Giềng,thôn,long_son_gieng,31,truoc_2026_07,unverified,
08869.032,08869,25,Mé,Thôn Mé,thôn,me,32,truoc_2026_07,unverified,
08869.033,08869,25,Mới,Thôn Mới,thôn,moi,33,truoc_2026_07,unverified,
08869.034,08869,25,Ninh Hà,Thôn Ninh Hà,thôn,ninh_ha,34,truoc_2026_07,unverified,
08869.035,08869,25,Phố Me,Thôn Phố Me,thôn,pho_me,35,truoc_2026_07,unverified,
08869.036,08869,25,Phú Cường,Thôn Phú Cường,thôn,phu_cuong,36,truoc_2026_07,unverified,
08869.037,08869,25,Quế,Thôn Quế,thôn,que,37,truoc_2026_07,unverified,
08869.038,08869,25,Sơn Đồng,Thôn Sơn Đồng,thôn,son_dong,38,truoc_2026_07,unverified,
08869.039,08869,25,Thông,Thôn Thông,thôn,thong,39,truoc_2026_07,unverified,
08869.040,08869,25,Tiên Rằm,Thôn Tiên Rằm,thôn,tien_ram,40,truoc_2026_07,unverified,
08869.041,08869,25,Yên Sơn,Thôn Yên Sơn,thôn,yen_son,41,truoc_2026_07,unverified,
08872.001,08872,25,Chiến Thắng,Thôn Chiến Thắng,thôn,chien_thang,1,truoc_2026_07,unverified,
08872.002,08872,25,Cổ Tích,Thôn Cổ Tích,thôn,co_tich,2,truoc_2026_07,unverified,
08872.003,08872,25,Đông Trung,Thôn Đông Trung,thôn,dong_trung,3,truoc_2026_07,unverified,
08872.004,08872,25,Đồng Bùa,Thôn Đồng Bùa,thôn,dong_bua,4,truoc_2026_07,unverified,
08872.005,08872,25,Hòa Thịnh,Thôn Hòa Thịnh,thôn,hoa_thinh,5,truoc_2026_07,unverified,
08872.006,08872,25,Hợp Hòa,Thôn Hợp Hòa,thôn,hop_hoa,6,truoc_2026_07,unverified,
08872.007,08872,25,Kiên Tháp,Thôn Kiên Tháp,thôn,kien_thap,7,truoc_2026_07,unverified,
08872.008,08872,25,Kiên Tràng,Thôn Kiên Tràng,thôn,kien_trang,8,truoc_2026_07,unverified,
08872.009,08872,25,Chanh,Thôn Chanh,thôn,chanh,9,truoc_2026_07,unverified,
08872.010,08872,25,Mạ,Thôn Mạ,thôn,ma,10,truoc_2026_07,unverified,
08872.011,08872,25,Mấu,Thôn Mấu,thôn,mau,11,truoc_2026_07,unverified,
08872.012,08872,25,Lê Lợi,Thôn Lê Lợi,thôn,le_loi,12,truoc_2026_07,unverified,
08872.013,08872,25,Lỉnh Dầu,Thôn Lỉnh Dầu,thôn,linh_dau,13,truoc_2026_07,unverified,
08872.014,08872,25,Long Hồ,Thôn Long Hồ,thôn,long_ho,14,truoc_2026_07,unverified,
08872.015,08872,25,Nam Thịnh,Thôn Nam Thịnh,thôn,nam_thinh,15,truoc_2026_07,unverified,
08872.016,08872,25,Ngọc Thạch,Thôn Ngọc Thạch,thôn,ngoc_thach,16,truoc_2026_07,unverified,
08872.017,08872,25,Nhân Lý,Thôn Nhân Lý,thôn,nhan_ly,17,truoc_2026_07,unverified,
08872.018,08872,25,Quan Đình,Thôn Quan Đình,thôn,quan_dinh,18,truoc_2026_07,unverified,
08872.019,08872,25,Quan Ngoại,Thôn Quan Ngoại,thôn,quan_ngoai,19,truoc_2026_07,unverified,
08872.020,08872,25,Quan Nội,Thôn Quan Nội,thôn,quan_noi,20,truoc_2026_07,unverified,
08872.021,08872,25,Quang Trung,Thôn Quang Trung,thôn,quang_trung,21,truoc_2026_07,unverified,
08872.022,08872,25,Quẵng,Thôn Quẵng,thôn,quang,22,truoc_2026_07,unverified,
08872.023,08872,25,Tiên Phong,Thôn Tiên Phong,thôn,tien_phong,23,truoc_2026_07,unverified,
08872.024,08872,25,Tràng Dầu,Thôn Tràng Dầu,thôn,trang_dau,24,truoc_2026_07,unverified,
08872.025,08872,25,Tự Do,Thôn Tự Do,thôn,tu_do,25,truoc_2026_07,unverified,
08872.026,08872,25,Yên Trung,Thôn Yên Trung,thôn,yen_trung,26,truoc_2026_07,unverified,
08896.001,08896,25,Bắc 1,Thôn Bắc 1,thôn,bac_1,1,truoc_2026_07,unverified,
08896.002,08896,25,Bắc 2,Thôn Bắc 2,thôn,bac_2,2,truoc_2026_07,unverified,
08896.003,08896,25,Cầu,Thôn Cầu,thôn,cau,3,truoc_2026_07,unverified,
08896.004,08896,25,Chằm,Thôn Chằm,thôn,cham,4,truoc_2026_07,unverified,
08896.005,08896,25,Chấu,Thôn Chấu,thôn,chau,5,truoc_2026_07,unverified,
08896.006,08896,25,Đoài Đỗ,Thôn Đoài Đỗ,thôn,doai_do,6,truoc_2026_07,unverified,
08896.007,08896,25,Đoàn Kết,Thôn Đoàn Kết,thôn,doan_ket,7,truoc_2026_07,unverified,
08896.008,08896,25,Đô Lương,Thôn Đô Lương,thôn,do_luong,8,truoc_2026_07,unverified,
08896.009,08896,25,Đông,Thôn Đông,thôn,dong,9,truoc_2026_07,unverified,
08896.010,08896,25,Đồng Lực,Thôn Đồng Lực,thôn,dong_luc,10,truoc_2026_07,unverified,
08896.011,08896,25,Gia,Thôn Gia,thôn,gia,11,truoc_2026_07,unverified,
08896.012,08896,25,Hốc,Thôn Hốc,thôn,hoc,12,truoc_2026_07,unverified,
08896.013,08896,25,Hương Đình,Thôn Hương Đình,thôn,huong_dinh,13,truoc_2026_07,unverified,
08896.014,08896,25,La,Thôn La,thôn,la,14,truoc_2026_07,unverified,
08896.015,08896,25,Lau,Thôn Lau,thôn,lau,15,truoc_2026_07,unverified,
08896.016,08896,25,Liên Kết,Thôn Liên Kết,thôn,lien_ket,16,truoc_2026_07,unverified,
08896.017,08896,25,Lồ,Thôn Lồ,thôn,lo,17,truoc_2026_07,unverified,
08896.018,08896,25,Mới 1,Thôn Mới 1,thôn,moi_1,18,truoc_2026_07,unverified,
08896.019,08896,25,Mới 2,Thôn Mới 2,thôn,moi_2,19,truoc_2026_07,unverified,
08896.020,08896,25,Ngòi,Thôn Ngòi,thôn,ngoi,20,truoc_2026_07,unverified,
08896.021,08896,25,Ngọc Thạch 1,Thôn Ngọc Thạch 1,thôn,ngoc_thach_1,21,truoc_2026_07,unverified,
08896.022,08896,25,Ngọc Thạch 2,Thôn Ngọc Thạch 2,thôn,ngoc_thach_2,22,truoc_2026_07,unverified,
08896.023,08896,25,Nội Điện,Thôn Nội Điện,thôn,noi_dien,23,truoc_2026_07,unverified,
08896.024,08896,25,Phương Lâu,Thôn Phương Lâu,thôn,phuong_lau,24,truoc_2026_07,unverified,
08896.025,08896,25,Thượng,Thôn Thượng,thôn,thuong,25,truoc_2026_07,unverified,
08896.026,08896,25,Vàng,Thôn Vàng,thôn,vang,26,truoc_2026_07,unverified,
08896.027,08896,25,Vỏ,Thôn Vỏ,thôn,vo,27,truoc_2026_07,unverified,
08896.028,08896,25,Yên Thượng,Thôn Yên Thượng,thôn,yen_thuong,28,truoc_2026_07,unverified,
08905.001,08905,25,Chấn Yên,Thôn Chấn Yên,thôn,chan_yen,1,truoc_2026_07,unverified,
08905.002,08905,25,Chùa,Thôn Chùa,thôn,chua,2,truoc_2026_07,unverified,
08905.003,08905,25,Cuối,Thôn Cuối,thôn,cuoi,3,truoc_2026_07,unverified,
08905.004,08905,25,Diên Lâm,Thôn Diên Lâm,thôn,dien_lam,4,truoc_2026_07,unverified,
08905.005,08905,25,Đình,Thôn Đình,thôn,dinh,5,truoc_2026_07,unverified,
08905.006,08905,25,Đông,Thôn Đông,thôn,dong,6,truoc_2026_07,unverified,
08905.007,08905,25,Giữa,Thôn Giữa,thôn,giua,7,truoc_2026_07,unverified,
08905.008,08905,25,Hạ,Thôn Hạ,thôn,ha,8,truoc_2026_07,unverified,
08905.009,08905,25,Hưng Thịnh,Thôn Hưng Thịnh,thôn,hung_thinh,9,truoc_2026_07,unverified,
08905.010,08905,25,Lạc Thịnh,Thôn Lạc Thịnh,thôn,lac_thinh,10,truoc_2026_07,unverified,
08905.011,08905,25,Lê Lợi,Thôn Lê Lợi,thôn,le_loi,11,truoc_2026_07,unverified,
08905.012,08905,25,Mai Nham,Thôn Mai Nham,thôn,mai_nham,12,truoc_2026_07,unverified,
08905.013,08905,25,Nhân Mỹ,Thôn Nhân Mỹ,thôn,nhan_my,13,truoc_2026_07,unverified,
08905.014,08905,25,Phú Ninh,Thôn Phú Ninh,thôn,phu_ninh,14,truoc_2026_07,unverified,
08905.015,08905,25,Phú Thị,Thôn Phú Thị,thôn,phu_thi,15,truoc_2026_07,unverified,
08905.016,08905,25,Phúc Lai,Thôn Phúc Lai,thôn,phuc_lai,16,truoc_2026_07,unverified,
08905.017,08905,25,Quang Trung,Thôn Quang Trung,thôn,quang_trung,17,truoc_2026_07,unverified,
08905.018,08905,25,Tân Thịnh,Thôn Tân Thịnh,thôn,tan_thinh,18,truoc_2026_07,unverified,
08905.019,08905,25,Thọ Khánh,Thôn Thọ Khánh,thôn,tho_khanh,19,truoc_2026_07,unverified,
08905.020,08905,25,Thượng,Thôn Thượng,thôn,thuong,20,truoc_2026_07,unverified,
08905.021,08905,25,Trại Giềng,Thôn Trại Giềng,thôn,trai_gieng,21,truoc_2026_07,unverified,
08905.022,08905,25,Vân Du Hòa,Thôn Vân Du Hòa,thôn,van_du_hoa,22,truoc_2026_07,unverified,
08905.023,08905,25,Vân Giữa,Thôn Vân Giữa,thôn,van_giua,23,truoc_2026_07,unverified,
08905.024,08905,25,Vân Nội,Thôn Vân Nội,thôn,van_noi,24,truoc_2026_07,unverified,
08905.025,08905,25,Vân Sau,Thôn Vân Sau,thôn,van_sau,25,truoc_2026_07,unverified,
08905.026,08905,25,Vân Tập,Thôn Vân Tập,thôn,van_tap,26,truoc_2026_07,unverified,
08905.027,08905,25,Xuân Mới,Thôn Xuân Mới,thôn,xuan_moi,27,truoc_2026_07,unverified,
08911.001,08911,25,Ao Mây,Thôn Ao Mây,thôn,ao_may,1,truoc_2026_07,unverified,
08911.002,08911,25,Bàn Long,Thôn Bàn Long,thôn,ban_long,2,truoc_2026_07,unverified,
08911.003,08911,25,Bảo Ninh,Thôn Bảo Ninh,thôn,bao_ninh,3,truoc_2026_07,unverified,
08911.004,08911,25,Bảo Phác,Thôn Bảo Phác,thôn,bao_phac,4,truoc_2026_07,unverified,
08911.005,08911,25,Bảo Thắng,Thôn Bảo Thắng,thôn,bao_thang,5,truoc_2026_07,unverified,
08911.006,08911,25,Cam Lâm,Thôn Cam Lâm,thôn,cam_lam,6,truoc_2026_07,unverified,
08911.007,08911,25,Cam Lâm Đồn,Thôn Cam Lâm Đồn,thôn,cam_lam_don,7,truoc_2026_07,unverified,
08911.008,08911,25,Cầu Tre,Thôn Cầu Tre,thôn,cau_tre,8,truoc_2026_07,unverified,
08911.009,08911,25,Cây Thông,Thôn Cây Thông,thôn,cay_thong,9,truoc_2026_07,unverified,
08911.010,08911,25,Chăm Chỉ,Thôn Chăm Chỉ,thôn,cham_chi,10,truoc_2026_07,unverified,
08911.011,08911,25,Chùa Vàng,Thôn Chùa Vàng,thôn,chua_vang,11,truoc_2026_07,unverified,
08911.012,08911,25,Cửu Yên 1,Thôn Cửu Yên 1,thôn,cuu_yen_1,12,truoc_2026_07,unverified,
08911.013,08911,25,Cửu Yên 2,Thôn Cửu Yên 2,thôn,cuu_yen_2,13,truoc_2026_07,unverified,
08911.014,08911,25,Đầu Vai,Thôn Đầu Vai,thôn,dau_vai,14,truoc_2026_07,unverified,
08911.015,08911,25,Đồi Cao,Thôn Đồi Cao,thôn,doi_cao,15,truoc_2026_07,unverified,
08911.016,08911,25,Đồi Thông,Thôn Đồi Thông,thôn,doi_thong,16,truoc_2026_07,unverified,
08911.017,08911,25,Đồng Bả,Thôn Đồng Bả,thôn,dong_ba,17,truoc_2026_07,unverified,
08911.018,08911,25,Đồng Thanh,Thôn Đồng Thanh,thôn,dong_thanh,18,truoc_2026_07,unverified,
08911.019,08911,25,Đồng Thứ,Thôn Đồng Thứ,thôn,dong_thu,19,truoc_2026_07,unverified,
08911.020,08911,25,Hợp Thành,Thôn Hợp Thành,thôn,hop_thanh,20,truoc_2026_07,unverified,
08911.021,08911,25,Hà,Thôn Hà,thôn,ha,21,truoc_2026_07,unverified,
08911.022,08911,25,Lưu Quang,Thôn Lưu Quang,thôn,luu_quang,22,truoc_2026_07,unverified,
08911.023,08911,25,Minh Hồng,Thôn Minh Hồng,thôn,minh_hong,23,truoc_2026_07,unverified,
08911.024,08911,25,Minh Tân,Thôn Minh Tân,thôn,minh_tan,24,truoc_2026_07,unverified,
08911.025,08911,25,Nga Hoàng,Thôn Nga Hoàng,thôn,nga_hoang,25,truoc_2026_07,unverified,
08911.026,08911,25,Núc Hạ,Thôn Núc Hạ,thôn,nuc_ha,26,truoc_2026_07,unverified,
08911.027,08911,25,Núc Thượng,Thôn Núc Thượng,thôn,nuc_thuong,27,truoc_2026_07,unverified,
08911.028,08911,25,Phô Cốc,Thôn Phô Cốc,thôn,pho_coc,28,truoc_2026_07,unverified,
08911.029,08911,25,Quang Minh,Thôn Quang Minh,thôn,quang_minh,29,truoc_2026_07,unverified,
08911.030,08911,25,Quang Sơn,Thôn Quang Sơn,thôn,quang_son,30,truoc_2026_07,unverified,
08911.031,08911,25,Sơn Đồng,Thôn Sơn Đồng,thôn,son_dong,31,truoc_2026_07,unverified,
08911.032,08911,25,Sơn Long,Thôn Sơn Long,thôn,son_long,32,truoc_2026_07,unverified,
08911.033,08911,25,Tân Long,Thôn Tân Long,thôn,tan_long,33,truoc_2026_07,unverified,
08911.034,08911,25,Tân Lương,Thôn Tân Lương,thôn,tan_luong,34,truoc_2026_07,unverified,
08911.035,08911,25,Tích Cựu,Thôn Tích Cựu,thôn,tich_cuu,35,truoc_2026_07,unverified,
08911.036,08911,25,Trại Khóng,Thôn Trại Khóng,thôn,trai_khong,36,truoc_2026_07,unverified,
08911.037,08911,25,Trung Hòa,Thôn Trung Hòa,thôn,trung_hoa,37,truoc_2026_07,unverified,
08911.038,08911,25,Vực Lựu,Thôn Vực Lựu,thôn,vuc_luu,38,truoc_2026_07,unverified,
08911.039,08911,25,Xạ Hương,Thôn Xạ Hương,thôn,xa_huong,39,truoc_2026_07,unverified,
08911.040,08911,25,Yên Bình,Thôn Yên Bình,thôn,yen_binh,40,truoc_2026_07,unverified,
08911.041,08911,25,Yên Trung,Thôn Yên Trung,thôn,yen_trung,41,truoc_2026_07,unverified,
08914.001,08914,25,Đạo Trù Hạ,Thôn Đạo Trù Hạ,thôn,dao_tru_ha,1,truoc_2026_07,unverified,
08914.002,08914,25,Đạo Trù Thượng,Thôn Đạo Trù Thượng,thôn,dao_tru_thuong,2,truoc_2026_07,unverified,
08914.003,08914,25,Đồng Cà,Thôn Đồng Cà,thôn,dong_ca,3,truoc_2026_07,unverified,
08914.004,08914,25,Đồng Giếng,Thôn Đồng Giếng,thôn,dong_gieng,4,truoc_2026_07,unverified,
08914.005,08914,25,Đồng Mới,Thôn Đồng Mới,thôn,dong_moi,5,truoc_2026_07,unverified,
08914.006,08914,25,Đồng Ơn,Thôn Đồng Ơn,thôn,dong_on,6,truoc_2026_07,unverified,
08914.007,08914,25,Đồng Pheo,Thôn Đồng Pheo,thôn,dong_pheo,7,truoc_2026_07,unverified,
08914.008,08914,25,Đồng Quán,Thôn Đồng Quán,thôn,dong_quan,8,truoc_2026_07,unverified,
08914.009,08914,25,Đồng Quạ,Thôn Đồng Quạ,thôn,dong_qua,9,truoc_2026_07,unverified,
08914.010,08914,25,Đồng Thành,Thôn Đồng Thành,thôn,dong_thanh,10,truoc_2026_07,unverified,
08914.011,08914,25,Lục Liễu,Thôn Lục Liễu,thôn,luc_lieu,11,truoc_2026_07,unverified,
08914.012,08914,25,Phân Lân Hạ,Thôn Phân Lân Hạ,thôn,phan_lan_ha,12,truoc_2026_07,unverified,
08914.013,08914,25,Phân Lân Thượng,Thôn Phân Lân Thượng,thôn,phan_lan_thuong,13,truoc_2026_07,unverified,
08914.014,08914,25,Quang Đạo,Thôn Quang Đạo,thôn,quang_dao,14,truoc_2026_07,unverified,
08914.015,08914,25,Tân Lập,Thôn Tân Lập,thôn,tan_lap,15,truoc_2026_07,unverified,
08914.016,08914,25,Tân Phú,Thôn Tân Phú,thôn,tan_phu,16,truoc_2026_07,unverified,
08914.017,08914,25,Tân Tiến,Thôn Tân Tiến,thôn,tan_tien,17,truoc_2026_07,unverified,
08914.018,08914,25,Tiên Long,Thôn Tiên Long,thôn,tien_long,18,truoc_2026_07,unverified,
08914.019,08914,25,Vĩnh Ninh,Thôn Vĩnh Ninh,thôn,vinh_ninh,19,truoc_2026_07,unverified,
08914.020,08914,25,Gò,Thôn Gò,thôn,go,20,truoc_2026_07,unverified,
08914.021,08914,25,Yên Phú,Thôn Yên Phú,thôn,yen_phu,21,truoc_2026_07,unverified,
08923.001,08923,25,Ấp Đồn,Tổ dân phố Ấp Đồn,tổ dân phố,ap_don,1,2026_07,unverified,2026-07-01
08923.002,08923,25,Đại Điền,Tổ dân phố Đại Điền,tổ dân phố,dai_dien,2,2026_07,unverified,2026-07-01
08923.003,08923,25,Đền Thỏng,Tổ dân phố Đền Thỏng,tổ dân phố,den_thong,3,2026_07,unverified,2026-07-01
08923.004,08923,25,Đông Lộ,Tổ dân phố Đông Lộ,tổ dân phố,dong_lo,4,2026_07,unverified,2026-07-01
08923.005,08923,25,Đồng Hội,Tổ dân phố Đồng Hội,tổ dân phố,dong_hoi,5,2026_07,unverified,2026-07-01
08923.006,08923,25,Đồng Lính,Tổ dân phố Đồng Lính,tổ dân phố,dong_linh,6,2026_07,unverified,2026-07-01
08923.007,08923,25,Giáp Giang,Tổ dân phố Giáp Giang,tổ dân phố,giap_giang,7,2026_07,unverified,2026-07-01
08923.008,08923,25,Hữu Tài,Tổ dân phố Hữu Tài,tổ dân phố,huu_tai,8,2026_07,unverified,2026-07-01
08923.009,08923,25,Lán Than,Tổ dân phố Lán Than,tổ dân phố,lan_than,9,2026_07,unverified,2026-07-01
08923.010,08923,25,Lõng Sâu,Tổ dân phố Lõng Sâu,tổ dân phố,long_sau,10,2026_07,unverified,2026-07-01
08923.011,08923,25,Sơn Đình,Tổ dân phố Sơn Đình,tổ dân phố,son_dinh,11,2026_07,unverified,2026-07-01
08923.012,08923,25,Sơn Phong,Tổ dân phố Sơn Phong,tổ dân phố,son_phong,12,2026_07,unverified,2026-07-01
08923.013,08923,25,Sơn Thanh,Tổ dân phố Sơn Thanh,tổ dân phố,son_thanh,13,2026_07,unverified,2026-07-01
08923.014,08923,25,Suối Đùm,Tổ dân phố Suối Đùm,tổ dân phố,suoi_dum,14,2026_07,unverified,2026-07-01
08923.015,08923,25,Trại Mới,Tổ dân phố Trại Mới,tổ dân phố,trai_moi,15,2026_07,unverified,2026-07-01
08935.001,08935,25,An Lão,Thôn An Lão,thôn,an_lao,1,truoc_2026_07,unverified,
08935.002,08935,25,Ái Văn,Thôn Ái Văn,thôn,ai_van,2,truoc_2026_07,unverified,
08935.003,08935,25,Bá Cầu,Thôn Bá Cầu,thôn,ba_cau,3,truoc_2026_07,unverified,
08935.004,08935,25,Chợ Cánh,Thôn Chợ Cánh,thôn,cho_canh,4,truoc_2026_07,unverified,
08935.005,08935,25,Đại Đồng,Thôn Đại Đồng,thôn,dai_dong,5,truoc_2026_07,unverified,
08935.006,08935,25,Đồng Thắng,Thôn Đồng Thắng,thôn,dong_thang,6,truoc_2026_07,unverified,
08935.007,08935,25,Đồng Tiến,Thôn Đồng Tiến,thôn,dong_tien,7,truoc_2026_07,unverified,
08935.008,08935,25,Hợp Nhất,Thôn Hợp Nhất,thôn,hop_nhat,8,truoc_2026_07,unverified,
08935.009,08935,25,Hương Canh,Thôn Hương Canh,thôn,huong_canh,9,truoc_2026_07,unverified,
08935.010,08935,25,Hữu Bằng,Thôn Hữu Bằng,thôn,huu_bang,10,truoc_2026_07,unverified,
08935.011,08935,25,Lương Cầu,Thôn Lương Cầu,thôn,luong_cau,11,truoc_2026_07,unverified,
08935.012,08935,25,Ngoại Trạch,Thôn Ngoại Trạch,thôn,ngoai_trach,12,truoc_2026_07,unverified,
08935.013,08935,25,Ngọc Bảo,Thôn Ngọc Bảo,thôn,ngoc_bao,13,truoc_2026_07,unverified,
08935.014,08935,25,Ngọc Canh,Thôn Ngọc Canh,thôn,ngoc_canh,14,truoc_2026_07,unverified,
08935.015,08935,25,Nhân Nghĩa,Thôn Nhân Nghĩa,thôn,nhan_nghia,15,truoc_2026_07,unverified,
08935.016,08935,25,Nội Phật,Thôn Nội Phật,thôn,noi_phat,16,truoc_2026_07,unverified,
08935.017,08935,25,Quất Lưu,Thôn Quất Lưu,thôn,quat_luu,17,truoc_2026_07,unverified,
08935.018,08935,25,Sơn Phổ,Thôn Sơn Phổ,thôn,son_pho,18,truoc_2026_07,unverified,
08935.019,08935,25,Tam Canh,Thôn Tam Canh,thôn,tam_canh,19,truoc_2026_07,unverified,
08935.020,08935,25,Tam Hợp,Thôn Tam Hợp,thôn,tam_hop,20,truoc_2026_07,unverified,
08935.021,08935,25,Tiên Hường,Thôn Tiên Hường,thôn,tien_huong,21,truoc_2026_07,unverified,
08935.022,08935,25,Trong Ngoài,Thôn Trong Ngoài,thôn,trong_ngoai,22,truoc_2026_07,unverified,
08944.001,08944,25,Bá Hương,Tổ dân phố Bá Hương,tổ dân phố,ba_huong,1,2026_07,unverified,2026-07-01
08944.002,08944,25,Bảo Sơn,Tổ dân phố Bảo Sơn,tổ dân phố,bao_son,2,2026_07,unverified,2026-07-01
08944.003,08944,25,Bắc Kế,Tổ dân phố Bắc Kế,tổ dân phố,bac_ke,3,2026_07,unverified,2026-07-01
08944.004,08944,25,Đê Hến,Tổ dân phố Đê Hến,tổ dân phố,de_hen,4,2026_07,unverified,2026-07-01
08944.005,08944,25,My Kỳ,Tổ dân phố My Kỳ,tổ dân phố,my_ky,5,2026_07,unverified,2026-07-01
08944.006,08944,25,Quang Vinh,Tổ dân phố Quang Vinh,tổ dân phố,quang_vinh,6,2026_07,unverified,2026-07-01
08944.007,08944,25,Tân Lập,Tổ dân phố Tân Lập,tổ dân phố,tan_lap,7,2026_07,unverified,2026-07-01
08944.008,08944,25,Tân Ngọc,Tổ dân phố Tân Ngọc,tổ dân phố,tan_ngoc,8,2026_07,unverified,2026-07-01
08944.009,08944,25,Thích Chung,Tổ dân phố Thích Chung,tổ dân phố,thich_chung,9,2026_07,unverified,2026-07-01
08944.010,08944,25,Thiện Chi,Tổ dân phố Thiện Chi,tổ dân phố,thien_chi,10,2026_07,unverified,2026-07-01
08944.011,08944,25,Thống Nhất,Tổ dân phố Thống Nhất,tổ dân phố,thong_nhat,11,2026_07,unverified,2026-07-01
08944.012,08944,25,Trại Cúp,Tổ dân phố Trại Cúp,tổ dân phố,trai_cup,12,2026_07,unverified,2026-07-01
08944.013,08944,25,Văn Giáo,Tổ dân phố Văn Giáo,tổ dân phố,van_giao,13,2026_07,unverified,2026-07-01
08944.014,08944,25,Vinh Tiến,Tổ dân phố Vinh Tiến,tổ dân phố,vinh_tien,14,2026_07,unverified,2026-07-01
08950.001,08950,25,Ba Mô,Thôn Ba Mô,thôn,ba_mo,1,truoc_2026_07,unverified,
08950.002,08950,25,Cầu Đá,Thôn Cầu Đá,thôn,cau_da,2,truoc_2026_07,unverified,
08950.003,08950,25,Chân Sơn,Thôn Chân Sơn,thôn,chan_son,3,truoc_2026_07,unverified,
08950.004,08950,25,Chùa Tiếng,Thôn Chùa Tiếng,thôn,chua_tieng,4,truoc_2026_07,unverified,
08950.005,08950,25,Cổ Độ,Thôn Cổ Độ,thôn,co_do,5,truoc_2026_07,unverified,
08950.006,08950,25,Cơ Khí,Thôn Cơ Khí,thôn,co_khi,6,truoc_2026_07,unverified,
08950.007,08950,25,Cơ Quan,Thôn Cơ Quan,thôn,co_quan,7,truoc_2026_07,unverified,
08950.008,08950,25,Gia Du,Thôn Gia Du,thôn,gia_du,8,truoc_2026_07,unverified,
08950.009,08950,25,Gò Dẫu,Thôn Gò Dẫu,thôn,go_dau,9,truoc_2026_07,unverified,
08950.010,08950,25,Gốc Gạo,Thôn Gốc Gạo,thôn,goc_gao,10,truoc_2026_07,unverified,
08950.011,08950,25,Hà Châu,Thôn Hà Châu,thôn,ha_chau,11,truoc_2026_07,unverified,
08950.012,08950,25,Hiệp Thuận,Thôn Hiệp Thuận,thôn,hiep_thuan,12,truoc_2026_07,unverified,
08950.013,08950,25,Hoàng Oanh,Thôn Hoàng Oanh,thôn,hoang_oanh,13,truoc_2026_07,unverified,
08950.014,08950,25,Hương Đà,Thôn Hương Đà,thôn,huong_da,14,truoc_2026_07,unverified,
08950.015,08950,25,Hương Ngọc,Thôn Hương Ngọc,thôn,huong_ngoc,15,truoc_2026_07,unverified,
08950.016,08950,25,Hương Vị,Thôn Hương Vị,thôn,huong_vi,16,truoc_2026_07,unverified,
08950.017,08950,25,Lưu Quang,Thôn Lưu Quang,thôn,luu_quang,17,truoc_2026_07,unverified,
08950.018,08950,25,Ngũ Hồ,Thôn Ngũ Hồ,thôn,ngu_ho,18,truoc_2026_07,unverified,
08950.019,08950,25,Quang Khải,Thôn Quang Khải,thôn,quang_khai,19,truoc_2026_07,unverified,
08950.020,08950,25,Quảng Khai,Thôn Quảng Khai,thôn,quang_khai,20,truoc_2026_07,unverified,
08950.021,08950,25,Sơn Bi,Thôn Sơn Bi,thôn,son_bi,21,truoc_2026_07,unverified,
08950.022,08950,25,Tam Hà,Thôn Tam Hà,thôn,tam_ha,22,truoc_2026_07,unverified,
08950.023,08950,25,Tam Lộng,Thôn Tam Lộng,thôn,tam_long,23,truoc_2026_07,unverified,
08950.024,08950,25,Tam Quang,Thôn Tam Quang,thôn,tam_quang,24,truoc_2026_07,unverified,
08950.025,08950,25,Tân Hà,Thôn Tân Hà,thôn,tan_ha,25,truoc_2026_07,unverified,
08950.026,08950,25,Thanh Xuân,Thôn Thanh Xuân,thôn,thanh_xuan,26,truoc_2026_07,unverified,
08950.027,08950,25,Thiếu Khanh,Thôn Thiếu Khanh,thôn,thieu_khanh,27,truoc_2026_07,unverified,
08950.028,08950,25,Thiện Kế,Thôn Thiện Kế,thôn,thien_ke,28,truoc_2026_07,unverified,
08950.029,08950,25,Trại Mới,Thôn Trại Mới,thôn,trai_moi,29,truoc_2026_07,unverified,
08950.030,08950,25,Vĩnh Phượng,Thôn Vĩnh Phượng,thôn,vinh_phuong,30,truoc_2026_07,unverified,
08950.031,08950,25,Xây Dựng,Thôn Xây Dựng,thôn,xay_dung,31,truoc_2026_07,unverified,
08950.032,08950,25,Xuân Quang,Thôn Xuân Quang,thôn,xuan_quang,32,truoc_2026_07,unverified,
08971.001,08971,25,Bãi Kếu,Thôn Bãi Kếu,thôn,bai_keu,1,truoc_2026_07,unverified,
08971.002,08971,25,Can Bi 1,Thôn Can Bi 1,thôn,can_bi_1,2,truoc_2026_07,unverified,
08971.003,08971,25,Can Bi 2,Thôn Can Bi 2,thôn,can_bi_2,3,truoc_2026_07,unverified,
08971.004,08971,25,Chùa,Thôn Chùa,thôn,chua,4,truoc_2026_07,unverified,
08971.005,08971,25,Công Bình,Thôn Công Bình,thôn,cong_binh,5,truoc_2026_07,unverified,
08971.006,08971,25,Dương Cốc,Thôn Dương Cốc,thôn,duong_coc,6,truoc_2026_07,unverified,
08971.007,08971,25,Đại Phúc 1,Thôn Đại Phúc 1,thôn,dai_phuc_1,7,truoc_2026_07,unverified,
08971.008,08971,25,Đại Phúc 2,Thôn Đại Phúc 2,thôn,dai_phuc_2,8,truoc_2026_07,unverified,
08971.009,08971,25,Đầu Làng,Thôn Đầu Làng,thôn,dau_lang,9,truoc_2026_07,unverified,
08971.010,08971,25,Đoàn Kết,Thôn Đoàn Kết,thôn,doan_ket,10,truoc_2026_07,unverified,
08971.011,08971,25,Đông Đoài,Thôn Đông Đoài,thôn,dong_doai,11,truoc_2026_07,unverified,
08971.012,08971,25,Đồng Lý,Thôn Đồng Lý,thôn,dong_ly,12,truoc_2026_07,unverified,
08971.013,08971,25,Đồng Sáo,Thôn Đồng Sáo,thôn,dong_sao,13,truoc_2026_07,unverified,
08971.014,08971,25,Độc Lập,Thôn Độc Lập,thôn,doc_lap,14,truoc_2026_07,unverified,
08971.015,08971,25,Giữa,Thôn Giữa,thôn,giua,15,truoc_2026_07,unverified,
08971.016,08971,25,Hồng Bàng,Thôn Hồng Bàng,thôn,hong_bang,16,truoc_2026_07,unverified,
08971.017,08971,25,Hồng Hồ,Thôn Hồng Hồ,thôn,hong_ho,17,truoc_2026_07,unverified,
08971.018,08971,25,Hưởng Lộc,Thôn Hưởng Lộc,thôn,huong_loc,18,truoc_2026_07,unverified,
08971.019,08971,25,Kếu,Thôn Kếu,thôn,keu,19,truoc_2026_07,unverified,
08971.020,08971,25,Kiền Sơn,Thôn Kiền Sơn,thôn,kien_son,20,truoc_2026_07,unverified,
08971.021,08971,25,Kim Thái,Thôn Kim Thái,thôn,kim_thai,21,truoc_2026_07,unverified,
08971.022,08971,25,Lý Hải,Thôn Lý Hải,thôn,ly_hai,22,truoc_2026_07,unverified,
08971.023,08971,25,Lý Nhân,Thôn Lý Nhân,thôn,ly_nhan,23,truoc_2026_07,unverified,
08971.024,08971,25,Minh Lương,Thôn Minh Lương,thôn,minh_luong,24,truoc_2026_07,unverified,
08971.025,08971,25,Mỹ Đô,Thôn Mỹ Đô,thôn,my_do,25,truoc_2026_07,unverified,
08971.026,08971,25,Nam Bản,Thôn Nam Bản,thôn,nam_ban,26,truoc_2026_07,unverified,
08971.027,08971,25,Nam Nhân,Thôn Nam Nhân,thôn,nam_nhan,27,truoc_2026_07,unverified,
08971.028,08971,25,Nhân Vực,Thôn Nhân Vực,thôn,nhan_vuc,28,truoc_2026_07,unverified,
08971.029,08971,25,Tân An,Thôn Tân An,thôn,tan_an,29,truoc_2026_07,unverified,
08971.030,08971,25,Tây Trại,Thôn Tây Trại,thôn,tay_trai,30,truoc_2026_07,unverified,
08971.031,08971,25,Thịnh Đức,Thôn Thịnh Đức,thôn,thinh_duc,31,truoc_2026_07,unverified,
08971.032,08971,25,Thống Nhất,Thôn Thống Nhất,thôn,thong_nhat,32,truoc_2026_07,unverified,
08971.033,08971,25,Thượng Đức,Thôn Thượng Đức,thôn,thuong_duc,33,truoc_2026_07,unverified,
08971.034,08971,25,Tiền Phong,Thôn Tiền Phong,thôn,tien_phong,34,truoc_2026_07,unverified,
08971.035,08971,25,Trại,Thôn Trại,thôn,trai,35,truoc_2026_07,unverified,
08971.036,08971,25,Trại Dật,Thôn Trại Dật,thôn,trai_dat,36,truoc_2026_07,unverified,
08971.037,08971,25,Trại Giữa,Thôn Trại Giữa,thôn,trai_giua,37,truoc_2026_07,unverified,
08971.038,08971,25,Trại Ngoài,Thôn Trại Ngoài,thôn,trai_ngoai,38,truoc_2026_07,unverified,
08971.039,08971,25,Trại Trong,Thôn Trại Trong,thôn,trai_trong,39,truoc_2026_07,unverified,
08971.040,08971,25,Trường Thư,Thôn Trường Thư,thôn,truong_thu,40,truoc_2026_07,unverified,
08971.041,08971,25,Vườn Quan,Thôn Vườn Quan,thôn,vuon_quan,41,truoc_2026_07,unverified,
08971.042,08971,25,Yên Định,Thôn Yên Định,thôn,yen_dinh,42,truoc_2026_07,unverified,
08971.043,08971,25,Yên Thần,Thôn Yên Thần,thôn,yen_than,43,truoc_2026_07,unverified,
08974.001,08974,01,Bảo Kim,Thôn Bảo Kim,thôn,bao_kim,1,2026_07,unverified,2026-07-01
08974.002,08974,01,Chi Đông 1,Thôn Chi Đông 1,thôn,chi_dong_1,2,2026_07,unverified,2026-07-01
08974.003,08974,01,Chi Đông 2,Thôn Chi Đông 2,thôn,chi_dong_2,3,2026_07,unverified,2026-07-01
08974.004,08974,01,Chi Đông 3,Thôn Chi Đông 3,thôn,chi_dong_3,4,2026_07,unverified,2026-07-01
08974.005,08974,01,Đại Bái,Thôn Đại Bái,thôn,dai_bai,5,2026_07,unverified,2026-07-01
08974.006,08974,01,Đồng,Thôn Đồng,thôn,dong,6,2026_07,unverified,2026-07-01
08974.007,08974,01,Gia Tân,Thôn Gia Tân,thôn,gia_tan,7,2026_07,unverified,2026-07-01
08974.008,08974,01,Gia Thượng,Thôn Gia Thượng,thôn,gia_thuong,8,2026_07,unverified,2026-07-01
08974.009,08974,01,Gia Trung,Thôn Gia Trung,thôn,gia_trung,9,2026_07,unverified,2026-07-01
08974.010,08974,01,Giai Lạc,Thôn Giai Lạc,thôn,giai_lac,10,2026_07,unverified,2026-07-01
08974.011,08974,01,Liễu Trì,Thôn Liễu Trì,thôn,lieu_tri,11,2026_07,unverified,2026-07-01
08974.012,08974,01,Nội Đồng,Thôn Nội Đồng,thôn,noi_dong,12,2026_07,unverified,2026-07-01
08974.013,08974,01,Phú Lâm,Thôn Phú Lâm,thôn,phu_lam,13,2026_07,unverified,2026-07-01
08974.014,08974,01,Phù Trì,Thôn Phù Trì,thôn,phu_tri,14,2026_07,unverified,2026-07-01
08974.015,08974,01,Thanh Bình,Thôn Thanh Bình,thôn,thanh_binh,15,2026_07,unverified,2026-07-01
08974.016,08974,01,Thanh Minh,Thôn Thanh Minh,thôn,thanh_minh,16,2026_07,unverified,2026-07-01
08974.017,08974,01,Thường Lệ,Thôn Thường Lệ,thôn,thuong_le,17,2026_07,unverified,2026-07-01
08974.018,08974,01,Yên Vinh,Thôn Yên Vinh,thôn,yen_vinh,18,2026_07,unverified,2026-07-01
08980.001,08980,01,Bồng Mạc,Thôn Bồng Mạc,thôn,bong_mac,1,2026_07,unverified,2026-07-01
08980.002,08980,01,Châu Phan,Thôn Châu Phan,thôn,chau_phan,2,2026_07,unverified,2026-07-01
08980.003,08980,01,Hoàng Kim,Thôn Hoàng Kim,thôn,hoang_kim,3,2026_07,unverified,2026-07-01
08980.004,08980,01,Hoàng Xá,Thôn Hoàng Xá,thôn,hoang_xa,4,2026_07,unverified,2026-07-01
08980.005,08980,01,Mạnh Trữ,Thôn Mạnh Trữ,thôn,manh_tru,5,2026_07,unverified,2026-07-01
08980.006,08980,01,Thạch Đà 1,Thôn Thạch Đà 1,thôn,thach_da_1,6,2026_07,unverified,2026-07-01
08980.007,08980,01,Thạch Đà 2,Thôn Thạch Đà 2,thôn,thach_da_2,7,2026_07,unverified,2026-07-01
08980.008,08980,01,Thạch Đà 3,Thôn Thạch Đà 3,thôn,thach_da_3,8,2026_07,unverified,2026-07-01
08980.009,08980,01,Thạch Đà 4,Thôn Thạch Đà 4,thôn,thach_da_4,9,2026_07,unverified,2026-07-01
08980.010,08980,01,Thọ Chu,Thôn Thọ Chu,thôn,tho_chu,10,2026_07,unverified,2026-07-01
08980.011,08980,01,Tiên Xuân Cẩm,Thôn Tiên Xuân Cẩm,thôn,tien_xuan_cam,11,2026_07,unverified,2026-07-01
08980.012,08980,01,Tiến Thịnh,Thôn Tiến Thịnh,thôn,tien_thinh,12,2026_07,unverified,2026-07-01
08980.013,08980,01,Trung Hà,Thôn Trung Hà,thôn,trung_ha,13,2026_07,unverified,2026-07-01
08980.014,08980,01,Vạn Yên,Thôn Vạn Yên,thôn,van_yen,14,2026_07,unverified,2026-07-01
08980.015,08980,01,Xa Mạc,Thôn Xa Mạc,thôn,xa_mac,15,2026_07,unverified,2026-07-01
08980.016,08980,01,Yên Mạc,Thôn Yên Mạc,thôn,yen_mac,16,2026_07,unverified,2026-07-01
08980.017,08980,01,Yên Thị,Thôn Yên Thị,thôn,yen_thi,17,2026_07,unverified,2026-07-01
08995.001,08995,01,Bạch Trữ,Thôn Bạch Trữ,thôn,bach_tru,1,2026_07,unverified,2026-07-01
08995.002,08995,01,Bến Ngọc,Thôn Bến Ngọc,thôn,ben_ngoc,2,2026_07,unverified,2026-07-01
08995.003,08995,01,Cư An,Thôn Cư An,thôn,cu_an,3,2026_07,unverified,2026-07-01
08995.004,08995,01,Kim Diến,Thôn Kim Diến,thôn,kim_dien,4,2026_07,unverified,2026-07-01
08995.005,08995,01,Mỹ Lộc,Thôn Mỹ Lộc,thôn,my_loc,5,2026_07,unverified,2026-07-01
08995.006,08995,01,Nam Cường,Thôn Nam Cường,thôn,nam_cuong,6,2026_07,unverified,2026-07-01
08995.007,08995,01,Phú Đa,Thôn Phú Đa,thôn,phu_da,7,2026_07,unverified,2026-07-01
08995.008,08995,01,Phú Hữu,Thôn Phú Hữu,thôn,phu_huu,8,2026_07,unverified,2026-07-01
08995.009,08995,01,Phú Mỹ,Thôn Phú Mỹ,thôn,phu_my,9,2026_07,unverified,2026-07-01
08995.010,08995,01,Tân Tiến,Thôn Tân Tiến,thôn,tan_tien,10,2026_07,unverified,2026-07-01
08995.011,08995,01,Thanh Tước,Thôn Thanh Tước,thôn,thanh_tuoc,11,2026_07,unverified,2026-07-01
08995.012,08995,01,Thanh Vân,Thôn Thanh Vân,thôn,thanh_van,12,2026_07,unverified,2026-07-01
08995.013,08995,01,Thái Lai,Thôn Thái Lai,thôn,thai_lai,13,2026_07,unverified,2026-07-01
08995.014,08995,01,Thượng,Thôn Thượng,thôn,thuong,14,2026_07,unverified,2026-07-01
08995.015,08995,01,Văn Lôi,Thôn Văn Lôi,thôn,van_loi,15,2026_07,unverified,2026-07-01
08995.016,08995,01,Yên Bài,Thôn Yên Bài,thôn,yen_bai,16,2026_07,unverified,2026-07-01
09022.001,09022,01,1 Hạ Lôi,Thôn 1 Hạ Lôi,thôn,1_ha_loi,1,2026_07,unverified,2026-07-01
09022.002,09022,01,2 Hạ Lôi,Thôn 2 Hạ Lôi,thôn,2_ha_loi,2,2026_07,unverified,2026-07-01
09022.003,09022,01,3 Hạ Lôi,Thôn 3 Hạ Lôi,thôn,3_ha_loi,3,2026_07,unverified,2026-07-01
09022.004,09022,01,4 Hạ Lôi,Thôn 4 Hạ Lôi,thôn,4_ha_loi,4,2026_07,unverified,2026-07-01
09022.005,09022,01,Do Hạ,Thôn Do Hạ,thôn,do_ha,5,2026_07,unverified,2026-07-01
09022.006,09022,01,Do Thượng,Thôn Do Thượng,thôn,do_thuong,6,2026_07,unverified,2026-07-01
09022.007,09022,01,Điệp Thôn,Thôn Điệp Thôn,thôn,diep_thon,7,2026_07,unverified,2026-07-01
09022.008,09022,01,Đông Cao,Thôn Đông Cao,thôn,dong_cao,8,2026_07,unverified,2026-07-01
09022.009,09022,01,Khê Ngoại 1,Thôn Khê Ngoại 1,thôn,khe_ngoai_1,9,2026_07,unverified,2026-07-01
09022.010,09022,01,Khê Ngoại 2,Thôn Khê Ngoại 2,thôn,khe_ngoai_2,10,2026_07,unverified,2026-07-01
09022.011,09022,01,Khê Ngoại 3,Thôn Khê Ngoại 3,thôn,khe_ngoai_3,11,2026_07,unverified,2026-07-01
09022.012,09022,01,Khê Ngoại 4,Thôn Khê Ngoại 4,thôn,khe_ngoai_4,12,2026_07,unverified,2026-07-01
09022.013,09022,01,Tráng Việt,Thôn Tráng Việt,thôn,trang_viet,13,2026_07,unverified,2026-07-01
09022.014,09022,01,Trung Hậu Đoài,Thôn Trung Hậu Đoài,thôn,trung_hau_doai,14,2026_07,unverified,2026-07-01
09022.015,09022,01,Trung Yên,Thôn Trung Yên,thôn,trung_yen,15,2026_07,unverified,2026-07-01
09022.016,09022,01,Văn Quán 1,Thôn Văn Quán 1,thôn,van_quan_1,16,2026_07,unverified,2026-07-01
09022.017,09022,01,Văn Quán 2,Thôn Văn Quán 2,thôn,van_quan_2,17,2026_07,unverified,2026-07-01
09022.018,09022,01,Yên Nhân,Thôn Yên Nhân,thôn,yen_nhan,18,2026_07,unverified,2026-07-01
09025.001,09025,25,Chi Chỉ,Thôn Chi Chỉ,thôn,chi_chi,1,truoc_2026_07,unverified,
09025.002,09025,25,Cốc Lâm,Thôn Cốc Lâm,thôn,coc_lam,2,truoc_2026_07,unverified,
09025.003,09025,25,Cổ Tích,Thôn Cổ Tích,thôn,co_tich,3,truoc_2026_07,unverified,
09025.004,09025,25,Cung Thượng,Thôn Cung Thượng,thôn,cung_thuong,4,truoc_2026_07,unverified,
09025.005,09025,25,Dịch Đồng,Thôn Dịch Đồng,thôn,dich_dong,5,truoc_2026_07,unverified,
09025.006,09025,25,Đại Nội,Thôn Đại Nội,thôn,dai_noi,6,truoc_2026_07,unverified,
09025.007,09025,25,Phú Cường,Thôn Phú Cường,thôn,phu_cuong,7,truoc_2026_07,unverified,
09025.008,09025,25,Vật Cách,Thôn Vật Cách,thôn,vat_cach,8,truoc_2026_07,unverified,
09025.009,09025,25,Vĩnh Đoài 1,Thôn Vĩnh Đoài 1,thôn,vinh_doai_1,9,truoc_2026_07,unverified,
09025.010,09025,25,Vĩnh Đoài 2,Thôn Vĩnh Đoài 2,thôn,vinh_doai_2,10,truoc_2026_07,unverified,
09025.011,09025,25,Vĩnh Đoài 3,Thôn Vĩnh Đoài 3,thôn,vinh_doai_3,11,truoc_2026_07,unverified,
09025.012,09025,25,Vĩnh Đoài 4,Thôn Vĩnh Đoài 4,thôn,vinh_doai_4,12,truoc_2026_07,unverified,
09025.013,09025,25,Vĩnh Đông 1,Thôn Vĩnh Đông 1,thôn,vinh_dong_1,13,truoc_2026_07,unverified,
09025.014,09025,25,Vĩnh Đông 2,Thôn Vĩnh Đông 2,thôn,vinh_dong_2,14,truoc_2026_07,unverified,
09025.015,09025,25,Vĩnh Đông 3,Thôn Vĩnh Đông 3,thôn,vinh_dong_3,15,truoc_2026_07,unverified,
09025.016,09025,25,Vĩnh Đông 4,Thôn Vĩnh Đông 4,thôn,vinh_dong_4,16,truoc_2026_07,unverified,
09025.017,09025,25,Vĩnh Đông 5,Thôn Vĩnh Đông 5,thôn,vinh_dong_5,17,truoc_2026_07,unverified,
09025.018,09025,25,Vĩnh Đông 6,Thôn Vĩnh Đông 6,thôn,vinh_dong_6,18,truoc_2026_07,unverified,
09025.019,09025,25,Vĩnh Tiên 1,Thôn Vĩnh Tiên 1,thôn,vinh_tien_1,19,truoc_2026_07,unverified,
09025.020,09025,25,Vĩnh Tiên 2,Thôn Vĩnh Tiên 2,thôn,vinh_tien_2,20,truoc_2026_07,unverified,
09025.021,09025,25,Vĩnh Tiên 3,Thôn Vĩnh Tiên 3,thôn,vinh_tien_3,21,truoc_2026_07,unverified,
09025.022,09025,25,Vĩnh Trung 1,Thôn Vĩnh Trung 1,thôn,vinh_trung_1,22,truoc_2026_07,unverified,
09025.023,09025,25,Vĩnh Trung 2,Thôn Vĩnh Trung 2,thôn,vinh_trung_2,23,truoc_2026_07,unverified,
09025.024,09025,25,Vĩnh Trung 3,Thôn Vĩnh Trung 3,thôn,vinh_trung_3,24,truoc_2026_07,unverified,
09025.025,09025,25,Yên Quán,Thôn Yên Quán,thôn,yen_quan,25,truoc_2026_07,unverified,
09040.001,09040,25,Báo Văn 1,Thôn Báo Văn 1,thôn,bao_van_1,1,truoc_2026_07,unverified,
09040.002,09040,25,Báo Văn 2,Thôn Báo Văn 2,thôn,bao_van_2,2,truoc_2026_07,unverified,
09040.003,09040,25,Đông Lỗ 1,Thôn Đông Lỗ 1,thôn,dong_lo_1,3,truoc_2026_07,unverified,
09040.004,09040,25,Đông Lỗ 2,Thôn Đông Lỗ 2,thôn,dong_lo_2,4,truoc_2026_07,unverified,
09040.005,09040,25,Đồng Lạc 1,Thôn Đồng Lạc 1,thôn,dong_lac_1,5,truoc_2026_07,unverified,
09040.006,09040,25,Đồng Lạc 2,Thôn Đồng Lạc 2,thôn,dong_lac_2,6,truoc_2026_07,unverified,
09040.007,09040,25,Đồng Lạc 3,Thôn Đồng Lạc 3,thôn,dong_lac_3,7,truoc_2026_07,unverified,
09040.008,09040,25,Giã Bàng 1,Thôn Giã Bàng 1,thôn,gia_bang_1,8,truoc_2026_07,unverified,
09040.009,09040,25,Giã Bàng 2,Thôn Giã Bàng 2,thôn,gia_bang_2,9,truoc_2026_07,unverified,
09040.010,09040,25,Giã Bàng 3,Thôn Giã Bàng 3,thôn,gia_bang_3,10,truoc_2026_07,unverified,
09040.011,09040,25,Hoàng Thạch,Thôn Hoàng Thạch,thôn,hoang_thach,11,truoc_2026_07,unverified,
09040.012,09040,25,Hùng Vĩ 1,Thôn Hùng Vĩ 1,thôn,hung_vi_1,12,truoc_2026_07,unverified,
09040.013,09040,25,Hùng Vĩ 2,Thôn Hùng Vĩ 2,thôn,hung_vi_2,13,truoc_2026_07,unverified,
09040.014,09040,25,Hùng Vĩ 3,Thôn Hùng Vĩ 3,thôn,hung_vi_3,14,truoc_2026_07,unverified,
09040.015,09040,25,Lạc Trung,Thôn Lạc Trung,thôn,lac_trung,15,truoc_2026_07,unverified,
09040.016,09040,25,Lỗ Quynh,Thôn Lỗ Quynh,thôn,lo_quynh,16,truoc_2026_07,unverified,
09040.017,09040,25,Nhân Lý,Thôn Nhân Lý,thôn,nhan_ly,17,truoc_2026_07,unverified,
09040.018,09040,25,Nhân Trai,Thôn Nhân Trai,thôn,nhan_trai,18,truoc_2026_07,unverified,
09040.019,09040,25,Phú Thọ,Thôn Phú Thọ,thôn,phu_tho,19,truoc_2026_07,unverified,
09040.020,09040,25,Tân Nguyên,Thôn Tân Nguyên,thôn,tan_nguyen,20,truoc_2026_07,unverified,
09040.021,09040,25,Thiệu Tổ,Thôn Thiệu Tổ,thôn,thieu_to,21,truoc_2026_07,unverified,
09040.022,09040,25,Trung Hậu,Thôn Trung Hậu,thôn,trung_hau,22,truoc_2026_07,unverified,
09040.023,09040,25,Trung Nguyên,Thôn Trung Nguyên,thôn,trung_nguyen,23,truoc_2026_07,unverified,
09040.024,09040,25,Xuân Chiếm,Thôn Xuân Chiếm,thôn,xuan_chiem,24,truoc_2026_07,unverified,
09040.025,09040,25,Yên Lạc 1,Thôn Yên Lạc 1,thôn,yen_lac_1,25,truoc_2026_07,unverified,
09040.026,09040,25,Yên Lạc 2,Thôn Yên Lạc 2,thôn,yen_lac_2,26,truoc_2026_07,unverified,
09040.027,09040,25,Yên Lạc 3,Thôn Yên Lạc 3,thôn,yen_lac_3,27,truoc_2026_07,unverified,
09040.028,09040,25,Yên Lạc 4,Thôn Yên Lạc 4,thôn,yen_lac_4,28,truoc_2026_07,unverified,
09043.001,09043,25,Bàng Mới,Thôn Bàng Mới,thôn,bang_moi,1,truoc_2026_07,unverified,
09043.002,09043,25,Bình Lâm,Thôn Bình Lâm,thôn,binh_lam,2,truoc_2026_07,unverified,
09043.003,09043,25,Chùa,Thôn Chùa,thôn,chua,3,truoc_2026_07,unverified,
09043.004,09043,25,Đình,Thôn Đình,thôn,dinh,4,truoc_2026_07,unverified,
09043.005,09043,25,Đình Chợ,Thôn Đình Chợ,thôn,dinh_cho,5,truoc_2026_07,unverified,
09043.006,09043,25,Đông Mẫu,Thôn Đông Mẫu,thôn,dong_mau,6,truoc_2026_07,unverified,
09043.007,09043,25,Đông Nam,Thôn Đông Nam,thôn,dong_nam,7,truoc_2026_07,unverified,
09043.008,09043,25,Gia,Thôn Gia,thôn,gia,8,truoc_2026_07,unverified,
09043.009,09043,25,Lâm Xuyên 1,Thôn Lâm Xuyên 1,thôn,lam_xuyen_1,9,truoc_2026_07,unverified,
09043.010,09043,25,Lâm Xuyên 2,Thôn Lâm Xuyên 2,thôn,lam_xuyen_2,10,truoc_2026_07,unverified,
09043.011,09043,25,Lâm Xuyên 3,Thôn Lâm Xuyên 3,thôn,lam_xuyen_3,11,truoc_2026_07,unverified,
09043.012,09043,25,Lũng Thượng,Thôn Lũng Thượng,thôn,lung_thuong,12,truoc_2026_07,unverified,
09043.013,09043,25,Miễu,Thôn Miễu,thôn,mieu,13,truoc_2026_07,unverified,
09043.014,09043,25,Mới,Thôn Mới,thôn,moi,14,truoc_2026_07,unverified,
09043.015,09043,25,Nho Lâm,Thôn Nho Lâm,thôn,nho_lam,15,truoc_2026_07,unverified,
09043.016,09043,25,Phù Lưu,Thôn Phù Lưu,thôn,phu_luu,16,truoc_2026_07,unverified,
09043.017,09043,25,Tảo Phú,Thôn Tảo Phú,thôn,tao_phu,17,truoc_2026_07,unverified,
09043.018,09043,25,Trại Lớn,Thôn Trại Lớn,thôn,trai_lon,18,truoc_2026_07,unverified,
09043.019,09043,25,Yên Nghiệp,Thôn Yên Nghiệp,thôn,yen_nghiep,19,truoc_2026_07,unverified,
09043.020,09043,25,Yên Tâm,Thôn Yên Tâm,thôn,yen_tam,20,truoc_2026_07,unverified,
09052.001,09052,25,Đinh Xá 1,Thôn Đinh Xá 1,thôn,dinh_xa_1,1,truoc_2026_07,unverified,
09052.002,09052,25,Đinh Xá 2,Thôn Đinh Xá 2,thôn,dinh_xa_2,2,truoc_2026_07,unverified,
09052.003,09052,25,Đinh Xá 3,Thôn Đinh Xá 3,thôn,dinh_xa_3,3,truoc_2026_07,unverified,
09052.004,09052,25,Đinh Xá 4,Thôn Đinh Xá 4,thôn,dinh_xa_4,4,truoc_2026_07,unverified,
09052.005,09052,25,Đinh Xá 5,Thôn Đinh Xá 5,thôn,dinh_xa_5,5,truoc_2026_07,unverified,
09052.006,09052,25,Đống Cao,Thôn Đống Cao,thôn,dong_cao,6,truoc_2026_07,unverified,
09052.007,09052,25,Gảnh Đá,Thôn Gảnh Đá,thôn,ganh_da,7,truoc_2026_07,unverified,
09052.008,09052,25,Gia Phúc,Thôn Gia Phúc,thôn,gia_phuc,8,truoc_2026_07,unverified,
09052.009,09052,25,Lưỡng 1,Thôn Lưỡng 1,thôn,luong_1,9,truoc_2026_07,unverified,
09052.010,09052,25,Lưỡng 2,Thôn Lưỡng 2,thôn,luong_2,10,truoc_2026_07,unverified,
09052.011,09052,25,Mai Yên,Thôn Mai Yên,thôn,mai_yen,11,truoc_2026_07,unverified,
09052.012,09052,25,Miêu Cốc,Thôn Miêu Cốc,thôn,mieu_coc,12,truoc_2026_07,unverified,
09052.013,09052,25,Nghinh Tiên 1,Thôn Nghinh Tiên 1,thôn,nghinh_tien_1,13,truoc_2026_07,unverified,
09052.014,09052,25,Nghinh Tiên 2,Thôn Nghinh Tiên 2,thôn,nghinh_tien_2,14,truoc_2026_07,unverified,
09052.015,09052,25,Nghinh Tiên 3,Thôn Nghinh Tiên 3,thôn,nghinh_tien_3,15,truoc_2026_07,unverified,
09052.016,09052,25,Phần Xa,Thôn Phần Xa,thôn,phan_xa,16,truoc_2026_07,unverified,
09052.017,09052,25,Phố Lồ,Thôn Phố Lồ,thôn,pho_lo,17,truoc_2026_07,unverified,
09052.018,09052,25,Phúc Cẩm,Thôn Phúc Cẩm,thôn,phuc_cam,18,truoc_2026_07,unverified,
09052.019,09052,25,Tiên Đài,Thôn Tiên Đài,thôn,tien_dai,19,truoc_2026_07,unverified,
09052.020,09052,25,Trung Giang,Thôn Trung Giang,thôn,trung_giang,20,truoc_2026_07,unverified,
09052.021,09052,25,Xuân Đài,Thôn Xuân Đài,thôn,xuan_dai,21,truoc_2026_07,unverified,
09052.022,09052,25,Chùa,Thôn Chùa,thôn,chua,22,truoc_2026_07,unverified,
09052.023,09052,25,Yên Dương,Thôn Yên Dương,thôn,yen_duong,23,truoc_2026_07,unverified,
09052.024,09052,25,Yên Nội,Thôn Yên Nội,thôn,yen_noi,24,truoc_2026_07,unverified,
09064.001,09064,25,Cẩm Nha,Thôn Cẩm Nha,thôn,cam_nha,1,truoc_2026_07,unverified,
09064.002,09064,25,Cẩm Trạch,Thôn Cẩm Trạch,thôn,cam_trach,2,truoc_2026_07,unverified,
09064.003,09064,25,Cẩm Viên,Thôn Cẩm Viên,thôn,cam_vien,3,truoc_2026_07,unverified,
09064.004,09064,25,Đại Tự 1,Thôn Đại Tự 1,thôn,dai_tu_1,4,truoc_2026_07,unverified,
09064.005,09064,25,Đại Tự 2,Thôn Đại Tự 2,thôn,dai_tu_2,5,truoc_2026_07,unverified,
09064.006,09064,25,Đại Tự 3,Thôn Đại Tự 3,thôn,dai_tu_3,6,truoc_2026_07,unverified,
09064.007,09064,25,Đại Tự 4,Thôn Đại Tự 4,thôn,dai_tu_4,7,truoc_2026_07,unverified,
09064.008,09064,25,Đại Tự 56,Thôn Đại Tự 56,thôn,dai_tu_56,8,truoc_2026_07,unverified,
09064.009,09064,25,Nhật Chiêu 1,Thôn Nhật Chiêu 1,thôn,nhat_chieu_1,9,truoc_2026_07,unverified,
09064.010,09064,25,Nhật Chiêu 2,Thôn Nhật Chiêu 2,thôn,nhat_chieu_2,10,truoc_2026_07,unverified,
09064.011,09064,25,Nhật Chiêu 3,Thôn Nhật Chiêu 3,thôn,nhat_chieu_3,11,truoc_2026_07,unverified,
09064.012,09064,25,Nhật Chiêu 4,Thôn Nhật Chiêu 4,thôn,nhat_chieu_4,12,truoc_2026_07,unverified,
09064.013,09064,25,Nhật Tiến 1,Thôn Nhật Tiến 1,thôn,nhat_tien_1,13,truoc_2026_07,unverified,
09064.014,09064,25,Nhật Tiến 2,Thôn Nhật Tiến 2,thôn,nhat_tien_2,14,truoc_2026_07,unverified,
09064.015,09064,25,Nhật Tiến 3,Thôn Nhật Tiến 3,thôn,nhat_tien_3,15,truoc_2026_07,unverified,
09064.016,09064,25,Phú Phong,Thôn Phú Phong,thôn,phu_phong,16,truoc_2026_07,unverified,
09064.017,09064,25,Phương Nha 1,Thôn Phương Nha 1,thôn,phuong_nha_1,17,truoc_2026_07,unverified,
09064.018,09064,25,Phương Nha 2,Thôn Phương Nha 2,thôn,phuong_nha_2,18,truoc_2026_07,unverified,
09064.019,09064,25,Tam Kỳ 1,Thôn Tam Kỳ 1,thôn,tam_ky_1,19,truoc_2026_07,unverified,
09064.020,09064,25,Tam Kỳ 2,Thôn Tam Kỳ 2,thôn,tam_ky_2,20,truoc_2026_07,unverified,
09064.021,09064,25,Tam Kỳ 3,Thôn Tam Kỳ 3,thôn,tam_ky_3,21,truoc_2026_07,unverified,
09064.022,09064,25,Tam Kỳ 4,Thôn Tam Kỳ 4,thôn,tam_ky_4,22,truoc_2026_07,unverified,
09064.023,09064,25,Tam Kỳ 56,Thôn Tam Kỳ 56,thôn,tam_ky_56,23,truoc_2026_07,unverified,
09064.024,09064,25,Thụ Ích 1,Thôn Thụ Ích 1,thôn,thu_ich_1,24,truoc_2026_07,unverified,
09064.025,09064,25,Thụ Ích 2,Thôn Thụ Ích 2,thôn,thu_ich_2,25,truoc_2026_07,unverified,
09064.026,09064,25,Thụ Ích 3,Thôn Thụ Ích 3,thôn,thu_ich_3,26,truoc_2026_07,unverified,
09064.027,09064,25,Thụ Ích 4,Thôn Thụ Ích 4,thôn,thu_ich_4,27,truoc_2026_07,unverified,
09064.028,09064,25,Trung An,Thôn Trung An,thôn,trung_an,28,truoc_2026_07,unverified,
09064.029,09064,25,Trung Nha,Thôn Trung Nha,thôn,trung_nha,29,truoc_2026_07,unverified,
09076.001,09076,25,Bắc Trại,Thôn Bắc Trại,thôn,bac_trai,1,truoc_2026_07,unverified,
09076.002,09076,25,Chùa,Thôn Chùa,thôn,chua,2,truoc_2026_07,unverified,
09076.003,09076,25,Đông Đình,Thôn Đông Đình,thôn,dong_dinh,3,truoc_2026_07,unverified,
09076.004,09076,25,Đội Cấn,Thôn Đội Cấn,thôn,doi_can,4,truoc_2026_07,unverified,
09076.005,09076,25,Hà Trì,Thôn Hà Trì,thôn,ha_tri,5,truoc_2026_07,unverified,
09076.006,09076,25,Hoa Đà,Thôn Hoa Đà,thôn,hoa_da,6,truoc_2026_07,unverified,
09076.007,09076,25,Hoa Phú,Thôn Hoa Phú,thôn,hoa_phu,7,truoc_2026_07,unverified,
09076.008,09076,25,Hồ Xuân Hương,Thôn Hồ Xuân Hương,thôn,ho_xuan_huong,8,truoc_2026_07,unverified,
09076.009,09076,25,Lạc Trung,Thôn Lạc Trung,thôn,lac_trung,9,truoc_2026_07,unverified,
09076.010,09076,25,Ngọc Động,Thôn Ngọc Động,thôn,ngoc_dong,10,truoc_2026_07,unverified,
09076.011,09076,25,Ngược Phù Lập,Thôn Ngược Phù Lập,thôn,nguoc_phu_lap,11,truoc_2026_07,unverified,
09076.012,09076,25,Nhật Tân,Thôn Nhật Tân,thôn,nhat_tan,12,truoc_2026_07,unverified,
09076.013,09076,25,Phong Doanh,Thôn Phong Doanh,thôn,phong_doanh,13,truoc_2026_07,unverified,
09076.014,09076,25,Phú Lập Ngoài,Thôn Phú Lập Ngoài,thôn,phu_lap_ngoai,14,truoc_2026_07,unverified,
09076.015,09076,25,Phúc Lập Trong,Thôn Phúc Lập Trong,thôn,phuc_lap_trong,15,truoc_2026_07,unverified,
09076.016,09076,25,Phù Cốc,Thôn Phù Cốc,thôn,phu_coc,16,truoc_2026_07,unverified,
09076.017,09076,25,Quảng Cư,Thôn Quảng Cư,thôn,quang_cu,17,truoc_2026_07,unverified,
09076.018,09076,25,Tứ Kỳ,Thôn Tứ Kỳ,thôn,tu_ky,18,truoc_2026_07,unverified,
09076.019,09076,25,Vũ Di,Thôn Vũ Di,thôn,vu_di,19,truoc_2026_07,unverified,
09076.020,09076,25,Xuân Húc 1,Thôn Xuân Húc 1,thôn,xuan_huc_1,20,truoc_2026_07,unverified,
09076.021,09076,25,Xuân Húc 2,Thôn Xuân Húc 2,thôn,xuan_huc_2,21,truoc_2026_07,unverified,
09076.022,09076,25,Xuân Lai,Thôn Xuân Lai,thôn,xuan_lai,22,truoc_2026_07,unverified,
09076.023,09076,25,Xuôi Phù Lập,Thôn Xuôi Phù Lập,thôn,xuoi_phu_lap,23,truoc_2026_07,unverified,
09076.024,09076,25,Yên Cát,Thôn Yên Cát,thôn,yen_cat,24,truoc_2026_07,unverified,
09076.025,09076,25,Yên Nhiên,Thôn Yên Nhiên,thôn,yen_nhien,25,truoc_2026_07,unverified,
09076.026,09076,25,Yên Thịnh,Thôn Yên Thịnh,thôn,yen_thinh,26,truoc_2026_07,unverified,
09076.027,09076,25,Yên Trình,Thôn Yên Trình,thôn,yen_trinh,27,truoc_2026_07,unverified,
09079.001,09079,25,Cẩm Chiền,Thôn Cẩm Chiền,thôn,cam_chien,1,truoc_2026_07,unverified,
09079.002,09079,25,Đình,Thôn Đình,thôn,dinh,2,truoc_2026_07,unverified,
09079.003,09079,25,Hạ Chuế,Thôn Hạ Chuế,thôn,ha_chue,3,truoc_2026_07,unverified,
09079.004,09079,25,Hoàng Hạ,Thôn Hoàng Hạ,thôn,hoang_ha,4,truoc_2026_07,unverified,
09079.005,09079,25,Hoàng Tân,Thôn Hoàng Tân,thôn,hoang_tan,5,truoc_2026_07,unverified,
09079.006,09079,25,Hoàng Thượng,Thôn Hoàng Thượng,thôn,hoang_thuong,6,truoc_2026_07,unverified,
09079.007,09079,25,Hoàng Trung,Thôn Hoàng Trung,thôn,hoang_trung,7,truoc_2026_07,unverified,
09079.008,09079,25,Khoát,Thôn Khoát,thôn,khoat,8,truoc_2026_07,unverified,
09079.009,09079,25,Lực Điền,Thôn Lực Điền,thôn,luc_dien,9,truoc_2026_07,unverified,
09079.010,09079,25,Nha,Thôn Nha,thôn,nha,10,truoc_2026_07,unverified,
09079.011,09079,25,Nội,Thôn Nội,thôn,noi,11,truoc_2026_07,unverified,
09079.012,09079,25,Phú Nông,Thôn Phú Nông,thôn,phu_nong,12,truoc_2026_07,unverified,
09079.013,09079,25,Quyết Tiến,Thôn Quyết Tiến,thôn,quyet_tien,13,truoc_2026_07,unverified,
09079.014,09079,25,Thành Công,Thôn Thành Công,thôn,thanh_cong,14,truoc_2026_07,unverified,
09079.015,09079,25,Xuôi,Thôn Xuôi,thôn,xuoi,15,truoc_2026_07,unverified,
09079.016,09079,25,Yên Trù,Thôn Yên Trù,thôn,yen_tru,16,truoc_2026_07,unverified,
09100.001,09100,25,Bến Hội,Thôn Bến Hội,thôn,ben_hoi,1,truoc_2026_07,unverified,
09100.002,09100,25,Chợ,Thôn Chợ,thôn,cho,2,truoc_2026_07,unverified,
09100.003,09100,25,Chùa,Thôn Chùa,thôn,chua,3,truoc_2026_07,unverified,
09100.004,09100,25,Cuối,Thôn Cuối,thôn,cuoi,4,truoc_2026_07,unverified,
09100.005,09100,25,Đình,Thôn Đình,thôn,dinh,5,truoc_2026_07,unverified,
09100.006,09100,25,Đồi Me,Thôn Đồi Me,thôn,doi_me,6,truoc_2026_07,unverified,
09100.007,09100,25,Hạc Đình,Thôn Hạc Đình,thôn,hac_dinh,7,truoc_2026_07,unverified,
09100.008,09100,25,Mới,Thôn Mới,thôn,moi,8,truoc_2026_07,unverified,
09100.009,09100,25,Nghĩa Lập,Thôn Nghĩa Lập,thôn,nghia_lap,9,truoc_2026_07,unverified,
09100.010,09100,25,Nội,Thôn Nội,thôn,noi,10,truoc_2026_07,unverified,
09100.011,09100,25,Phù Yên 1,Thôn Phù Yên 1,thôn,phu_yen_1,11,truoc_2026_07,unverified,
09100.012,09100,25,Phù Yên 2,Thôn Phù Yên 2,thôn,phu_yen_2,12,truoc_2026_07,unverified,
09100.013,09100,25,Phù Yên 3,Thôn Phù Yên 3,thôn,phu_yen_3,13,truoc_2026_07,unverified,
09100.014,09100,25,Phù Yên 4,Thôn Phù Yên 4,thôn,phu_yen_4,14,truoc_2026_07,unverified,
09100.015,09100,25,Sen,Thôn Sen,thôn,sen,15,truoc_2026_07,unverified,
09100.016,09100,25,Thượng Lạp,Thôn Thượng Lạp,thôn,thuong_lap,16,truoc_2026_07,unverified,
09100.017,09100,25,Vỡ,Thôn Vỡ,thôn,vo,17,truoc_2026_07,unverified,
09106.001,09106,25,Bàn Giang,Thôn Bàn Giang,thôn,ban_giang,1,truoc_2026_07,unverified,
09106.002,09106,25,Bàn Mạch,Thôn Bàn Mạch,thôn,ban_mach,2,truoc_2026_07,unverified,
09106.003,09106,25,Bình Trù,Thôn Bình Trù,thôn,binh_tru,3,truoc_2026_07,unverified,
09106.004,09106,25,Cao Xá,Thôn Cao Xá,thôn,cao_xa,4,truoc_2026_07,unverified,
09106.005,09106,25,Chùa,Thôn Chùa,thôn,chua,5,truoc_2026_07,unverified,
09106.006,09106,25,Dẫn Tự,Thôn Dẫn Tự,thôn,dan_tu,6,truoc_2026_07,unverified,
09106.007,09106,25,Diệm Xuân,Thôn Diệm Xuân,thôn,diem_xuan,7,truoc_2026_07,unverified,
09106.008,09106,25,Đan Thượng,Thôn Đan Thượng,thôn,dan_thuong,8,truoc_2026_07,unverified,
09106.009,09106,25,Đại Định,Thôn Đại Định,thôn,dai_dinh,9,truoc_2026_07,unverified,
09106.010,09106,25,Đình,Thôn Đình,thôn,dinh,10,truoc_2026_07,unverified,
09106.011,09106,25,Đông,Thôn Đông,thôn,dong,11,truoc_2026_07,unverified,
09106.012,09106,25,Đồi,Thôn Đồi,thôn,doi,12,truoc_2026_07,unverified,
09106.013,09106,25,Đồng Phú,Thôn Đồng Phú,thôn,dong_phu,13,truoc_2026_07,unverified,
09106.014,09106,25,Hòa Lạc,Thôn Hòa Lạc,thôn,hoa_lac,14,truoc_2026_07,unverified,
09106.015,09106,25,Loan,Thôn Loan,thôn,loan,15,truoc_2026_07,unverified,
09106.016,09106,25,Mới,Thôn Mới,thôn,moi,16,truoc_2026_07,unverified,
09106.017,09106,25,Nam,Thôn Nam,thôn,nam,17,truoc_2026_07,unverified,
09106.018,09106,25,Phượng Lâu,Thôn Phượng Lâu,thôn,phuong_lau,18,truoc_2026_07,unverified,
09106.019,09106,25,Trung,Thôn Trung,thôn,trung,19,truoc_2026_07,unverified,
09106.020,09106,25,Việt An,Thôn Việt An,thôn,viet_an,20,truoc_2026_07,unverified,
09106.021,09106,25,Việt Hưng,Thôn Việt Hưng,thôn,viet_hung,21,truoc_2026_07,unverified,
09106.022,09106,25,Yên Xuyên,Thôn Yên Xuyên,thôn,yen_xuyen,22,truoc_2026_07,unverified,
09112.001,09112,25,Bắc Cường,Tổ dân phố Bắc Cường,tổ dân phố,bac_cuong,1,2026_07,unverified,2026-07-01
09112.002,09112,25,Đông Cả,Tổ dân phố Đông Cả,tổ dân phố,dong_ca,2,2026_07,unverified,2026-07-01
09112.003,09112,25,Lá Sen,Tổ dân phố Lá Sen,tổ dân phố,la_sen,3,2026_07,unverified,2026-07-01
09112.004,09112,25,Nam Cường,Tổ dân phố Nam Cường,tổ dân phố,nam_cuong,4,2026_07,unverified,2026-07-01
09112.005,09112,25,Phương Viên,Tổ dân phố Phương Viên,tổ dân phố,phuong_vien,5,2026_07,unverified,2026-07-01
09112.006,09112,25,Trúc Lâm,Tổ dân phố Trúc Lâm,tổ dân phố,truc_lam,6,2026_07,unverified,2026-07-01
09112.007,09112,25,Vĩnh Sơn 1,Tổ dân phố Vĩnh Sơn 1,tổ dân phố,vinh_son_1,7,2026_07,unverified,2026-07-01
09112.008,09112,25,Vĩnh Sơn 2,Tổ dân phố Vĩnh Sơn 2,tổ dân phố,vinh_son_2,8,2026_07,unverified,2026-07-01
09112.009,09112,25,Vĩnh Sơn 3,Tổ dân phố Vĩnh Sơn 3,tổ dân phố,vinh_son_3,9,2026_07,unverified,2026-07-01
09112.010,09112,25,Vĩnh Sơn 4,Tổ dân phố Vĩnh Sơn 4,tổ dân phố,vinh_son_4,10,2026_07,unverified,2026-07-01
09112.011,09112,25,Vĩnh Sơn 5,Tổ dân phố Vĩnh Sơn 5,tổ dân phố,vinh_son_5,11,2026_07,unverified,2026-07-01
09112.012,09112,25,30 thôn: Chùa Chợ,Tổ dân phố 30 thôn: Chùa Chợ,tổ dân phố,30_thon_chua_cho,12,2026_07,unverified,2026-07-01
09112.013,09112,25,Đông,Tổ dân phố Đông,tổ dân phố,dong,13,2026_07,unverified,2026-07-01
09112.014,09112,25,Phú Hạnh,Tổ dân phố Phú Hạnh,tổ dân phố,phu_hanh,14,2026_07,unverified,2026-07-01
09112.015,09112,25,Phú Thứ A,Tổ dân phố Phú Thứ A,tổ dân phố,phu_thu_a,15,2026_07,unverified,2026-07-01
09112.016,09112,25,Phú Thứ B,Tổ dân phố Phú Thứ B,tổ dân phố,phu_thu_b,16,2026_07,unverified,2026-07-01
09112.017,09112,25,Phú Trưng A,Tổ dân phố Phú Trưng A,tổ dân phố,phu_trung_a,17,2026_07,unverified,2026-07-01
09112.018,09112,25,Phú Trưng B,Tổ dân phố Phú Trưng B,tổ dân phố,phu_trung_b,18,2026_07,unverified,2026-07-01
09112.019,09112,25,Phú Trưng C,Tổ dân phố Phú Trưng C,tổ dân phố,phu_trung_c,19,2026_07,unverified,2026-07-01
09112.020,09112,25,Phù Chính,Tổ dân phố Phù Chính,tổ dân phố,phu_chinh,20,2026_07,unverified,2026-07-01
09112.021,09112,25,Quảng Cư,Tổ dân phố Quảng Cư,tổ dân phố,quang_cu,21,2026_07,unverified,2026-07-01
09112.022,09112,25,Táo,Tổ dân phố Táo,tổ dân phố,tao,22,2026_07,unverified,2026-07-01
09112.023,09112,25,Tân Lập,Tổ dân phố Tân Lập,tổ dân phố,tan_lap,23,2026_07,unverified,2026-07-01
09112.024,09112,25,Thạch Ngõa,Tổ dân phố Thạch Ngõa,tổ dân phố,thach_ngoa,24,2026_07,unverified,2026-07-01
09112.025,09112,25,Thọ Trưng,Tổ dân phố Thọ Trưng,tổ dân phố,tho_trung,25,2026_07,unverified,2026-07-01
09112.026,09112,25,Thượng,Tổ dân phố Thượng,tổ dân phố,thuong,26,2026_07,unverified,2026-07-01
09112.027,09112,25,Trung,Tổ dân phố Trung,tổ dân phố,trung,27,2026_07,unverified,2026-07-01
09112.028,09112,25,Đơi,Tổ dân phố Đơi,tổ dân phố,doi,28,2026_07,unverified,2026-07-01
09112.029,09112,25,Lâm,Tổ dân phố Lâm,tổ dân phố,lam,29,2026_07,unverified,2026-07-01
09112.030,09112,25,Mới A,Tổ dân phố Mới A,tổ dân phố,moi_a,30,2026_07,unverified,2026-07-01
09112.031,09112,25,Mới B,Tổ dân phố Mới B,tổ dân phố,moi_b,31,2026_07,unverified,2026-07-01
09154.001,09154,25,An Hạ,Thôn An Hạ,thôn,an_ha,1,truoc_2026_07,unverified,
09154.002,09154,25,An Lão,Thôn An Lão,thôn,an_lao,2,truoc_2026_07,unverified,
09154.003,09154,25,An Lão Ngược,Thôn An Lão Ngược,thôn,an_lao_nguoc,3,truoc_2026_07,unverified,
09154.004,09154,25,An Lão Xuôi,Thôn An Lão Xuôi,thôn,an_lao_xuoi,4,truoc_2026_07,unverified,
09154.005,09154,25,An Thọ,Thôn An Thọ,thôn,an_tho,5,truoc_2026_07,unverified,
09154.006,09154,25,An Thượng,Thôn An Thượng,thôn,an_thuong,6,truoc_2026_07,unverified,
09154.007,09154,25,Bảo Trưng,Thôn Bảo Trưng,thôn,bao_trung,7,truoc_2026_07,unverified,
09154.008,09154,25,Bàn Mạch,Thôn Bàn Mạch,thôn,ban_mach,8,truoc_2026_07,unverified,
09154.009,09154,25,Bích Chu,Thôn Bích Chu,thôn,bich_chu,9,truoc_2026_07,unverified,
09154.010,09154,25,Cam Giá,Thôn Cam Giá,thôn,cam_gia,10,truoc_2026_07,unverified,
09154.011,09154,25,Cẩm Vực,Thôn Cẩm Vực,thôn,cam_vuc,11,truoc_2026_07,unverified,
09154.012,09154,25,Chung 1,Thôn Chung 1,thôn,chung_1,12,truoc_2026_07,unverified,
09154.013,09154,25,Chung 2,Thôn Chung 2,thôn,chung_2,13,truoc_2026_07,unverified,
09154.014,09154,25,Chùa,Thôn Chùa,thôn,chua,14,truoc_2026_07,unverified,
09154.015,09154,25,Dầu,Thôn Dầu,thôn,dau,15,truoc_2026_07,unverified,
09154.016,09154,25,Duy Bình,Thôn Duy Bình,thôn,duy_binh,16,truoc_2026_07,unverified,
09154.017,09154,25,Đông,Thôn Đông,thôn,dong,17,truoc_2026_07,unverified,
09154.018,09154,25,Gồ,Thôn Gồ,thôn,go,18,truoc_2026_07,unverified,
09154.019,09154,25,Hậu Lộc,Thôn Hậu Lộc,thôn,hau_loc,19,truoc_2026_07,unverified,
09154.020,09154,25,Hệ,Thôn Hệ,thôn,he,20,truoc_2026_07,unverified,
09154.021,09154,25,Hoàng Xá,Thôn Hoàng Xá,thôn,hoang_xa,21,truoc_2026_07,unverified,
09154.022,09154,25,Hồi Cương,Thôn Hồi Cương,thôn,hoi_cuong,22,truoc_2026_07,unverified,
09154.023,09154,25,Khách Nhi,Thôn Khách Nhi,thôn,khach_nhi,23,truoc_2026_07,unverified,
09154.024,09154,25,Khách Nhi Ngược,Thôn Khách Nhi Ngược,thôn,khach_nhi_nguoc,24,truoc_2026_07,unverified,
09154.025,09154,25,Khách Nhi Xuôi,Thôn Khách Nhi Xuôi,thôn,khach_nhi_xuoi,25,truoc_2026_07,unverified,
09154.026,09154,25,Kim Đê,Thôn Kim Đê,thôn,kim_de,26,truoc_2026_07,unverified,
09154.027,09154,25,Kim Xa,Thôn Kim Xa,thôn,kim_xa,27,truoc_2026_07,unverified,
09154.028,09154,25,Liễu,Thôn Liễu,thôn,lieu,28,truoc_2026_07,unverified,
09154.029,09154,25,Môn Tri,Thôn Môn Tri,thôn,mon_tri,29,truoc_2026_07,unverified,
09154.030,09154,25,Mới,Thôn Mới,thôn,moi,30,truoc_2026_07,unverified,
09154.031,09154,25,Tam Đinh,Thôn Tam Đinh,thôn,tam_dinh,31,truoc_2026_07,unverified,
09154.032,09154,25,Tân An,Thôn Tân An,thôn,tan_an,32,truoc_2026_07,unverified,
09154.033,09154,25,Thủ Độ,Thôn Thủ Độ,thôn,thu_do,33,truoc_2026_07,unverified,
09154.034,09154,25,Thượng,Thôn Thượng,thôn,thuong,34,truoc_2026_07,unverified,
09154.035,09154,25,Trại Tri,Thôn Trại Tri,thôn,trai_tri,35,truoc_2026_07,unverified,
09154.036,09154,25,Trung,Thôn Trung,thôn,trung,36,truoc_2026_07,unverified,
09154.037,09154,25,Văn Hà,Thôn Văn Hà,thôn,van_ha,37,truoc_2026_07,unverified,
09154.038,09154,25,Vân Giang,Thôn Vân Giang,thôn,van_giang,38,truoc_2026_07,unverified,
09154.039,09154,25,Ven,Thôn Ven,thôn,ven,39,truoc_2026_07,unverified,
09154.040,09154,25,Xám,Thôn Xám,thôn,xam,40,truoc_2026_07,unverified,
09154.041,09154,25,Xuân Chiểu,Thôn Xuân Chiểu,thôn,xuan_chieu,41,truoc_2026_07,unverified,
09154.042,09154,25,Yên Định,Thôn Yên Định,thôn,yen_dinh,42,truoc_2026_07,unverified,
09552.001,09552,01,Đa Sỹ 1,Tổ dân phố Đa Sỹ 1,tổ dân phố,da_sy_1,1,2026_07,unverified,2026-07-01
09552.002,09552,01,Đa Sỹ 2,Tổ dân phố Đa Sỹ 2,tổ dân phố,da_sy_2,2,2026_07,unverified,2026-07-01
09552.003,09552,01,Đa Sỹ 3,Tổ dân phố Đa Sỹ 3,tổ dân phố,da_sy_3,3,2026_07,unverified,2026-07-01
09552.004,09552,01,Đa Sỹ 4,Tổ dân phố Đa Sỹ 4,tổ dân phố,da_sy_4,4,2026_07,unverified,2026-07-01
09552.005,09552,01,Hoàng Công 1,Tổ dân phố Hoàng Công 1,tổ dân phố,hoang_cong_1,5,2026_07,unverified,2026-07-01
09552.006,09552,01,Hoàng Công 2,Tổ dân phố Hoàng Công 2,tổ dân phố,hoang_cong_2,6,2026_07,unverified,2026-07-01
09552.007,09552,01,Hoàng Công 3,Tổ dân phố Hoàng Công 3,tổ dân phố,hoang_cong_3,7,2026_07,unverified,2026-07-01
09552.008,09552,01,Hoàng Công 4,Tổ dân phố Hoàng Công 4,tổ dân phố,hoang_cong_4,8,2026_07,unverified,2026-07-01
09552.009,09552,01,Hoàng Công 5,Tổ dân phố Hoàng Công 5,tổ dân phố,hoang_cong_5,9,2026_07,unverified,2026-07-01
09552.010,09552,01,Hoàng Công 6,Tổ dân phố Hoàng Công 6,tổ dân phố,hoang_cong_6,10,2026_07,unverified,2026-07-01
09552.011,09552,01,Hưng Thịnh 1,Tổ dân phố Hưng Thịnh 1,tổ dân phố,hung_thinh_1,11,2026_07,unverified,2026-07-01
09552.012,09552,01,Hưng Thịnh 2,Tổ dân phố Hưng Thịnh 2,tổ dân phố,hung_thinh_2,12,2026_07,unverified,2026-07-01
09552.013,09552,01,Hưng Thịnh 3,Tổ dân phố Hưng Thịnh 3,tổ dân phố,hung_thinh_3,13,2026_07,unverified,2026-07-01
09552.014,09552,01,Hưng Thịnh 4,Tổ dân phố Hưng Thịnh 4,tổ dân phố,hung_thinh_4,14,2026_07,unverified,2026-07-01
09552.015,09552,01,Mậu Lương 1,Tổ dân phố Mậu Lương 1,tổ dân phố,mau_luong_1,15,2026_07,unverified,2026-07-01
09552.016,09552,01,Mậu Lương 2,Tổ dân phố Mậu Lương 2,tổ dân phố,mau_luong_2,16,2026_07,unverified,2026-07-01
09552.017,09552,01,Mậu Lương 3,Tổ dân phố Mậu Lương 3,tổ dân phố,mau_luong_3,17,2026_07,unverified,2026-07-01
09552.018,09552,01,Phú La 1,Tổ dân phố Phú La 1,tổ dân phố,phu_la_1,18,2026_07,unverified,2026-07-01
09552.019,09552,01,Phú La 2,Tổ dân phố Phú La 2,tổ dân phố,phu_la_2,19,2026_07,unverified,2026-07-01
09552.020,09552,01,Phú La 3,Tổ dân phố Phú La 3,tổ dân phố,phu_la_3,20,2026_07,unverified,2026-07-01
09552.021,09552,01,Phú La 4,Tổ dân phố Phú La 4,tổ dân phố,phu_la_4,21,2026_07,unverified,2026-07-01
09552.022,09552,01,Phú La 5,Tổ dân phố Phú La 5,tổ dân phố,phu_la_5,22,2026_07,unverified,2026-07-01
09552.023,09552,01,Phú La 6,Tổ dân phố Phú La 6,tổ dân phố,phu_la_6,23,2026_07,unverified,2026-07-01
09552.024,09552,01,Văn La 1,Tổ dân phố Văn La 1,tổ dân phố,van_la_1,24,2026_07,unverified,2026-07-01
09552.025,09552,01,Văn La 2,Tổ dân phố Văn La 2,tổ dân phố,van_la_2,25,2026_07,unverified,2026-07-01
09552.026,09552,01,Văn Phú 1,Tổ dân phố Văn Phú 1,tổ dân phố,van_phu_1,26,2026_07,unverified,2026-07-01
09552.027,09552,01,Văn Phú 2,Tổ dân phố Văn Phú 2,tổ dân phố,van_phu_2,27,2026_07,unverified,2026-07-01
09556.001,09556,01,1 Hà Cầu,Tổ dân phố 1 Hà Cầu,tổ dân phố,1_ha_cau,1,2026_07,unverified,2026-07-01
09556.002,09556,01,2 Hà Cầu,Tổ dân phố 2 Hà Cầu,tổ dân phố,2_ha_cau,2,2026_07,unverified,2026-07-01
09556.003,09556,01,3 Hà Cầu,Tổ dân phố 3 Hà Cầu,tổ dân phố,3_ha_cau,3,2026_07,unverified,2026-07-01
09556.004,09556,01,4 Hà Cầu,Tổ dân phố 4 Hà Cầu,tổ dân phố,4_ha_cau,4,2026_07,unverified,2026-07-01
09556.005,09556,01,5 Hà Cầu,Tổ dân phố 5 Hà Cầu,tổ dân phố,5_ha_cau,5,2026_07,unverified,2026-07-01
09556.006,09556,01,6 Hà Cầu,Tổ dân phố 6 Hà Cầu,tổ dân phố,6_ha_cau,6,2026_07,unverified,2026-07-01
09556.007,09556,01,7 Hà Cầu,Tổ dân phố 7 Hà Cầu,tổ dân phố,7_ha_cau,7,2026_07,unverified,2026-07-01
09556.008,09556,01,1 La Khê,Tổ dân phố 1 La Khê,tổ dân phố,1_la_khe,8,2026_07,unverified,2026-07-01
09556.009,09556,01,2 La Khê,Tổ dân phố 2 La Khê,tổ dân phố,2_la_khe,9,2026_07,unverified,2026-07-01
09556.010,09556,01,3 La Khê,Tổ dân phố 3 La Khê,tổ dân phố,3_la_khe,10,2026_07,unverified,2026-07-01
09556.011,09556,01,4 La Khê,Tổ dân phố 4 La Khê,tổ dân phố,4_la_khe,11,2026_07,unverified,2026-07-01
09556.012,09556,01,5 La Khê,Tổ dân phố 5 La Khê,tổ dân phố,5_la_khe,12,2026_07,unverified,2026-07-01
09556.013,09556,01,6 La Khê,Tổ dân phố 6 La Khê,tổ dân phố,6_la_khe,13,2026_07,unverified,2026-07-01
09556.014,09556,01,9 La Khê,Tổ dân phố 9 La Khê,tổ dân phố,9_la_khe,14,2026_07,unverified,2026-07-01
09556.015,09556,01,1 Mộ Lao,Tổ dân phố 1 Mộ Lao,tổ dân phố,1_mo_lao,15,2026_07,unverified,2026-07-01
09556.016,09556,01,2 Mộ Lao,Tổ dân phố 2 Mộ Lao,tổ dân phố,2_mo_lao,16,2026_07,unverified,2026-07-01
09556.017,09556,01,3 Mộ Lao,Tổ dân phố 3 Mộ Lao,tổ dân phố,3_mo_lao,17,2026_07,unverified,2026-07-01
09556.018,09556,01,4 Mộ Lao,Tổ dân phố 4 Mộ Lao,tổ dân phố,4_mo_lao,18,2026_07,unverified,2026-07-01
09556.019,09556,01,5 Mộ Lao,Tổ dân phố 5 Mộ Lao,tổ dân phố,5_mo_lao,19,2026_07,unverified,2026-07-01
09556.020,09556,01,6 Mộ Lao,Tổ dân phố 6 Mộ Lao,tổ dân phố,6_mo_lao,20,2026_07,unverified,2026-07-01
09556.021,09556,01,7 Mộ Lao,Tổ dân phố 7 Mộ Lao,tổ dân phố,7_mo_lao,21,2026_07,unverified,2026-07-01
09556.022,09556,01,8 Mộ Lao,Tổ dân phố 8 Mộ Lao,tổ dân phố,8_mo_lao,22,2026_07,unverified,2026-07-01
09556.023,09556,01,9 Mộ Lao,Tổ dân phố 9 Mộ Lao,tổ dân phố,9_mo_lao,23,2026_07,unverified,2026-07-01
09556.024,09556,01,1 Nguyễn Trãi,Tổ dân phố 1 Nguyễn Trãi,tổ dân phố,1_nguyen_trai,24,2026_07,unverified,2026-07-01
09556.025,09556,01,2 Nguyễn Trãi,Tổ dân phố 2 Nguyễn Trãi,tổ dân phố,2_nguyen_trai,25,2026_07,unverified,2026-07-01
09556.026,09556,01,3 Nguyễn Trãi,Tổ dân phố 3 Nguyễn Trãi,tổ dân phố,3_nguyen_trai,26,2026_07,unverified,2026-07-01
09556.027,09556,01,4 Nguyễn Trãi,Tổ dân phố 4 Nguyễn Trãi,tổ dân phố,4_nguyen_trai,27,2026_07,unverified,2026-07-01
09556.028,09556,01,5 Nguyễn Trãi,Tổ dân phố 5 Nguyễn Trãi,tổ dân phố,5_nguyen_trai,28,2026_07,unverified,2026-07-01
09556.029,09556,01,1 Phúc La,Tổ dân phố 1 Phúc La,tổ dân phố,1_phuc_la,29,2026_07,unverified,2026-07-01
09556.030,09556,01,2 Phúc La,Tổ dân phố 2 Phúc La,tổ dân phố,2_phuc_la,30,2026_07,unverified,2026-07-01
09556.031,09556,01,3 Phúc La,Tổ dân phố 3 Phúc La,tổ dân phố,3_phuc_la,31,2026_07,unverified,2026-07-01
09556.032,09556,01,4 Phúc La,Tổ dân phố 4 Phúc La,tổ dân phố,4_phuc_la,32,2026_07,unverified,2026-07-01
09556.033,09556,01,5 Phúc La,Tổ dân phố 5 Phúc La,tổ dân phố,5_phuc_la,33,2026_07,unverified,2026-07-01
09556.034,09556,01,6 Phúc La,Tổ dân phố 6 Phúc La,tổ dân phố,6_phuc_la,34,2026_07,unverified,2026-07-01
09556.035,09556,01,7 Phúc La,Tổ dân phố 7 Phúc La,tổ dân phố,7_phuc_la,35,2026_07,unverified,2026-07-01
09556.036,09556,01,8 Phúc La,Tổ dân phố 8 Phúc La,tổ dân phố,8_phuc_la,36,2026_07,unverified,2026-07-01
09556.037,09556,01,9 Phúc La,Tổ dân phố 9 Phúc La,tổ dân phố,9_phuc_la,37,2026_07,unverified,2026-07-01
09556.038,09556,01,10 Phúc La,Tổ dân phố 10 Phúc La,tổ dân phố,10_phuc_la,38,2026_07,unverified,2026-07-01
09556.039,09556,01,11 Phúc La,Tổ dân phố 11 Phúc La,tổ dân phố,11_phuc_la,39,2026_07,unverified,2026-07-01
09556.040,09556,01,12 Phúc La,Tổ dân phố 12 Phúc La,tổ dân phố,12_phuc_la,40,2026_07,unverified,2026-07-01
09556.041,09556,01,1 Quang Trung,Tổ dân phố 1 Quang Trung,tổ dân phố,1_quang_trung,41,2026_07,unverified,2026-07-01
09556.042,09556,01,2 Quang Trung,Tổ dân phố 2 Quang Trung,tổ dân phố,2_quang_trung,42,2026_07,unverified,2026-07-01
09556.043,09556,01,3 Quang Trung,Tổ dân phố 3 Quang Trung,tổ dân phố,3_quang_trung,43,2026_07,unverified,2026-07-01
09556.044,09556,01,4 Quang Trung,Tổ dân phố 4 Quang Trung,tổ dân phố,4_quang_trung,44,2026_07,unverified,2026-07-01
09556.045,09556,01,5 Quang Trung,Tổ dân phố 5 Quang Trung,tổ dân phố,5_quang_trung,45,2026_07,unverified,2026-07-01
09556.046,09556,01,6 Quang Trung,Tổ dân phố 6 Quang Trung,tổ dân phố,6_quang_trung,46,2026_07,unverified,2026-07-01
09556.047,09556,01,1 Vạn Phúc,Tổ dân phố 1 Vạn Phúc,tổ dân phố,1_van_phuc,47,2026_07,unverified,2026-07-01
09556.048,09556,01,2 Vạn Phúc,Tổ dân phố 2 Vạn Phúc,tổ dân phố,2_van_phuc,48,2026_07,unverified,2026-07-01
09556.049,09556,01,3 Vạn Phúc,Tổ dân phố 3 Vạn Phúc,tổ dân phố,3_van_phuc,49,2026_07,unverified,2026-07-01
09556.050,09556,01,4 Vạn Phúc,Tổ dân phố 4 Vạn Phúc,tổ dân phố,4_van_phuc,50,2026_07,unverified,2026-07-01
09556.051,09556,01,5 Vạn Phúc,Tổ dân phố 5 Vạn Phúc,tổ dân phố,5_van_phuc,51,2026_07,unverified,2026-07-01
09556.052,09556,01,1 Văn Quán,Tổ dân phố 1 Văn Quán,tổ dân phố,1_van_quan,52,2026_07,unverified,2026-07-01
09556.053,09556,01,2 Văn Quán,Tổ dân phố 2 Văn Quán,tổ dân phố,2_van_quan,53,2026_07,unverified,2026-07-01
09556.054,09556,01,3 Văn Quán,Tổ dân phố 3 Văn Quán,tổ dân phố,3_van_quan,54,2026_07,unverified,2026-07-01
09556.055,09556,01,4 Văn Quán,Tổ dân phố 4 Văn Quán,tổ dân phố,4_van_quan,55,2026_07,unverified,2026-07-01
09556.056,09556,01,5 Văn Quán,Tổ dân phố 5 Văn Quán,tổ dân phố,5_van_quan,56,2026_07,unverified,2026-07-01
09556.057,09556,01,6 Văn Quán,Tổ dân phố 6 Văn Quán,tổ dân phố,6_van_quan,57,2026_07,unverified,2026-07-01
09556.058,09556,01,7 Văn Quán,Tổ dân phố 7 Văn Quán,tổ dân phố,7_van_quan,58,2026_07,unverified,2026-07-01
09556.059,09556,01,1 Yết Kiêu,Tổ dân phố 1 Yết Kiêu,tổ dân phố,1_yet_kieu,59,2026_07,unverified,2026-07-01
09556.060,09556,01,2 Yết Kiêu,Tổ dân phố 2 Yết Kiêu,tổ dân phố,2_yet_kieu,60,2026_07,unverified,2026-07-01
09556.061,09556,01,3 Yết Kiêu,Tổ dân phố 3 Yết Kiêu,tổ dân phố,3_yet_kieu,61,2026_07,unverified,2026-07-01
09556.062,09556,01,Văn Khê 1,Tổ dân phố Văn Khê 1,tổ dân phố,van_khe_1,62,2026_07,unverified,2026-07-01
09556.063,09556,01,Văn Khê 2,Tổ dân phố Văn Khê 2,tổ dân phố,van_khe_2,63,2026_07,unverified,2026-07-01
09556.064,09556,01,Văn Khê 3,Tổ dân phố Văn Khê 3,tổ dân phố,van_khe_3,64,2026_07,unverified,2026-07-01
09556.065,09556,01,Yên Phúc,Tổ dân phố Yên Phúc,tổ dân phố,yen_phuc,65,2026_07,unverified,2026-07-01
09562.001,09562,01,An Định,Tổ dân phố An Định,tổ dân phố,an_dinh,1,2026_07,unverified,2026-07-01
09562.002,09562,01,An Lạc,Tổ dân phố An Lạc,tổ dân phố,an_lac,2,2026_07,unverified,2026-07-01
09562.003,09562,01,Cổ Bản,Tổ dân phố Cổ Bản,tổ dân phố,co_ban,3,2026_07,unverified,2026-07-01
09562.004,09562,01,Do Lộ,Tổ dân phố Do Lộ,tổ dân phố,do_lo,4,2026_07,unverified,2026-07-01
09562.005,09562,01,Đồng Dương,Tổ dân phố Đồng Dương,tổ dân phố,dong_duong,5,2026_07,unverified,2026-07-01
09562.006,09562,01,Đồng Hoàng,Tổ dân phố Đồng Hoàng,tổ dân phố,dong_hoang,6,2026_07,unverified,2026-07-01
09562.007,09562,01,Hòa Bình,Tổ dân phố Hòa Bình,tổ dân phố,hoa_binh,7,2026_07,unverified,2026-07-01
09562.008,09562,01,Nhân Huệ,Tổ dân phố Nhân Huệ,tổ dân phố,nhan_hue,8,2026_07,unverified,2026-07-01
09562.009,09562,01,Nhân Sơn,Tổ dân phố Nhân Sơn,tổ dân phố,nhan_son,9,2026_07,unverified,2026-07-01
09562.010,09562,01,Quốc An,Tổ dân phố Quốc An,tổ dân phố,quoc_an,10,2026_07,unverified,2026-07-01
09562.011,09562,01,Quyết Thắng,Tổ dân phố Quyết Thắng,tổ dân phố,quyet_thang,11,2026_07,unverified,2026-07-01
09562.012,09562,01,Trung Hưng,Tổ dân phố Trung Hưng,tổ dân phố,trung_hung,12,2026_07,unverified,2026-07-01
09562.013,09562,01,Yên Bình,Tổ dân phố Yên Bình,tổ dân phố,yen_binh,13,2026_07,unverified,2026-07-01
09562.014,09562,01,Yên Hòa,Tổ dân phố Yên Hòa,tổ dân phố,yen_hoa,14,2026_07,unverified,2026-07-01
09562.015,09562,01,Yên Phúc,Tổ dân phố Yên Phúc,tổ dân phố,yen_phuc,15,2026_07,unverified,2026-07-01
09568.001,09568,01,Ba La,Tổ dân phố Ba La,tổ dân phố,ba_la,1,2026_07,unverified,2026-07-01
09568.002,09568,01,Bắc Lãm 8,Tổ dân phố Bắc Lãm 8,tổ dân phố,bac_lam_8,2,2026_07,unverified,2026-07-01
09568.003,09568,01,Bắc Lãm 9,Tổ dân phố Bắc Lãm 9,tổ dân phố,bac_lam_9,3,2026_07,unverified,2026-07-01
09568.004,09568,01,Động Lãm,Tổ dân phố Động Lãm,tổ dân phố,dong_lam,4,2026_07,unverified,2026-07-01
09568.005,09568,01,Huyền Kỳ 1,Tổ dân phố Huyền Kỳ 1,tổ dân phố,huyen_ky_1,5,2026_07,unverified,2026-07-01
09568.006,09568,01,Huyền Kỳ 2,Tổ dân phố Huyền Kỳ 2,tổ dân phố,huyen_ky_2,6,2026_07,unverified,2026-07-01
09568.007,09568,01,Nhân Trạch 1,Tổ dân phố Nhân Trạch 1,tổ dân phố,nhan_trach_1,7,2026_07,unverified,2026-07-01
09568.008,09568,01,Nhân Trạch 2,Tổ dân phố Nhân Trạch 2,tổ dân phố,nhan_trach_2,8,2026_07,unverified,2026-07-01
09568.009,09568,01,Phú Lãm,Tổ dân phố Phú Lãm,tổ dân phố,phu_lam,9,2026_07,unverified,2026-07-01
09568.010,09568,01,Quang Lãm,Tổ dân phố Quang Lãm,tổ dân phố,quang_lam,10,2026_07,unverified,2026-07-01
09568.011,09568,01,Thanh Hà,Tổ dân phố Thanh Hà,tổ dân phố,thanh_ha,11,2026_07,unverified,2026-07-01
09568.012,09568,01,Thanh Lãm 1,Tổ dân phố Thanh Lãm 1,tổ dân phố,thanh_lam_1,12,2026_07,unverified,2026-07-01
09568.013,09568,01,Thanh Lãm 2,Tổ dân phố Thanh Lãm 2,tổ dân phố,thanh_lam_2,13,2026_07,unverified,2026-07-01
09568.014,09568,01,Thượng Mạo,Tổ dân phố Thượng Mạo,tổ dân phố,thuong_mao,14,2026_07,unverified,2026-07-01
09568.015,09568,01,Trinh Lương,Tổ dân phố Trinh Lương,tổ dân phố,trinh_luong,15,2026_07,unverified,2026-07-01
09568.016,09568,01,Văn Nội 1,Tổ dân phố Văn Nội 1,tổ dân phố,van_noi_1,16,2026_07,unverified,2026-07-01
09568.017,09568,01,Văn Nội 2,Tổ dân phố Văn Nội 2,tổ dân phố,van_noi_2,17,2026_07,unverified,2026-07-01
09574.001,09574,01,Ái Mỗ,Tổ dân phố Ái Mỗ,tổ dân phố,ai_mo,1,2026_07,unverified,2026-07-01
09574.002,09574,01,Cam Lâm,Tổ dân phố Cam Lâm,tổ dân phố,cam_lam,2,2026_07,unverified,2026-07-01
09574.003,09574,01,Chùa Thông,Tổ dân phố Chùa Thông,tổ dân phố,chua_thong,3,2026_07,unverified,2026-07-01
09574.004,09574,01,Đông Sàng,Tổ dân phố Đông Sàng,tổ dân phố,dong_sang,4,2026_07,unverified,2026-07-01
09574.005,09574,01,Đường Lâm,Tổ dân phố Đường Lâm,tổ dân phố,duong_lam,5,2026_07,unverified,2026-07-01
09574.006,09574,01,Hồng Hà,Tổ dân phố Hồng Hà,tổ dân phố,hong_ha,6,2026_07,unverified,2026-07-01
09574.007,09574,01,Lạc Sơn,Tổ dân phố Lạc Sơn,tổ dân phố,lac_son,7,2026_07,unverified,2026-07-01
09574.008,09574,01,Lê Lợi,Tổ dân phố Lê Lợi,tổ dân phố,le_loi,8,2026_07,unverified,2026-07-01
09574.009,09574,01,Nghĩa Phủ,Tổ dân phố Nghĩa Phủ,tổ dân phố,nghia_phu,9,2026_07,unverified,2026-07-01
09574.010,09574,01,Ngô Quyền,Tổ dân phố Ngô Quyền,tổ dân phố,ngo_quyen,10,2026_07,unverified,2026-07-01
09574.011,09574,01,Phú Mai,Tổ dân phố Phú Mai,tổ dân phố,phu_mai,11,2026_07,unverified,2026-07-01
09574.012,09574,01,Phú Nhi,Tổ dân phố Phú Nhi,tổ dân phố,phu_nhi,12,2026_07,unverified,2026-07-01
09574.013,09574,01,Phú Thịnh,Tổ dân phố Phú Thịnh,tổ dân phố,phu_thinh,13,2026_07,unverified,2026-07-01
09574.014,09574,01,Phù Sa,Tổ dân phố Phù Sa,tổ dân phố,phu_sa,14,2026_07,unverified,2026-07-01
09574.015,09574,01,Phùng Hưng,Tổ dân phố Phùng Hưng,tổ dân phố,phung_hung,15,2026_07,unverified,2026-07-01
09574.016,09574,01,Phùng Khắc Khoan,Tổ dân phố Phùng Khắc Khoan,tổ dân phố,phung_khac_khoan,16,2026_07,unverified,2026-07-01
09574.017,09574,01,Quang Trung,Tổ dân phố Quang Trung,tổ dân phố,quang_trung,17,2026_07,unverified,2026-07-01
09574.018,09574,01,Sơn Lộc,Tổ dân phố Sơn Lộc,tổ dân phố,son_loc,18,2026_07,unverified,2026-07-01
09574.019,09574,01,Tiền Huân,Tổ dân phố Tiền Huân,tổ dân phố,tien_huan,19,2026_07,unverified,2026-07-01
09574.020,09574,01,Trần Hưng Đạo,Tổ dân phố Trần Hưng Đạo,tổ dân phố,tran_hung_dao,20,2026_07,unverified,2026-07-01
09574.021,09574,01,Trung Hưng,Tổ dân phố Trung Hưng,tổ dân phố,trung_hung,21,2026_07,unverified,2026-07-01
09574.022,09574,01,Văn Miếu,Tổ dân phố Văn Miếu,tổ dân phố,van_mieu,22,2026_07,unverified,2026-07-01
09574.023,09574,01,Vân Gia,Tổ dân phố Vân Gia,tổ dân phố,van_gia,23,2026_07,unverified,2026-07-01
09574.024,09574,01,Viên Sơn,Tổ dân phố Viên Sơn,tổ dân phố,vien_son,24,2026_07,unverified,2026-07-01
09574.025,09574,01,Yên Mỹ,Tổ dân phố Yên Mỹ,tổ dân phố,yen_my,25,2026_07,unverified,2026-07-01
09604.001,09604,01,Hữu Nghị,Tổ dân phố Hữu Nghị,tổ dân phố,huu_nghi,1,2026_07,unverified,2026-07-01
09604.002,09604,01,Nhân Lý,Tổ dân phố Nhân Lý,tổ dân phố,nhan_ly,2,2026_07,unverified,2026-07-01
09604.003,09604,01,Sơn Lộc,Tổ dân phố Sơn Lộc,tổ dân phố,son_loc,3,2026_07,unverified,2026-07-01
09604.004,09604,01,Thanh Mỹ,Tổ dân phố Thanh Mỹ,tổ dân phố,thanh_my,4,2026_07,unverified,2026-07-01
09604.005,09604,01,Thanh Vị,Tổ dân phố Thanh Vị,tổ dân phố,thanh_vi,5,2026_07,unverified,2026-07-01
09604.006,09604,01,Thắng Lợi,Tổ dân phố Thắng Lợi,tổ dân phố,thang_loi,6,2026_07,unverified,2026-07-01
09604.007,09604,01,Trung Hậu,Tổ dân phố Trung Hậu,tổ dân phố,trung_hau,7,2026_07,unverified,2026-07-01
09604.008,09604,01,Trung Sơn,Tổ dân phố Trung Sơn,tổ dân phố,trung_son,8,2026_07,unverified,2026-07-01
09604.009,09604,01,Văn Khê,Tổ dân phố Văn Khê,tổ dân phố,van_khe,9,2026_07,unverified,2026-07-01
09604.010,09604,01,Vị Thủy,Tổ dân phố Vị Thủy,tổ dân phố,vi_thuy,10,2026_07,unverified,2026-07-01
09604.011,09604,01,Xuân Khanh,Tổ dân phố Xuân Khanh,tổ dân phố,xuan_khanh,11,2026_07,unverified,2026-07-01
09604.012,09604,01,Xuân Sơn,Tổ dân phố Xuân Sơn,tổ dân phố,xuan_son,12,2026_07,unverified,2026-07-01
09616.001,09616,01,Ấp Bắc,Thôn Ấp Bắc,thôn,ap_bac,1,2026_07,unverified,2026-07-01
09616.002,09616,01,Bắc Kiên,Thôn Bắc Kiên,thôn,bac_kien,2,2026_07,unverified,2026-07-01
09616.003,09616,01,Cổ Đông,Thôn Cổ Đông,thôn,co_dong,3,2026_07,unverified,2026-07-01
09616.004,09616,01,Đoàn Kết,Thôn Đoàn Kết,thôn,doan_ket,4,2026_07,unverified,2026-07-01
09616.005,09616,01,Kim Sơn,Thôn Kim Sơn,thôn,kim_son,5,2026_07,unverified,2026-07-01
09616.006,09616,01,Kim Tân,Thôn Kim Tân,thôn,kim_tan,6,2026_07,unverified,2026-07-01
09616.007,09616,01,La Thành,Thôn La Thành,thôn,la_thanh,7,2026_07,unverified,2026-07-01
09616.008,09616,01,Măng Sơn,Thôn Măng Sơn,thôn,mang_son,8,2026_07,unverified,2026-07-01
09616.009,09616,01,Sơn Đông,Thôn Sơn Đông,thôn,son_dong,9,2026_07,unverified,2026-07-01
09616.010,09616,01,Tân Phú,Thôn Tân Phú,thôn,tan_phu,10,2026_07,unverified,2026-07-01
09616.011,09616,01,Tây Ninh,Thôn Tây Ninh,thôn,tay_ninh,11,2026_07,unverified,2026-07-01
09619.001,09619,01,Cam Thượng,Thôn Cam Thượng,thôn,cam_thuong,1,2026_07,unverified,2026-07-01
09619.002,09619,01,Chu Quyến,Thôn Chu Quyến,thôn,chu_quyen,2,2026_07,unverified,2026-07-01
09619.003,09619,01,Đông Quang,Thôn Đông Quang,thôn,dong_quang,3,2026_07,unverified,2026-07-01
09619.004,09619,01,Hưng Đạo,Thôn Hưng Đạo,thôn,hung_dao,4,2026_07,unverified,2026-07-01
09619.005,09619,01,Kim Bằng,Thôn Kim Bằng,thôn,kim_bang,5,2026_07,unverified,2026-07-01
09619.006,09619,01,Liên Minh,Thôn Liên Minh,thôn,lien_minh,6,2026_07,unverified,2026-07-01
09619.007,09619,01,Liễu Hồng,Thôn Liễu Hồng,thôn,lieu_hong,7,2026_07,unverified,2026-07-01
09619.008,09619,01,Nam Cao,Thôn Nam Cao,thôn,nam_cao,8,2026_07,unverified,2026-07-01
09619.009,09619,01,Tây Đằng,Thôn Tây Đằng,thôn,tay_dang,9,2026_07,unverified,2026-07-01
09619.010,09619,01,Thụy An,Thôn Thụy An,thôn,thuy_an,10,2026_07,unverified,2026-07-01
09619.011,09619,01,Tiên Phong,Thôn Tiên Phong,thôn,tien_phong,11,2026_07,unverified,2026-07-01
09619.012,09619,01,Văn Minh,Thôn Văn Minh,thôn,van_minh,12,2026_07,unverified,2026-07-01
09619.013,09619,01,Vân Lai,Thôn Vân Lai,thôn,van_lai,13,2026_07,unverified,2026-07-01
09619.014,09619,01,Vĩnh Phệ,Thôn Vĩnh Phệ,thôn,vinh_phe,14,2026_07,unverified,2026-07-01
09619.015,09619,01,Yên Khoái,Thôn Yên Khoái,thôn,yen_khoai,15,2026_07,unverified,2026-07-01
09634.001,09634,01,Châu Sơn,Thôn Châu Sơn,thôn,chau_son,1,2026_07,unverified,2026-07-01
09634.002,09634,01,Cổ Đô,Thôn Cổ Đô,thôn,co_do,2,2026_07,unverified,2026-07-01
09634.003,09634,01,La Phẩm,Thôn La Phẩm,thôn,la_pham,3,2026_07,unverified,2026-07-01
09634.004,09634,01,La Thiện,Thôn La Thiện,thôn,la_thien,4,2026_07,unverified,2026-07-01
09634.005,09634,01,Mai Trai,Thôn Mai Trai,thôn,mai_trai,5,2026_07,unverified,2026-07-01
09634.006,09634,01,Phú Đông,Thôn Phú Đông,thôn,phu_dong,6,2026_07,unverified,2026-07-01
09634.007,09634,01,Phú Phương,Thôn Phú Phương,thôn,phu_phuong,7,2026_07,unverified,2026-07-01
09634.008,09634,01,Phú Thịnh,Thôn Phú Thịnh,thôn,phu_thinh,8,2026_07,unverified,2026-07-01
09634.009,09634,01,Tân Lập,Thôn Tân Lập,thôn,tan_lap,9,2026_07,unverified,2026-07-01
09634.010,09634,01,Tân Phong,Thôn Tân Phong,thôn,tan_phong,10,2026_07,unverified,2026-07-01
09634.011,09634,01,Thanh Chiểu,Thôn Thanh Chiểu,thôn,thanh_chieu,11,2026_07,unverified,2026-07-01
09634.012,09634,01,Trung Hạ,Thôn Trung Hạ,thôn,trung_ha,12,2026_07,unverified,2026-07-01
09634.013,09634,01,Vạn Thắng,Thôn Vạn Thắng,thôn,van_thang,13,2026_07,unverified,2026-07-01
09634.014,09634,01,Vân Hội,Thôn Vân Hội,thôn,van_hoi,14,2026_07,unverified,2026-07-01
09634.015,09634,01,Vân Sa,Thôn Vân Sa,thôn,van_sa,15,2026_07,unverified,2026-07-01
09661.001,09661,01,Chu Chàng,Thôn Chu Chàng,thôn,chu_chang,1,truoc_2026_07,unverified,
09661.002,09661,01,Chu Châu,Thôn Chu Châu,thôn,chu_chau,2,truoc_2026_07,unverified,
09664.001,09664,01,Đồng Bảng,Thôn Đồng Bảng,thôn,dong_bang,1,2026_07,unverified,2026-07-01
09664.002,09664,01,Phong Châu,Thôn Phong Châu,thôn,phong_chau,2,2026_07,unverified,2026-07-01
09664.003,09664,01,Phú Châu,Thôn Phú Châu,thôn,phu_chau,3,2026_07,unverified,2026-07-01
09664.004,09664,01,Phú Hữu,Thôn Phú Hữu,thôn,phu_huu,4,2026_07,unverified,2026-07-01
09664.005,09664,01,Phú Xuyên,Thôn Phú Xuyên,thôn,phu_xuyen,5,2026_07,unverified,2026-07-01
09664.006,09664,01,Phúc Xuyên,Thôn Phúc Xuyên,thôn,phuc_xuyen,6,2026_07,unverified,2026-07-01
09664.007,09664,01,Tăng Cấu,Thôn Tăng Cấu,thôn,tang_cau,7,2026_07,unverified,2026-07-01
09664.008,09664,01,Thái Hòa,Thôn Thái Hòa,thôn,thai_hoa,8,2026_07,unverified,2026-07-01
09664.009,09664,01,Tri Lai,Thôn Tri Lai,thôn,tri_lai,9,2026_07,unverified,2026-07-01
09664.010,09664,01,Trung Hà,Thôn Trung Hà,thôn,trung_ha,10,2026_07,unverified,2026-07-01
09664.011,09664,01,Vật Lại,Thôn Vật Lại,thôn,vat_lai,11,2026_07,unverified,2026-07-01
09664.012,09664,01,Vật Phụ,Thôn Vật Phụ,thôn,vat_phu,12,2026_07,unverified,2026-07-01
09664.013,09664,01,Vật Yên,Thôn Vật Yên,thôn,vat_yen,13,2026_07,unverified,2026-07-01
09664.014,09664,01,Yên Bồ,Thôn Yên Bồ,thôn,yen_bo,14,2026_07,unverified,2026-07-01
09664.015,09664,01,Yên Kỳ,Thôn Yên Kỳ,thôn,yen_ky,15,2026_07,unverified,2026-07-01
09676.001,09676,01,Bằng Tạ,Thôn Bằng Tạ,thôn,bang_ta,1,2026_07,unverified,2026-07-01
09676.002,09676,01,Cẩm An,Thôn Cẩm An,thôn,cam_an,2,2026_07,unverified,2026-07-01
09676.003,09676,01,Đan Thê,Thôn Đan Thê,thôn,dan_the,3,2026_07,unverified,2026-07-01
09676.004,09676,01,Khê Thượng,Thôn Khê Thượng,thôn,khe_thuong,4,2026_07,unverified,2026-07-01
09676.005,09676,01,Liên Tòng,Thôn Liên Tòng,thôn,lien_tong,5,2026_07,unverified,2026-07-01
09676.006,09676,01,Lương Tuyền,Thôn Lương Tuyền,thôn,luong_tuyen,6,2026_07,unverified,2026-07-01
09676.007,09676,01,Ngọc Nhị,Thôn Ngọc Nhị,thôn,ngoc_nhi,7,2026_07,unverified,2026-07-01
09676.008,09676,01,Phú Thịnh,Thôn Phú Thịnh,thôn,phu_thinh,8,2026_07,unverified,2026-07-01
09676.009,09676,01,Thái Bạt,Thôn Thái Bạt,thôn,thai_bat,9,2026_07,unverified,2026-07-01
09676.010,09676,01,Thuần Mỹ,Thôn Thuần Mỹ,thôn,thuan_my,10,2026_07,unverified,2026-07-01
09676.011,09676,01,Vô Khuy,Thôn Vô Khuy,thôn,vo_khuy,11,2026_07,unverified,2026-07-01
09694.001,09694,01,Búi Thông,Thôn Búi Thông,thôn,bui_thong,1,2026_07,unverified,2026-07-01
09694.002,09694,01,Đồng Tiến,Thôn Đồng Tiến,thôn,dong_tien,2,2026_07,unverified,2026-07-01
09694.003,09694,01,Đức Thịnh,Thôn Đức Thịnh,thôn,duc_thinh,3,2026_07,unverified,2026-07-01
09694.004,09694,01,Long Thành,Thôn Long Thành,thôn,long_thanh,4,2026_07,unverified,2026-07-01
09694.005,09694,01,Mỹ Giang,Thôn Mỹ Giang,thôn,my_giang,5,2026_07,unverified,2026-07-01
09694.006,09694,01,Phương Đông,Thôn Phương Đông,thôn,phuong_dong,6,2026_07,unverified,2026-07-01
09694.007,09694,01,Phương Hòa,Thôn Phương Hòa,thôn,phuong_hoa,7,2026_07,unverified,2026-07-01
09694.008,09694,01,Trung Sơn,Thôn Trung Sơn,thôn,trung_son,8,2026_07,unverified,2026-07-01
09694.009,09694,01,Yên Hồng,Thôn Yên Hồng,thôn,yen_hong,9,2026_07,unverified,2026-07-01
09700.001,09700,01,Dao,Thôn Dao,thôn,dao,1,2026_07,unverified,2026-07-01
09700.002,09700,01,Miền,Thôn Miền,thôn,mien,2,2026_07,unverified,2026-07-01
09700.003,09700,01,Đá Chẹ,Thôn Đá Chẹ,thôn,da_che,3,2026_07,unverified,2026-07-01
09700.004,09700,01,Đá Chông,Thôn Đá Chông,thôn,da_chong,4,2026_07,unverified,2026-07-01
09700.005,09700,01,Đồng Tiến,Thôn Đồng Tiến,thôn,dong_tien,5,2026_07,unverified,2026-07-01
09700.006,09700,01,Giáp Thượng,Thôn Giáp Thượng,thôn,giap_thuong,6,2026_07,unverified,2026-07-01
09700.007,09700,01,Hồng Ninh,Thôn Hồng Ninh,thôn,hong_ninh,7,2026_07,unverified,2026-07-01
09700.008,09700,01,Minh Phú,Thôn Minh Phú,thôn,minh_phu,8,2026_07,unverified,2026-07-01
09700.009,09700,01,Phú Khánh,Thôn Phú Khánh,thôn,phu_khanh,9,2026_07,unverified,2026-07-01
09700.010,09700,01,Phú Mỹ,Thôn Phú Mỹ,thôn,phu_my,10,2026_07,unverified,2026-07-01
09700.011,09700,01,Sơn Lý,Thôn Sơn Lý,thôn,son_ly,11,2026_07,unverified,2026-07-01
09700.012,09700,01,Tiến Thịnh,Thôn Tiến Thịnh,thôn,tien_thinh,12,2026_07,unverified,2026-07-01
09706.001,09706,01,Bài,Thôn Bài,thôn,bai,1,2026_07,unverified,2026-07-01
09706.002,09706,01,Muồng,Thôn Muồng,thôn,muong,2,2026_07,unverified,2026-07-01
09706.003,09706,01,Phú Vàng,Thôn Phú Vàng,thôn,phu_vang,3,2026_07,unverified,2026-07-01
09706.004,09706,01,Phúc Yên,Thôn Phúc Yên,thôn,phuc_yen,4,2026_07,unverified,2026-07-01
09706.005,09706,01,Quýt,Thôn Quýt,thôn,quyt,5,2026_07,unverified,2026-07-01
09706.006,09706,01,Vân Hòa,Thôn Vân Hòa,thôn,van_hoa,6,2026_07,unverified,2026-07-01
09706.007,09706,01,Vân Sơn,Thôn Vân Sơn,thôn,van_son,7,2026_07,unverified,2026-07-01
09706.008,09706,01,Xuân Trung,Thôn Xuân Trung,thôn,xuan_trung,8,2026_07,unverified,2026-07-01
09706.009,09706,01,Yên Hòa,Thôn Yên Hòa,thôn,yen_hoa,9,2026_07,unverified,2026-07-01
09715.001,09715,01,Bách Lộc,Thôn Bách Lộc,thôn,bach_loc,1,2026_07,unverified,2026-07-01
09715.002,09715,01,Bảo Vệ,Thôn Bảo Vệ,thôn,bao_ve,2,2026_07,unverified,2026-07-01
09715.003,09715,01,Cung Sơn,Thôn Cung Sơn,thôn,cung_son,3,2026_07,unverified,2026-07-01
09715.004,09715,01,Đông Phụng Thượng,Thôn Đông Phụng Thượng,thôn,dong_phung_thuong,4,2026_07,unverified,2026-07-01
09715.005,09715,01,Đồng Lục,Thôn Đồng Lục,thôn,dong_luc,5,2026_07,unverified,2026-07-01
09715.006,09715,01,Hòa Trung,Thôn Hòa Trung,thôn,hoa_trung,6,2026_07,unverified,2026-07-01
09715.007,09715,01,Kỳ Úc,Thôn Kỳ Úc,thôn,ky_uc,7,2026_07,unverified,2026-07-01
09715.008,09715,01,Nam Phụng Thượng,Thôn Nam Phụng Thượng,thôn,nam_phung_thuong,8,2026_07,unverified,2026-07-01
09715.009,09715,01,Phù Long,Thôn Phù Long,thôn,phu_long,9,2026_07,unverified,2026-07-01
09715.010,09715,01,Tân Phúc,Thôn Tân Phúc,thôn,tan_phuc,10,2026_07,unverified,2026-07-01
09715.011,09715,01,Tây Phụng Thượng,Thôn Tây Phụng Thượng,thôn,tay_phung_thuong,11,2026_07,unverified,2026-07-01
09715.012,09715,01,Thanh Phần,Thôn Thanh Phần,thôn,thanh_phan,12,2026_07,unverified,2026-07-01
09715.013,09715,01,Thọ Lộc,Thôn Thọ Lộc,thôn,tho_loc,13,2026_07,unverified,2026-07-01
09715.014,09715,01,Thư Trai,Thôn Thư Trai,thôn,thu_trai,14,2026_07,unverified,2026-07-01
09715.015,09715,01,Thượng Cốc,Thôn Thượng Cốc,thôn,thuong_coc,15,2026_07,unverified,2026-07-01
09715.016,09715,01,Trạch Lôi,Thôn Trạch Lôi,thôn,trach_loi,16,2026_07,unverified,2026-07-01
09715.017,09715,01,Trạch Mỹ Lộc,Thôn Trạch Mỹ Lộc,thôn,trach_my_loc,17,2026_07,unverified,2026-07-01
09715.018,09715,01,Triệu Xuyên,Thôn Triệu Xuyên,thôn,trieu_xuyen,18,2026_07,unverified,2026-07-01
09715.019,09715,01,Tường Phiêu,Thôn Tường Phiêu,thôn,tuong_phieu,19,2026_07,unverified,2026-07-01
09739.001,09739,01,Bảo Lộc 1,Thôn Bảo Lộc 1,thôn,bao_loc_1,1,2026_07,unverified,2026-07-01
09739.002,09739,01,Bảo Lộc 2,Thôn Bảo Lộc 2,thôn,bao_loc_2,2,2026_07,unverified,2026-07-01
09739.003,09739,01,Cẩm Đình,Thôn Cẩm Đình,thôn,cam_dinh,3,2026_07,unverified,2026-07-01
09739.004,09739,01,Linh Chiểu,Thôn Linh Chiểu,thôn,linh_chieu,4,2026_07,unverified,2026-07-01
09739.005,09739,01,Nghĩa Lục,Thôn Nghĩa Lục,thôn,nghia_luc,5,2026_07,unverified,2026-07-01
09739.006,09739,01,Phương Độ,Thôn Phương Độ,thôn,phuong_do,6,2026_07,unverified,2026-07-01
09739.007,09739,01,Sen Chiểu 1,Thôn Sen Chiểu 1,thôn,sen_chieu_1,7,2026_07,unverified,2026-07-01
09739.008,09739,01,Sen Chiểu 2,Thôn Sen Chiểu 2,thôn,sen_chieu_2,8,2026_07,unverified,2026-07-01
09739.009,09739,01,Vân Hà,Thôn Vân Hà,thôn,van_ha,9,2026_07,unverified,2026-07-01
09739.010,09739,01,Vân Nam,Thôn Vân Nam,thôn,van_nam,10,2026_07,unverified,2026-07-01
09739.011,09739,01,Vân Phúc 1,Thôn Vân Phúc 1,thôn,van_phuc_1,11,2026_07,unverified,2026-07-01
09739.012,09739,01,Vân Phúc 2,Thôn Vân Phúc 2,thôn,van_phuc_2,12,2026_07,unverified,2026-07-01
09739.013,09739,01,Vĩnh Lộc,Thôn Vĩnh Lộc,thôn,vinh_loc,13,2026_07,unverified,2026-07-01
09739.014,09739,01,Võng Ngoại,Thôn Võng Ngoại,thôn,vong_ngoai,14,2026_07,unverified,2026-07-01
09739.015,09739,01,Võng Xuyên,Thôn Võng Xuyên,thôn,vong_xuyen,15,2026_07,unverified,2026-07-01
09739.016,09739,01,Xuân Lục,Thôn Xuân Lục,thôn,xuan_luc,16,2026_07,unverified,2026-07-01
09739.017,09739,01,Xuân Phú,Thôn Xuân Phú,thôn,xuan_phu,17,2026_07,unverified,2026-07-01
09772.001,09772,01,Điền Hòa Cát,Thôn Điền Hòa Cát,thôn,dien_hoa_cat,1,2026_07,unverified,2026-07-01
09772.002,09772,01,Đông Thành,Thôn Đông Thành,thôn,dong_thanh,2,2026_07,unverified,2026-07-01
09772.003,09772,01,Hạ Hiệp,Thôn Hạ Hiệp,thôn,ha_hiep,3,2026_07,unverified,2026-07-01
09772.004,09772,01,Hiệp Lộc,Thôn Hiệp Lộc,thôn,hiep_loc,4,2026_07,unverified,2026-07-01
09772.005,09772,01,Hiệp Thuận,Thôn Hiệp Thuận,thôn,hiep_thuan,5,2026_07,unverified,2026-07-01
09772.006,09772,01,Hương Hạ,Thôn Hương Hạ,thôn,huong_ha,6,2026_07,unverified,2026-07-01
09772.007,09772,01,Liên Hiệp,Thôn Liên Hiệp,thôn,lien_hiep,7,2026_07,unverified,2026-07-01
09772.008,09772,01,Mỹ Giang,Thôn Mỹ Giang,thôn,my_giang,8,2026_07,unverified,2026-07-01
09772.009,09772,01,Ngọc Tảo,Thôn Ngọc Tảo,thôn,ngoc_tao,9,2026_07,unverified,2026-07-01
09772.010,09772,01,Quán Hạ,Thôn Quán Hạ,thôn,quan_ha,10,2026_07,unverified,2026-07-01
09772.011,09772,01,Táo Ngoại,Thôn Táo Ngoại,thôn,tao_ngoai,11,2026_07,unverified,2026-07-01
09772.012,09772,01,Thanh Đa,Thôn Thanh Đa,thôn,thanh_da,12,2026_07,unverified,2026-07-01
09772.013,09772,01,Thanh Hồng,Thôn Thanh Hồng,thôn,thanh_hong,13,2026_07,unverified,2026-07-01
09772.014,09772,01,Thuấn Nhuế,Thôn Thuấn Nhuế,thôn,thuan_nhue,14,2026_07,unverified,2026-07-01
09772.015,09772,01,Thượng Hiệp,Thôn Thượng Hiệp,thôn,thuong_hiep,15,2026_07,unverified,2026-07-01
09772.016,09772,01,Tiền Giang,Thôn Tiền Giang,thôn,tien_giang,16,2026_07,unverified,2026-07-01
09772.017,09772,01,Yên Lâm,Thôn Yên Lâm,thôn,yen_lam,17,2026_07,unverified,2026-07-01
09784.001,09784,01,Bãi Thụy,Thôn Bãi Thụy,thôn,bai_thuy,1,2026_07,unverified,2026-07-01
09784.002,09784,01,Đại Phùng,Thôn Đại Phùng,thôn,dai_phung,2,2026_07,unverified,2026-07-01
09784.003,09784,01,Đoài Khê,Thôn Đoài Khê,thôn,doai_khe,3,2026_07,unverified,2026-07-01
09784.004,09784,01,Đông Khê,Thôn Đông Khê,thôn,dong_khe,4,2026_07,unverified,2026-07-01
09784.005,09784,01,Đồng Tháp,Thôn Đồng Tháp,thôn,dong_thap,5,2026_07,unverified,2026-07-01
09784.006,09784,01,Phùng,Thôn Phùng,thôn,phung,6,2026_07,unverified,2026-07-01
09784.007,09784,01,Phượng Trì,Thôn Phượng Trì,thôn,phuong_tri,7,2026_07,unverified,2026-07-01
09784.008,09784,01,Song Phượng,Thôn Song Phượng,thôn,song_phuong,8,2026_07,unverified,2026-07-01
09784.009,09784,01,Tân Thành,Thôn Tân Thành,thôn,tan_thanh,9,2026_07,unverified,2026-07-01
09784.010,09784,01,Thu Quế,Thôn Thu Quế,thôn,thu_que,10,2026_07,unverified,2026-07-01
09784.011,09784,01,Thụy Ứng,Thôn Thụy Ứng,thôn,thuy_ung,11,2026_07,unverified,2026-07-01
09784.012,09784,01,Thượng Mỗ,Thôn Thượng Mỗ,thôn,thuong_mo,12,2026_07,unverified,2026-07-01
09787.001,09787,01,Bắc Hà,Thôn Bắc Hà,thôn,bac_ha,1,2026_07,unverified,2026-07-01
09787.002,09787,01,Chiến Thắng,Thôn Chiến Thắng,thôn,chien_thang,2,2026_07,unverified,2026-07-01
09787.003,09787,01,Cổ Ngõa,Thôn Cổ Ngõa,thôn,co_ngoa,3,2026_07,unverified,2026-07-01
09787.004,09787,01,Địch Vỹ,Thôn Địch Vỹ,thôn,dich_vy,4,2026_07,unverified,2026-07-01
09787.005,09787,01,Đông Hải,Thôn Đông Hải,thôn,dong_hai,5,2026_07,unverified,2026-07-01
09787.006,09787,01,Hòa Bình,Thôn Hòa Bình,thôn,hoa_binh,6,2026_07,unverified,2026-07-01
09787.007,09787,01,La Ích Phương,Thôn La Ích Phương,thôn,la_ich_phuong,7,2026_07,unverified,2026-07-01
09787.008,09787,01,Ngũ Châu,Thôn Ngũ Châu,thôn,ngu_chau,8,2026_07,unverified,2026-07-01
09787.009,09787,01,Tây Sơn,Thôn Tây Sơn,thôn,tay_son,9,2026_07,unverified,2026-07-01
09787.010,09787,01,Thống Nhất,Thôn Thống Nhất,thôn,thong_nhat,10,2026_07,unverified,2026-07-01
09787.011,09787,01,Tiến Bộ,Thôn Tiến Bộ,thôn,tien_bo,11,2026_07,unverified,2026-07-01
09787.012,09787,01,Vân Thủy,Thôn Vân Thủy,thôn,van_thuy,12,2026_07,unverified,2026-07-01
09817.001,09817,01,Tân Lập,Tổ dân phố Tân Lập,tổ dân phố,tan_lap,1,2026_07,unverified,2026-07-01
09817.002,09817,01,Tân Tây Đô,Tổ dân phố Tân Tây Đô,tổ dân phố,tan_tay_do,2,2026_07,unverified,2026-07-01
09817.003,09817,01,Bá Dương Nội,Tổ dân phố Bá Dương Nội,tổ dân phố,ba_duong_noi,3,2026_07,unverified,2026-07-01
09817.004,09817,01,Bá Giang,Tổ dân phố Bá Giang,tổ dân phố,ba_giang,4,2026_07,unverified,2026-07-01
09817.005,09817,01,Bồng Lai,Tổ dân phố Bồng Lai,tổ dân phố,bong_lai,5,2026_07,unverified,2026-07-01
09817.006,09817,01,Duyên Thành,Tổ dân phố Duyên Thành,tổ dân phố,duyen_thanh,6,2026_07,unverified,2026-07-01
09817.007,09817,01,Đan Hội,Tổ dân phố Đan Hội,tổ dân phố,dan_hoi,7,2026_07,unverified,2026-07-01
09817.008,09817,01,Hạ Hội,Tổ dân phố Hạ Hội,tổ dân phố,ha_hoi,8,2026_07,unverified,2026-07-01
09817.009,09817,01,Hạ Mỗ,Tổ dân phố Hạ Mỗ,tổ dân phố,ha_mo,9,2026_07,unverified,2026-07-01
09817.010,09817,01,Hạ Trì,Tổ dân phố Hạ Trì,tổ dân phố,ha_tri,10,2026_07,unverified,2026-07-01
09817.011,09817,01,Hạnh Đàn,Tổ dân phố Hạnh Đàn,tổ dân phố,hanh_dan,11,2026_07,unverified,2026-07-01
09817.012,09817,01,Kim Ngọc,Tổ dân phố Kim Ngọc,tổ dân phố,kim_ngoc,12,2026_07,unverified,2026-07-01
09817.013,09817,01,Liên Hà,Tổ dân phố Liên Hà,tổ dân phố,lien_ha,13,2026_07,unverified,2026-07-01
09817.014,09817,01,Liên Hồng,Tổ dân phố Liên Hồng,tổ dân phố,lien_hong,14,2026_07,unverified,2026-07-01
09817.015,09817,01,Liên Trung,Tổ dân phố Liên Trung,tổ dân phố,lien_trung,15,2026_07,unverified,2026-07-01
09817.016,09817,01,Ngọc Kiệu,Tổ dân phố Ngọc Kiệu,tổ dân phố,ngoc_kieu,16,2026_07,unverified,2026-07-01
09817.017,09817,01,Phan Long,Tổ dân phố Phan Long,tổ dân phố,phan_long,17,2026_07,unverified,2026-07-01
09817.018,09817,01,Thúy Hội,Tổ dân phố Thúy Hội,tổ dân phố,thuy_hoi,18,2026_07,unverified,2026-07-01
09817.019,09817,01,Thượng Hội,Tổ dân phố Thượng Hội,tổ dân phố,thuong_hoi,19,2026_07,unverified,2026-07-01
09817.020,09817,01,Thượng Thôn,Tổ dân phố Thượng Thôn,tổ dân phố,thuong_thon,20,2026_07,unverified,2026-07-01
09817.021,09817,01,Thượng Trì,Tổ dân phố Thượng Trì,tổ dân phố,thuong_tri,21,2026_07,unverified,2026-07-01
09817.022,09817,01,Tiên Tân,Tổ dân phố Tiên Tân,tổ dân phố,tien_tan,22,2026_07,unverified,2026-07-01
09817.023,09817,01,Vĩnh Kỳ,Tổ dân phố Vĩnh Kỳ,tổ dân phố,vinh_ky,23,2026_07,unverified,2026-07-01
09832.001,09832,01,Kim Chung,Tổ dân phố Kim Chung,tổ dân phố,kim_chung,1,2026_07,unverified,2026-07-01
09832.002,09832,01,Trạm Trôi,Tổ dân phố Trạm Trôi,tổ dân phố,tram_troi,2,2026_07,unverified,2026-07-01
09832.003,09832,01,Ải,Tổ dân phố Ải,tổ dân phố,ai,3,2026_07,unverified,2026-07-01
09832.004,09832,01,Cao Hạ,Tổ dân phố Cao Hạ,tổ dân phố,cao_ha,4,2026_07,unverified,2026-07-01
09832.005,09832,01,Cao Trung,Tổ dân phố Cao Trung,tổ dân phố,cao_trung,5,2026_07,unverified,2026-07-01
09832.006,09832,01,Cao Xá,Tổ dân phố Cao Xá,tổ dân phố,cao_xa,6,2026_07,unverified,2026-07-01
09832.007,09832,01,Chiền,Tổ dân phố Chiền,tổ dân phố,chien,7,2026_07,unverified,2026-07-01
09832.008,09832,01,Cựu Quán,Tổ dân phố Cựu Quán,tổ dân phố,cuu_quan,8,2026_07,unverified,2026-07-01
09832.009,09832,01,Dậu 1,Tổ dân phố Dậu 1,tổ dân phố,dau_1,9,2026_07,unverified,2026-07-01
09832.010,09832,01,Dậu 2,Tổ dân phố Dậu 2,tổ dân phố,dau_2,10,2026_07,unverified,2026-07-01
09832.011,09832,01,Dền,Tổ dân phố Dền,tổ dân phố,den,11,2026_07,unverified,2026-07-01
09832.012,09832,01,Đa,Tổ dân phố Đa,tổ dân phố,da,12,2026_07,unverified,2026-07-01
09832.013,09832,01,Đại Tự,Tổ dân phố Đại Tự,tổ dân phố,dai_tu,13,2026_07,unverified,2026-07-01
09832.014,09832,01,Giang Xá,Tổ dân phố Giang Xá,tổ dân phố,giang_xa,14,2026_07,unverified,2026-07-01
09832.015,09832,01,Lai Xá,Tổ dân phố Lai Xá,tổ dân phố,lai_xa,15,2026_07,unverified,2026-07-01
09832.016,09832,01,Lũng Kênh,Tổ dân phố Lũng Kênh,tổ dân phố,lung_kenh,16,2026_07,unverified,2026-07-01
09832.017,09832,01,Lưu Xá,Tổ dân phố Lưu Xá,tổ dân phố,luu_xa,17,2026_07,unverified,2026-07-01
09832.018,09832,01,Nhuệ,Tổ dân phố Nhuệ,tổ dân phố,nhue,18,2026_07,unverified,2026-07-01
09832.019,09832,01,Nội,Tổ dân phố Nội,tổ dân phố,noi,19,2026_07,unverified,2026-07-01
09832.020,09832,01,Phú Đa,Tổ dân phố Phú Đa,tổ dân phố,phu_da,20,2026_07,unverified,2026-07-01
09832.021,09832,01,Thượng Thụy,Tổ dân phố Thượng Thụy,tổ dân phố,thuong_thuy,21,2026_07,unverified,2026-07-01
09832.022,09832,01,Vực,Tổ dân phố Vực,tổ dân phố,vuc,22,2026_07,unverified,2026-07-01
09832.023,09832,01,Yên Bệ,Tổ dân phố Yên Bệ,tổ dân phố,yen_be,23,2026_07,unverified,2026-07-01
09832.024,09832,01,Yên Vĩnh,Tổ dân phố Yên Vĩnh,tổ dân phố,yen_vinh,24,2026_07,unverified,2026-07-01
09856.001,09856,01,Cát Quế 1,Thôn Cát Quế 1,thôn,cat_que_1,1,2026_07,unverified,2026-07-01
09856.002,09856,01,Cát Quế 2,Thôn Cát Quế 2,thôn,cat_que_2,2,2026_07,unverified,2026-07-01
09856.003,09856,01,Cát Quế 3,Thôn Cát Quế 3,thôn,cat_que_3,3,2026_07,unverified,2026-07-01
09856.004,09856,01,Cát Quế 4,Thôn Cát Quế 4,thôn,cat_que_4,4,2026_07,unverified,2026-07-01
09856.005,09856,01,Cát Quế 5,Thôn Cát Quế 5,thôn,cat_que_5,5,2026_07,unverified,2026-07-01
09856.006,09856,01,Dương Liếu 1,Thôn Dương Liếu 1,thôn,duong_lieu_1,6,2026_07,unverified,2026-07-01
09856.007,09856,01,Dương Liễu 2,Thôn Dương Liễu 2,thôn,duong_lieu_2,7,2026_07,unverified,2026-07-01
09856.008,09856,01,Dương Liễu 3,Thôn Dương Liễu 3,thôn,duong_lieu_3,8,2026_07,unverified,2026-07-01
09856.009,09856,01,Dương Liễu 4,Thôn Dương Liễu 4,thôn,duong_lieu_4,9,2026_07,unverified,2026-07-01
09856.010,09856,01,Dương Liễu 5,Thôn Dương Liễu 5,thôn,duong_lieu_5,10,2026_07,unverified,2026-07-01
09856.011,09856,01,Đắc Sở 1,Thôn Đắc Sở 1,thôn,dac_so_1,11,2026_07,unverified,2026-07-01
09856.012,09856,01,Đắc Sở 2,Thôn Đắc Sở 2,thôn,dac_so_2,12,2026_07,unverified,2026-07-01
09856.013,09856,01,Minh Hiệp,Thôn Minh Hiệp,thôn,minh_hiep,13,2026_07,unverified,2026-07-01
09856.014,09856,01,Minh Hòa,Thôn Minh Hòa,thôn,minh_hoa,14,2026_07,unverified,2026-07-01
09856.015,09856,01,Yên Sở 1,Thôn Yên Sở 1,thôn,yen_so_1,15,2026_07,unverified,2026-07-01
09856.016,09856,01,Yên Sở 2,Thôn Yên Sở 2,thôn,yen_so_2,16,2026_07,unverified,2026-07-01
09856.017,09856,01,Yên Sở 3,Thôn Yên Sở 3,thôn,yen_so_3,17,2026_07,unverified,2026-07-01
09856.018,09856,01,Yên Sở 4,Thôn Yên Sở 4,thôn,yen_so_4,18,2026_07,unverified,2026-07-01
09871.001,09871,01,1,Tổ dân phố 1,tổ dân phố,1,1,2026_07,unverified,2026-07-01
09871.002,09871,01,2,Tổ dân phố 2,tổ dân phố,2,2,2026_07,unverified,2026-07-01
09871.003,09871,01,An Trai,Tổ dân phố An Trai,tổ dân phố,an_trai,3,2026_07,unverified,2026-07-01
09871.004,09871,01,Đình,Tổ dân phố Đình,tổ dân phố,dinh,4,2026_07,unverified,2026-07-01
09871.005,09871,01,Hậu Ái,Tổ dân phố Hậu Ái,tổ dân phố,hau_ai,5,2026_07,unverified,2026-07-01
09871.006,09871,01,Kim Hoàng,Tổ dân phố Kim Hoàng,tổ dân phố,kim_hoang,6,2026_07,unverified,2026-07-01
09871.007,09871,01,Lại Yên 1,Tổ dân phố Lại Yên 1,tổ dân phố,lai_yen_1,7,2026_07,unverified,2026-07-01
09871.008,09871,01,Lại Yên 2,Tổ dân phố Lại Yên 2,tổ dân phố,lai_yen_2,8,2026_07,unverified,2026-07-01
09871.009,09871,01,Ngoại,Tổ dân phố Ngoại,tổ dân phố,ngoai,9,2026_07,unverified,2026-07-01
09871.010,09871,01,Nội,Tổ dân phố Nội,tổ dân phố,noi,10,2026_07,unverified,2026-07-01
09871.011,09871,01,Phương Bảng,Tổ dân phố Phương Bảng,tổ dân phố,phuong_bang,11,2026_07,unverified,2026-07-01
09871.012,09871,01,Phương Viên 1,Tổ dân phố Phương Viên 1,tổ dân phố,phuong_vien_1,12,2026_07,unverified,2026-07-01
09871.013,09871,01,Phương Viên 2,Tổ dân phố Phương Viên 2,tổ dân phố,phuong_vien_2,13,2026_07,unverified,2026-07-01
09871.014,09871,01,Quyết Tiến,Tổ dân phố Quyết Tiến,tổ dân phố,quyet_tien,14,2026_07,unverified,2026-07-01
09871.015,09871,01,Tiền Lệ,Tổ dân phố Tiền Lệ,tổ dân phố,tien_le,15,2026_07,unverified,2026-07-01
09871.016,09871,01,Yên Thái,Tổ dân phố Yên Thái,tổ dân phố,yen_thai,16,2026_07,unverified,2026-07-01
09877.001,09877,01,2,Tổ dân phố 2,tổ dân phố,2,1,2026_07,unverified,2026-07-01
09877.002,09877,01,3,Tổ dân phố 3,tổ dân phố,3,2,2026_07,unverified,2026-07-01
09877.003,09877,01,4,Tổ dân phố 4,tổ dân phố,4,3,2026_07,unverified,2026-07-01
09877.004,09877,01,5,Tổ dân phố 5,tổ dân phố,5,4,2026_07,unverified,2026-07-01
09877.005,09877,01,An Hạ,Tổ dân phố An Hạ,tổ dân phố,an_ha,5,2026_07,unverified,2026-07-01
09877.006,09877,01,An Thọ,Tổ dân phố An Thọ,tổ dân phố,an_tho,6,2026_07,unverified,2026-07-01
09877.007,09877,01,Cát Thuế,Tổ dân phố Cát Thuế,tổ dân phố,cat_thue,7,2026_07,unverified,2026-07-01
09877.008,09877,01,Đào Nguyên,Tổ dân phố Đào Nguyên,tổ dân phố,dao_nguyen,8,2026_07,unverified,2026-07-01
09877.009,09877,01,Đông Lao,Tổ dân phố Đông Lao,tổ dân phố,dong_lao,9,2026_07,unverified,2026-07-01
09877.010,09877,01,Đồng Nhân,Tổ dân phố Đồng Nhân,tổ dân phố,dong_nhan,10,2026_07,unverified,2026-07-01
09877.011,09877,01,Hoa Thám,Tổ dân phố Hoa Thám,tổ dân phố,hoa_tham,11,2026_07,unverified,2026-07-01
09877.012,09877,01,La Tinh,Tổ dân phố La Tinh,tổ dân phố,la_tinh,12,2026_07,unverified,2026-07-01
09877.013,09877,01,Minh Khai,Tổ dân phố Minh Khai,tổ dân phố,minh_khai,13,2026_07,unverified,2026-07-01
09877.014,09877,01,Mộc Hoàn,Tổ dân phố Mộc Hoàn,tổ dân phố,moc_hoan,14,2026_07,unverified,2026-07-01
09877.015,09877,01,Ngãi Cầu,Tổ dân phố Ngãi Cầu,tổ dân phố,ngai_cau,15,2026_07,unverified,2026-07-01
09877.016,09877,01,Ngự Câu,Tổ dân phố Ngự Câu,tổ dân phố,ngu_cau,16,2026_07,unverified,2026-07-01
09877.017,09877,01,Phú Vinh,Tổ dân phố Phú Vinh,tổ dân phố,phu_vinh,17,2026_07,unverified,2026-07-01
09877.018,09877,01,Phương Quan,Tổ dân phố Phương Quan,tổ dân phố,phuong_quan,18,2026_07,unverified,2026-07-01
09877.019,09877,01,Thanh Quang,Tổ dân phố Thanh Quang,tổ dân phố,thanh_quang,19,2026_07,unverified,2026-07-01
09877.020,09877,01,Thống Nhất,Tổ dân phố Thống Nhất,tổ dân phố,thong_nhat,20,2026_07,unverified,2026-07-01
09877.021,09877,01,Tiền Phong,Tổ dân phố Tiền Phong,tổ dân phố,tien_phong,21,2026_07,unverified,2026-07-01
09877.022,09877,01,Trường An,Tổ dân phố Trường An,tổ dân phố,truong_an,22,2026_07,unverified,2026-07-01
09877.023,09877,01,Vân Côn,Tổ dân phố Vân Côn,tổ dân phố,van_con,23,2026_07,unverified,2026-07-01
09877.024,09877,01,Vân Lũng,Tổ dân phố Vân Lũng,tổ dân phố,van_lung,24,2026_07,unverified,2026-07-01
09877.025,09877,01,Yên Lũng,Tổ dân phố Yên Lũng,tổ dân phố,yen_lung,25,2026_07,unverified,2026-07-01
09886.001,09886,01,1,Tổ dân phố 1,tổ dân phố,1,1,2026_07,unverified,2026-07-01
09886.002,09886,01,2,Tổ dân phố 2,tổ dân phố,2,2,2026_07,unverified,2026-07-01
09886.003,09886,01,3,Tổ dân phố 3,tổ dân phố,3,3,2026_07,unverified,2026-07-01
09886.004,09886,01,5,Tổ dân phố 5,tổ dân phố,5,4,2026_07,unverified,2026-07-01
09886.005,09886,01,6,Tổ dân phố 6,tổ dân phố,6,5,2026_07,unverified,2026-07-01
09886.006,09886,01,7,Tổ dân phố 7,tổ dân phố,7,6,2026_07,unverified,2026-07-01
09886.007,09886,01,An Hưng,Tổ dân phố An Hưng,tổ dân phố,an_hung,7,2026_07,unverified,2026-07-01
09886.008,09886,01,An Khang,Tổ dân phố An Khang,tổ dân phố,an_khang,8,2026_07,unverified,2026-07-01
09886.009,09886,01,Đoàn Kết,Tổ dân phố Đoàn Kết,tổ dân phố,doan_ket,9,2026_07,unverified,2026-07-01
09886.010,09886,01,Hoàng Hanh,Tổ dân phố Hoàng Hanh,tổ dân phố,hoang_hanh,10,2026_07,unverified,2026-07-01
09886.011,09886,01,Hoàng Văn Thụ,Tổ dân phố Hoàng Văn Thụ,tổ dân phố,hoang_van_thu,11,2026_07,unverified,2026-07-01
09886.012,09886,01,Hòa Bình,Tổ dân phố Hòa Bình,tổ dân phố,hoa_binh,12,2026_07,unverified,2026-07-01
09886.013,09886,01,Kiên Quyết,Tổ dân phố Kiên Quyết,tổ dân phố,kien_quyet,13,2026_07,unverified,2026-07-01
09886.014,09886,01,Quang Minh,Tổ dân phố Quang Minh,tổ dân phố,quang_minh,14,2026_07,unverified,2026-07-01
09886.015,09886,01,Quyết Tâm,Tổ dân phố Quyết Tâm,tổ dân phố,quyet_tam,15,2026_07,unverified,2026-07-01
09886.016,09886,01,Quyết Tiến,Tổ dân phố Quyết Tiến,tổ dân phố,quyet_tien,16,2026_07,unverified,2026-07-01
09886.017,09886,01,Thành Công,Tổ dân phố Thành Công,tổ dân phố,thanh_cong,17,2026_07,unverified,2026-07-01
09886.018,09886,01,Thắng Lợi,Tổ dân phố Thắng Lợi,tổ dân phố,thang_loi,18,2026_07,unverified,2026-07-01
09886.019,09886,01,Thống Nhất,Tổ dân phố Thống Nhất,tổ dân phố,thong_nhat,19,2026_07,unverified,2026-07-01
09886.020,09886,01,Trung Kiên,Tổ dân phố Trung Kiên,tổ dân phố,trung_kien,20,2026_07,unverified,2026-07-01
09886.021,09886,01,Vinh Quang,Tổ dân phố Vinh Quang,tổ dân phố,vinh_quang,21,2026_07,unverified,2026-07-01
09895.001,09895,01,Du Nghệ,Thôn Du Nghệ,thôn,du_nghe,1,2026_07,unverified,2026-07-01
09895.002,09895,01,Đa Phúc,Thôn Đa Phúc,thôn,da_phuc,2,2026_07,unverified,2026-07-01
09895.003,09895,01,Đình Tổ,Thôn Đình Tổ,thôn,dinh_to,3,2026_07,unverified,2026-07-01
09895.004,09895,01,Hoa Vôi,Thôn Hoa Vôi,thôn,hoa_voi,4,2026_07,unverified,2026-07-01
09895.005,09895,01,Khánh Tân,Thôn Khánh Tân,thôn,khanh_tan,5,2026_07,unverified,2026-07-01
09895.006,09895,01,Năm Trại,Thôn Năm Trại,thôn,nam_trai,6,2026_07,unverified,2026-07-01
09895.007,09895,01,Ngô Sài,Thôn Ngô Sài,thôn,ngo_sai,7,2026_07,unverified,2026-07-01
09895.008,09895,01,Phú Đức,Thôn Phú Đức,thôn,phu_duc,8,2026_07,unverified,2026-07-01
09895.009,09895,01,Phủ Quốc,Thôn Phủ Quốc,thôn,phu_quoc,9,2026_07,unverified,2026-07-01
09895.010,09895,01,Phượng Cách 1,Thôn Phượng Cách 1,thôn,phuong_cach_1,10,2026_07,unverified,2026-07-01
09895.011,09895,01,Phượng Cách 2,Thôn Phượng Cách 2,thôn,phuong_cach_2,11,2026_07,unverified,2026-07-01
09895.012,09895,01,Phượng Cách 3,Thôn Phượng Cách 3,thôn,phuong_cach_3,12,2026_07,unverified,2026-07-01
09895.013,09895,01,Quảng Yên,Thôn Quảng Yên,thôn,quang_yen,13,2026_07,unverified,2026-07-01
09895.014,09895,01,Sài Khê,Thôn Sài Khê,thôn,sai_khe,14,2026_07,unverified,2026-07-01
09895.015,09895,01,Sơn Trung,Thôn Sơn Trung,thôn,son_trung,15,2026_07,unverified,2026-07-01
09895.016,09895,01,Thạch Thán 1,Thôn Thạch Thán 1,thôn,thach_than_1,16,2026_07,unverified,2026-07-01
09895.017,09895,01,Thạch Thán 2,Thôn Thạch Thán 2,thôn,thach_than_2,17,2026_07,unverified,2026-07-01
09895.018,09895,01,Thạch Thán 4,Thôn Thạch Thán 4,thôn,thach_than_4,18,2026_07,unverified,2026-07-01
09895.019,09895,01,Thụy Khê,Thôn Thụy Khê,thôn,thuy_khe,19,2026_07,unverified,2026-07-01
09910.001,09910,01,Cấn Hạ,Thôn Cấn Hạ,thôn,can_ha,1,2026_07,unverified,2026-07-01
09910.002,09910,01,Cấn Thượng,Thôn Cấn Thượng,thôn,can_thuong,2,2026_07,unverified,2026-07-01
09910.003,09910,01,Đĩnh Tú,Thôn Đĩnh Tú,thôn,dinh_tu,3,2026_07,unverified,2026-07-01
09910.004,09910,01,Đồng Bụt,Thôn Đồng Bụt,thôn,dong_but,4,2026_07,unverified,2026-07-01
09910.005,09910,01,Liên Sơn,Thôn Liên Sơn,thôn,lien_son,5,2026_07,unverified,2026-07-01
09910.006,09910,01,Liệp Mai,Thôn Liệp Mai,thôn,liep_mai,6,2026_07,unverified,2026-07-01
09910.007,09910,01,Liệp Tuyết,Thôn Liệp Tuyết,thôn,liep_tuyet,7,2026_07,unverified,2026-07-01
09910.008,09910,01,Muôn Ro,Thôn Muôn Ro,thôn,muon_ro,8,2026_07,unverified,2026-07-01
09910.009,09910,01,Ngọc Bái,Thôn Ngọc Bái,thôn,ngoc_bai,9,2026_07,unverified,2026-07-01
09910.010,09910,01,Ngọc Liệp,Thôn Ngọc Liệp,thôn,ngoc_liep,10,2026_07,unverified,2026-07-01
09910.011,09910,01,Ngọc Than,Thôn Ngọc Than,thôn,ngoc_than,11,2026_07,unverified,2026-07-01
09910.012,09910,01,Phú Mỹ,Thôn Phú Mỹ,thôn,phu_my,12,2026_07,unverified,2026-07-01
09910.013,09910,01,Thái Thượng Khê,Thôn Thái Thượng Khê,thôn,thai_thuong_khe,13,2026_07,unverified,2026-07-01
09910.014,09910,01,Thế Trụ,Thôn Thế Trụ,thôn,the_tru,14,2026_07,unverified,2026-07-01
09910.015,09910,01,Tuyết Nghĩa,Thôn Tuyết Nghĩa,thôn,tuyet_nghia,15,2026_07,unverified,2026-07-01
09910.016,09910,01,Văn Khê,Thôn Văn Khê,thôn,van_khe,16,2026_07,unverified,2026-07-01
09910.017,09910,01,Văn Quang,Thôn Văn Quang,thôn,van_quang,17,2026_07,unverified,2026-07-01
09910.018,09910,01,Vĩnh Phúc,Thôn Vĩnh Phúc,thôn,vinh_phuc,18,2026_07,unverified,2026-07-01
09931.001,09931,01,Cộng Hòa 1,Thôn Cộng Hòa 1,thôn,cong_hoa_1,1,2026_07,unverified,2026-07-01
09931.002,09931,01,Cộng Hòa 2,Thôn Cộng Hòa 2,thôn,cong_hoa_2,2,2026_07,unverified,2026-07-01
09931.003,09931,01,Dương Cốc,Thôn Dương Cốc,thôn,duong_coc,3,2026_07,unverified,2026-07-01
09931.004,09931,01,Đại Thành 1,Thôn Đại Thành 1,thôn,dai_thanh_1,4,2026_07,unverified,2026-07-01
09931.005,09931,01,Đại Thành 2,Thôn Đại Thành 2,thôn,dai_thanh_2,5,2026_07,unverified,2026-07-01
09931.006,09931,01,Đồng Lư,Thôn Đồng Lư,thôn,dong_lu,6,2026_07,unverified,2026-07-01
09931.007,09931,01,Tân Hòa 1,Thôn Tân Hòa 1,thôn,tan_hoa_1,7,2026_07,unverified,2026-07-01
09931.008,09931,01,Tân Hòa 2,Thôn Tân Hòa 2,thôn,tan_hoa_2,8,2026_07,unverified,2026-07-01
09931.009,09931,01,Tân Phú 1,Thôn Tân Phú 1,thôn,tan_phu_1,9,2026_07,unverified,2026-07-01
09931.010,09931,01,Tân Phú 2,Thôn Tân Phú 2,thôn,tan_phu_2,10,2026_07,unverified,2026-07-01
09931.011,09931,01,Yên Nội,Thôn Yên Nội,thôn,yen_noi,11,2026_07,unverified,2026-07-01
09952.001,09952,01,Bạch Thạch,Thôn Bạch Thạch,thôn,bach_thach,1,2026_07,unverified,2026-07-01
09952.002,09952,01,Đông Hạ,Thôn Đông Hạ,thôn,dong_ha,2,2026_07,unverified,2026-07-01
09952.003,09952,01,Đông Thượng,Thôn Đông Thượng,thôn,dong_thuong,3,2026_07,unverified,2026-07-01
09952.004,09952,01,Giã Cát,Thôn Giã Cát,thôn,gia_cat,4,2026_07,unverified,2026-07-01
09952.005,09952,01,Hòa Phú,Thôn Hòa Phú,thôn,hoa_phu,5,2026_07,unverified,2026-07-01
09952.006,09952,01,Hòa Trúc,Thôn Hòa Trúc,thôn,hoa_truc,6,2026_07,unverified,2026-07-01
09952.007,09952,01,Long Phú,Thôn Long Phú,thôn,long_phu,7,2026_07,unverified,2026-07-01
09952.008,09952,01,Phú Mãn,Thôn Phú Mãn,thôn,phu_man,8,2026_07,unverified,2026-07-01
09952.009,09952,01,Phú Sơn,Thôn Phú Sơn,thôn,phu_son,9,2026_07,unverified,2026-07-01
09952.010,09952,01,Phú Thịnh,Thôn Phú Thịnh,thôn,phu_thinh,10,2026_07,unverified,2026-07-01
09952.011,09952,01,Thắng Đầu,Thôn Thắng Đầu,thôn,thang_dau,11,2026_07,unverified,2026-07-01
09952.012,09952,01,Việt Yên,Thôn Việt Yên,thôn,viet_yen,12,2026_07,unverified,2026-07-01
09952.013,09952,01,Yên Thái,Thôn Yên Thái,thôn,yen_thai,13,2026_07,unverified,2026-07-01
09955.001,09955,01,Cẩm Yên,Thôn Cẩm Yên,thôn,cam_yen,1,2026_07,unverified,2026-07-01
09955.002,09955,01,Chi Quan,Thôn Chi Quan,thôn,chi_quan,2,2026_07,unverified,2026-07-01
09955.003,09955,01,Dương Phú,Thôn Dương Phú,thôn,duong_phu,3,2026_07,unverified,2026-07-01
09955.004,09955,01,Đại Đồng 1,Thôn Đại Đồng 1,thôn,dai_dong_1,4,2026_07,unverified,2026-07-01
09955.005,09955,01,Đại Đồng 2,Thôn Đại Đồng 2,thôn,dai_dong_2,5,2026_07,unverified,2026-07-01
09955.006,09955,01,Đại Đồng 3,Thôn Đại Đồng 3,thôn,dai_dong_3,6,2026_07,unverified,2026-07-01
09955.007,09955,01,Hoàng Thanh Phú,Thôn Hoàng Thanh Phú,thôn,hoang_thanh_phu,7,2026_07,unverified,2026-07-01
09955.008,09955,01,Khánh Thượng,Thôn Khánh Thượng,thôn,khanh_thuong,8,2026_07,unverified,2026-07-01
09955.009,09955,01,Kim Quan 1,Thôn Kim Quan 1,thôn,kim_quan_1,9,2026_07,unverified,2026-07-01
09955.010,09955,01,Kim Quan 2,Thôn Kim Quan 2,thôn,kim_quan_2,10,2026_07,unverified,2026-07-01
09955.011,09955,01,Kim Quan 3,Thôn Kim Quan 3,thôn,kim_quan_3,11,2026_07,unverified,2026-07-01
09955.012,09955,01,Liên Quan,Thôn Liên Quan,thôn,lien_quan,12,2026_07,unverified,2026-07-01
09955.013,09955,01,Ngũ Sơn,Thôn Ngũ Sơn,thôn,ngu_son,13,2026_07,unverified,2026-07-01
09955.014,09955,01,Phú Kim,Thôn Phú Kim,thôn,phu_kim,14,2026_07,unverified,2026-07-01
09955.015,09955,01,Phú Nghĩa,Thôn Phú Nghĩa,thôn,phu_nghia,15,2026_07,unverified,2026-07-01
09955.016,09955,01,Thúy Lai,Thôn Thúy Lai,thôn,thuy_lai,16,2026_07,unverified,2026-07-01
09982.001,09982,01,Bình Yên 1,Thôn Bình Yên 1,thôn,binh_yen_1,1,truoc_2026_07,unverified,
09982.002,09982,01,Bình Yên 2,Thôn Bình Yên 2,thôn,binh_yen_2,2,truoc_2026_07,unverified,
09982.003,09982,01,Bình Yên 3,Thôn Bình Yên 3,thôn,binh_yen_3,3,truoc_2026_07,unverified,
09982.004,09982,01,Bình Yên 4,Thôn Bình Yên 4,thôn,binh_yen_4,4,truoc_2026_07,unverified,
09982.005,09982,01,Cần Kiệm 1,Thôn Cần Kiệm 1,thôn,can_kiem_1,5,truoc_2026_07,unverified,
09982.006,09982,01,Cần Kiệm 2,Thôn Cần Kiệm 2,thôn,can_kiem_2,6,truoc_2026_07,unverified,
09982.007,09982,01,Cần Kiệm 3,Thôn Cần Kiệm 3,thôn,can_kiem_3,7,truoc_2026_07,unverified,
09982.008,09982,01,Đồng Trúc 1,Thôn Đồng Trúc 1,thôn,dong_truc_1,8,truoc_2026_07,unverified,
09982.009,09982,01,Đồng Trúc 2,Thôn Đồng Trúc 2,thôn,dong_truc_2,9,truoc_2026_07,unverified,
09982.010,09982,01,Hạ Bằng 1,Thôn Hạ Bằng 1,thôn,ha_bang_1,10,truoc_2026_07,unverified,
09982.011,09982,01,Hạ Bằng 2,Thôn Hạ Bằng 2,thôn,ha_bang_2,11,truoc_2026_07,unverified,
09982.012,09982,01,Tân Xã 1,Thôn Tân Xã 1,thôn,tan_xa_1,12,truoc_2026_07,unverified,
09982.013,09982,01,Tân Xã 2,Thôn Tân Xã 2,thôn,tan_xa_2,13,truoc_2026_07,unverified,
09988.001,09988,01,1,Thôn 1,thôn,1,1,2026_07,unverified,2026-07-01
09988.002,09988,01,2,Thôn 2,thôn,2,2,2026_07,unverified,2026-07-01
09988.003,09988,01,3,Thôn 3,thôn,3,3,2026_07,unverified,2026-07-01
09988.004,09988,01,4,Thôn 4,thôn,4,4,2026_07,unverified,2026-07-01
09988.005,09988,01,5,Thôn 5,thôn,5,5,2026_07,unverified,2026-07-01
09988.006,09988,01,6,Thôn 6,thôn,6,6,2026_07,unverified,2026-07-01
09988.007,09988,01,7,Thôn 7,thôn,7,7,2026_07,unverified,2026-07-01
10003.001,10003,01,Bến,Thôn Bến,thôn,ben,1,2026_07,unverified,2026-07-01
10003.002,10003,01,Bình Phú,Thôn Bình Phú,thôn,binh_phu,2,2026_07,unverified,2026-07-01
10003.003,10003,01,Bùng,Thôn Bùng,thôn,bung,3,2026_07,unverified,2026-07-01
10003.004,10003,01,Canh Nậu 1,Thôn Canh Nậu 1,thôn,canh_nau_1,4,2026_07,unverified,2026-07-01
10003.005,10003,01,Canh Nậu 2,Thôn Canh Nậu 2,thôn,canh_nau_2,5,2026_07,unverified,2026-07-01
10003.006,10003,01,Canh Nậu 3,Thôn Canh Nậu 3,thôn,canh_nau_3,6,2026_07,unverified,2026-07-01
10003.007,10003,01,Canh Nậu 4,Thôn Canh Nậu 4,thôn,canh_nau_4,7,2026_07,unverified,2026-07-01
10003.008,10003,01,Chàng Sơn 1,Thôn Chàng Sơn 1,thôn,chang_son_1,8,2026_07,unverified,2026-07-01
10003.009,10003,01,Chàng Sơn 2,Thôn Chàng Sơn 2,thôn,chang_son_2,9,2026_07,unverified,2026-07-01
10003.010,10003,01,Dị Nậu,Thôn Dị Nậu,thôn,di_nau,10,2026_07,unverified,2026-07-01
10003.011,10003,01,Hương Ngải 1,Thôn Hương Ngải 1,thôn,huong_ngai_1,11,2026_07,unverified,2026-07-01
10003.012,10003,01,Hương Ngải 2,Thôn Hương Ngải 2,thôn,huong_ngai_2,12,2026_07,unverified,2026-07-01
10003.013,10003,01,Hữu Bằng 1,Thôn Hữu Bằng 1,thôn,huu_bang_1,13,2026_07,unverified,2026-07-01
10003.014,10003,01,Hữu Bằng 2,Thôn Hữu Bằng 2,thôn,huu_bang_2,14,2026_07,unverified,2026-07-01
10003.015,10003,01,Hữu Bằng 3,Thôn Hữu Bằng 3,thôn,huu_bang_3,15,2026_07,unverified,2026-07-01
10003.016,10003,01,Phú Ổ,Thôn Phú Ổ,thôn,phu_o,16,2026_07,unverified,2026-07-01
10003.017,10003,01,Tây Phương,Thôn Tây Phương,thôn,tay_phuong,17,2026_07,unverified,2026-07-01
10003.018,10003,01,Thạch,Thôn Thạch,thôn,thach,18,2026_07,unverified,2026-07-01
10003.019,10003,01,Vĩnh Lộc 1,Thôn Vĩnh Lộc 1,thôn,vinh_loc_1,19,2026_07,unverified,2026-07-01
10003.020,10003,01,Vĩnh Lộc 2,Thôn Vĩnh Lộc 2,thôn,vinh_loc_2,20,2026_07,unverified,2026-07-01
10003.021,10003,01,Yên,Thôn Yên,thôn,yen,21,2026_07,unverified,2026-07-01
10015.001,10015,01,An Phúc Thành,Tổ dân phố An Phúc Thành,tổ dân phố,an_phuc_thanh,1,2026_07,unverified,2026-07-01
10015.002,10015,01,Biên Giang,Tổ dân phố Biên Giang,tổ dân phố,bien_giang,2,2026_07,unverified,2026-07-01
10015.003,10015,01,Bình Sơn,Tổ dân phố Bình Sơn,tổ dân phố,binh_son,3,2026_07,unverified,2026-07-01
10015.004,10015,01,Chúc Ngọc,Tổ dân phố Chúc Ngọc,tổ dân phố,chuc_ngoc,4,2026_07,unverified,2026-07-01
10015.005,10015,01,Chúc Sơn,Tổ dân phố Chúc Sơn,tổ dân phố,chuc_son,5,2026_07,unverified,2026-07-01
10015.006,10015,01,Đại Phẩm,Tổ dân phố Đại Phẩm,tổ dân phố,dai_pham,6,2026_07,unverified,2026-07-01
10015.007,10015,01,Đại Yên,Tổ dân phố Đại Yên,tổ dân phố,dai_yen,7,2026_07,unverified,2026-07-01
10015.008,10015,01,Đại Ơn,Tổ dân phố Đại Ơn,tổ dân phố,dai_on,8,2026_07,unverified,2026-07-01
10015.009,10015,01,Đồng Nanh,Tổ dân phố Đồng Nanh,tổ dân phố,dong_nanh,9,2026_07,unverified,2026-07-01
10015.010,10015,01,Long Châu,Tổ dân phố Long Châu,tổ dân phố,long_chau,10,2026_07,unverified,2026-07-01
10015.011,10015,01,Ninh Sơn,Tổ dân phố Ninh Sơn,tổ dân phố,ninh_son,11,2026_07,unverified,2026-07-01
10015.012,10015,01,Phú Hoàng Giáp,Tổ dân phố Phú Hoàng Giáp,tổ dân phố,phu_hoang_giap,12,2026_07,unverified,2026-07-01
10015.013,10015,01,Phương Bản,Tổ dân phố Phương Bản,tổ dân phố,phuong_ban,13,2026_07,unverified,2026-07-01
10015.014,10015,01,Phượng Đồng,Tổ dân phố Phượng Đồng,tổ dân phố,phuong_dong,14,2026_07,unverified,2026-07-01
10015.015,10015,01,Phượng Nghĩa,Tổ dân phố Phượng Nghĩa,tổ dân phố,phuong_nghia,15,2026_07,unverified,2026-07-01
10015.016,10015,01,Quyết Tiến,Tổ dân phố Quyết Tiến,tổ dân phố,quyet_tien,16,2026_07,unverified,2026-07-01
10015.017,10015,01,Sơn Đồng,Tổ dân phố Sơn Đồng,tổ dân phố,son_dong,17,2026_07,unverified,2026-07-01
10015.018,10015,01,Thụy Dương,Tổ dân phố Thụy Dương,tổ dân phố,thuy_duong,18,2026_07,unverified,2026-07-01
10015.019,10015,01,Thụy Hương,Tổ dân phố Thụy Hương,tổ dân phố,thuy_huong,19,2026_07,unverified,2026-07-01
10015.020,10015,01,Tiên Lữ,Tổ dân phố Tiên Lữ,tổ dân phố,tien_lu,20,2026_07,unverified,2026-07-01
10015.021,10015,01,Tràng An,Tổ dân phố Tràng An,tổ dân phố,trang_an,21,2026_07,unverified,2026-07-01
10030.001,10030,01,Chi Nê,Thôn Chi Nê,thôn,chi_ne,1,2026_07,unverified,2026-07-01
10030.002,10030,01,Đông Sơn,Thôn Đông Sơn,thôn,dong_son,2,2026_07,unverified,2026-07-01
10030.003,10030,01,Đông Yên,Thôn Đông Yên,thôn,dong_yen,3,2026_07,unverified,2026-07-01
10030.004,10030,01,Đồi 2,Thôn Đồi 2,thôn,doi_2,4,2026_07,unverified,2026-07-01
10030.005,10030,01,Đồng Trữ,Thôn Đồng Trữ,thôn,dong_tru,5,2026_07,unverified,2026-07-01
10030.006,10030,01,Kim Trung,Thôn Kim Trung,thôn,kim_trung,6,2026_07,unverified,2026-07-01
10030.007,10030,01,Lũng Vị,Thôn Lũng Vị,thôn,lung_vi,7,2026_07,unverified,2026-07-01
10030.008,10030,01,Lương Sơn,Thôn Lương Sơn,thôn,luong_son,8,2026_07,unverified,2026-07-01
10030.009,10030,01,Nghĩa Hảo,Thôn Nghĩa Hảo,thôn,nghia_hao,9,2026_07,unverified,2026-07-01
10030.010,10030,01,Nhật Tiến,Thôn Nhật Tiến,thôn,nhat_tien,10,2026_07,unverified,2026-07-01
10030.011,10030,01,Phú Khê,Thôn Phú Khê,thôn,phu_khe,11,2026_07,unverified,2026-07-01
10030.012,10030,01,Phú Vinh,Thôn Phú Vinh,thôn,phu_vinh,12,2026_07,unverified,2026-07-01
10030.013,10030,01,Phù Yên,Thôn Phù Yên,thôn,phu_yen,13,2026_07,unverified,2026-07-01
10030.014,10030,01,Phương Hài,Thôn Phương Hài,thôn,phuong_hai,14,2026_07,unverified,2026-07-01
10030.015,10030,01,Quyết Hạ,Thôn Quyết Hạ,thôn,quyet_ha,15,2026_07,unverified,2026-07-01
10030.016,10030,01,Thanh Bình,Thôn Thanh Bình,thôn,thanh_binh,16,2026_07,unverified,2026-07-01
10030.017,10030,01,Thanh Sơn,Thôn Thanh Sơn,thôn,thanh_son,17,2026_07,unverified,2026-07-01
10030.018,10030,01,Trung Cao 1,Thôn Trung Cao 1,thôn,trung_cao_1,18,2026_07,unverified,2026-07-01
10030.019,10030,01,Trung Cao 2,Thôn Trung Cao 2,thôn,trung_cao_2,19,2026_07,unverified,2026-07-01
10030.020,10030,01,Yên Trường 1,Thôn Yên Trường 1,thôn,yen_truong_1,20,2026_07,unverified,2026-07-01
10030.021,10030,01,Yên Trường 2,Thôn Yên Trường 2,thôn,yen_truong_2,21,2026_07,unverified,2026-07-01
10045.001,10045,01,Chiến Thắng,Thôn Chiến Thắng,thôn,chien_thang,1,2026_07,unverified,2026-07-01
10045.002,10045,01,Đông Tiến,Thôn Đông Tiến,thôn,dong_tien,2,2026_07,unverified,2026-07-01
10045.003,10045,01,Nam Phương,Thôn Nam Phương,thôn,nam_phuong,3,2026_07,unverified,2026-07-01
10045.004,10045,01,Nam Tiến,Thôn Nam Tiến,thôn,nam_tien,4,2026_07,unverified,2026-07-01
10045.005,10045,01,Phương Hạnh,Thôn Phương Hạnh,thôn,phuong_hanh,5,2026_07,unverified,2026-07-01
10045.006,10045,01,Tân Bình,Thôn Tân Bình,thôn,tan_binh,6,2026_07,unverified,2026-07-01
10045.007,10045,01,Tân Mai,Thôn Tân Mai,thôn,tan_mai,7,2026_07,unverified,2026-07-01
10045.008,10045,01,Tân Xuân,Thôn Tân Xuân,thôn,tan_xuan,8,2026_07,unverified,2026-07-01
10045.009,10045,01,Tiên Xá,Thôn Tiên Xá,thôn,tien_xa,9,2026_07,unverified,2026-07-01
10045.010,10045,01,Tiến Ân,Thôn Tiến Ân,thôn,tien_an,10,2026_07,unverified,2026-07-01
10045.011,10045,01,Tiến Tiên,Thôn Tiến Tiên,thôn,tien_tien,11,2026_07,unverified,2026-07-01
10045.012,10045,01,Trí Thủy,Thôn Trí Thủy,thôn,tri_thuy,12,2026_07,unverified,2026-07-01
10045.013,10045,01,Việt An,Thôn Việt An,thôn,viet_an,13,2026_07,unverified,2026-07-01
10045.014,10045,01,Xuân Hà,Thôn Xuân Hà,thôn,xuan_ha,14,2026_07,unverified,2026-07-01
10045.015,10045,01,Xuân Linh,Thôn Xuân Linh,thôn,xuan_linh,15,2026_07,unverified,2026-07-01
10045.016,10045,01,Xuân Mai,Thôn Xuân Mai,thôn,xuan_mai,16,2026_07,unverified,2026-07-01
10045.017,10045,01,Xuân Sen,Thôn Xuân Sen,thôn,xuan_sen,17,2026_07,unverified,2026-07-01
10045.018,10045,01,Xuân Thủy,Thôn Xuân Thủy,thôn,xuan_thuy,18,2026_07,unverified,2026-07-01
10072.001,10072,01,1,Thôn 1,thôn,1,1,2026_07,unverified,2026-07-01
10072.002,10072,01,2,Thôn 2,thôn,2,2,2026_07,unverified,2026-07-01
10072.003,10072,01,5,Thôn 5,thôn,5,3,2026_07,unverified,2026-07-01
10072.004,10072,01,An Hiền,Thôn An Hiền,thôn,an_hien,4,2026_07,unverified,2026-07-01
10072.005,10072,01,Bài Trượng,Thôn Bài Trượng,thôn,bai_truong,5,2026_07,unverified,2026-07-01
10072.006,10072,01,Cốc Thượng,Thôn Cốc Thượng,thôn,coc_thuong,6,2026_07,unverified,2026-07-01
10072.007,10072,01,Duyên Hòa,Thôn Duyên Hòa,thôn,duyen_hoa,7,2026_07,unverified,2026-07-01
10072.008,10072,01,Đại Từ,Thôn Đại Từ,thôn,dai_tu,8,2026_07,unverified,2026-07-01
10072.009,10072,01,Đạo Ngạn,Thôn Đạo Ngạn,thôn,dao_ngan,9,2026_07,unverified,2026-07-01
10072.010,10072,01,Đồng Lệ,Thôn Đồng Lệ,thôn,dong_le,10,2026_07,unverified,2026-07-01
10072.011,10072,01,Lam Điền,Thôn Lam Điền,thôn,lam_dien,11,2026_07,unverified,2026-07-01
10072.012,10072,01,Liên Hợp,Thôn Liên Hợp,thôn,lien_hop,12,2026_07,unverified,2026-07-01
10072.013,10072,01,Lương Xá,Thôn Lương Xá,thôn,luong_xa,13,2026_07,unverified,2026-07-01
10072.014,10072,01,Ninh Kiều,Thôn Ninh Kiều,thôn,ninh_kieu,14,2026_07,unverified,2026-07-01
10072.015,10072,01,Tân Long,Thôn Tân Long,thôn,tan_long,15,2026_07,unverified,2026-07-01
10072.016,10072,01,Thái Hòa,Thôn Thái Hòa,thôn,thai_hoa,16,2026_07,unverified,2026-07-01
10072.017,10072,01,Tốt Động,Thôn Tốt Động,thôn,tot_dong,17,2026_07,unverified,2026-07-01
10072.018,10072,01,Trung Hạ,Thôn Trung Hạ,thôn,trung_ha,18,2026_07,unverified,2026-07-01
10072.019,10072,01,Yên Duyệt,Thôn Yên Duyệt,thôn,yen_duyet,19,2026_07,unverified,2026-07-01
10081.001,10081,01,Công An,Thôn Công An,thôn,cong_an,1,2026_07,unverified,2026-07-01
10081.002,10081,01,Đồng Ké,Thôn Đồng Ké,thôn,dong_ke,2,2026_07,unverified,2026-07-01
10081.003,10081,01,Hoàng Văn Thụ,Thôn Hoàng Văn Thụ,thôn,hoang_van_thu,3,2026_07,unverified,2026-07-01
10081.004,10081,01,Hồng Tiến,Thôn Hồng Tiến,thôn,hong_tien,4,2026_07,unverified,2026-07-01
10081.005,10081,01,Hữu Văn,Thôn Hữu Văn,thôn,huu_van,5,2026_07,unverified,2026-07-01
10081.006,10081,01,Khôn Duy,Thôn Khôn Duy,thôn,khon_duy,6,2026_07,unverified,2026-07-01
10081.007,10081,01,Kỳ Viên,Thôn Kỳ Viên,thôn,ky_vien,7,2026_07,unverified,2026-07-01
10081.008,10081,01,Mạnh Tiến,Thôn Mạnh Tiến,thôn,manh_tien,8,2026_07,unverified,2026-07-01
10081.009,10081,01,Miếu Môn,Thôn Miếu Môn,thôn,mieu_mon,9,2026_07,unverified,2026-07-01
10081.010,10081,01,Mỹ Lương,Thôn Mỹ Lương,thôn,my_luong,10,2026_07,unverified,2026-07-01
10081.011,10081,01,Mỹ Tiến,Thôn Mỹ Tiến,thôn,my_tien,11,2026_07,unverified,2026-07-01
10081.012,10081,01,Thống Nhất,Thôn Thống Nhất,thôn,thong_nhat,12,2026_07,unverified,2026-07-01
10081.013,10081,01,Tiến Văn,Thôn Tiến Văn,thôn,tien_van,13,2026_07,unverified,2026-07-01
10081.014,10081,01,Văn Mỹ,Thôn Văn Mỹ,thôn,van_my,14,2026_07,unverified,2026-07-01
10081.015,10081,01,Văn Sơn,Thôn Văn Sơn,thôn,van_son,15,2026_07,unverified,2026-07-01
10096.001,10096,01,An Thượng,Thôn An Thượng,thôn,an_thuong,1,2026_07,unverified,2026-07-01
10096.002,10096,01,Đại Đồng,Thôn Đại Đồng,thôn,dai_dong,2,2026_07,unverified,2026-07-01
10096.003,10096,01,Đồng Lạc,Thôn Đồng Lạc,thôn,dong_lac,3,2026_07,unverified,2026-07-01
10096.004,10096,01,Hạ Dục,Thôn Hạ Dục,thôn,ha_duc,4,2026_07,unverified,2026-07-01
10096.005,10096,01,Hòa Phúc,Thôn Hòa Phúc,thôn,hoa_phuc,5,2026_07,unverified,2026-07-01
10096.006,10096,01,Hồng Phong,Thôn Hồng Phong,thôn,hong_phong,6,2026_07,unverified,2026-07-01
10096.007,10096,01,Lễ Khê,Thôn Lễ Khê,thôn,le_khe,7,2026_07,unverified,2026-07-01
10096.008,10096,01,Lưu Hoàng,Thôn Lưu Hoàng,thôn,luu_hoang,8,2026_07,unverified,2026-07-01
10096.009,10096,01,Mỗ Xá,Thôn Mỗ Xá,thôn,mo_xa,9,2026_07,unverified,2026-07-01
10096.010,10096,01,Nhân Chính,Thôn Nhân Chính,thôn,nhan_chinh,10,2026_07,unverified,2026-07-01
10096.011,10096,01,Phú Yên,Thôn Phú Yên,thôn,phu_yen,11,2026_07,unverified,2026-07-01
10096.012,10096,01,Sơn Triều,Thôn Sơn Triều,thôn,son_trieu,12,2026_07,unverified,2026-07-01
10096.013,10096,01,Văn La,Thôn Văn La,thôn,van_la,13,2026_07,unverified,2026-07-01
10096.014,10096,01,Võ Lao,Thôn Võ Lao,thôn,vo_lao,14,2026_07,unverified,2026-07-01
10114.001,10114,01,Đỗ Động,Tổ dân phố Đỗ Động,tổ dân phố,do_dong,1,2026_07,unverified,2026-07-01
10114.002,10114,01,Kim Bài,Tổ dân phố Kim Bài,tổ dân phố,kim_bai,2,2026_07,unverified,2026-07-01
10114.003,10114,01,Kim Động,Tổ dân phố Kim Động,tổ dân phố,kim_dong,3,2026_07,unverified,2026-07-01
10114.004,10114,01,My Hạ,Tổ dân phố My Hạ,tổ dân phố,my_ha,4,2026_07,unverified,2026-07-01
10114.005,10114,01,Văn Trình,Tổ dân phố Văn Trình,tổ dân phố,van_trinh,5,2026_07,unverified,2026-07-01
10114.006,10114,01,Châu Thành,Tổ dân phố Châu Thành,tổ dân phố,chau_thanh,6,2026_07,unverified,2026-07-01
10114.007,10114,01,Đôn Thư,Tổ dân phố Đôn Thư,tổ dân phố,don_thu,7,2026_07,unverified,2026-07-01
10114.008,10114,01,My Dương,Tổ dân phố My Dương,tổ dân phố,my_duong,8,2026_07,unverified,2026-07-01
10114.009,10114,01,My Thượng,Tổ dân phố My Thượng,tổ dân phố,my_thuong,9,2026_07,unverified,2026-07-01
10114.010,10114,01,Phương Trung,Tổ dân phố Phương Trung,tổ dân phố,phuong_trung,10,2026_07,unverified,2026-07-01
10114.011,10114,01,Tân Dân,Tổ dân phố Tân Dân,tổ dân phố,tan_dan,11,2026_07,unverified,2026-07-01
10114.012,10114,01,Tân Kiều,Tổ dân phố Tân Kiều,tổ dân phố,tan_kieu,12,2026_07,unverified,2026-07-01
10114.013,10114,01,Tân Quang,Tổ dân phố Tân Quang,tổ dân phố,tan_quang,13,2026_07,unverified,2026-07-01
10114.014,10114,01,Tràng An,Tổ dân phố Tràng An,tổ dân phố,trang_an,14,2026_07,unverified,2026-07-01
10126.001,10126,01,Thanh Hà 1,Tổ dân phố Thanh Hà 1,tổ dân phố,thanh_ha_1,1,2026_07,unverified,2026-07-01
10126.002,10126,01,Thanh Hà 2,Tổ dân phố Thanh Hà 2,tổ dân phố,thanh_ha_2,2,2026_07,unverified,2026-07-01
10126.003,10126,01,Thanh Hà 3,Tổ dân phố Thanh Hà 3,tổ dân phố,thanh_ha_3,3,2026_07,unverified,2026-07-01
10126.004,10126,01,Bãi,Tổ dân phố Bãi,tổ dân phố,bai,4,2026_07,unverified,2026-07-01
10126.005,10126,01,Bình Đà 1,Tổ dân phố Bình Đà 1,tổ dân phố,binh_da_1,5,2026_07,unverified,2026-07-01
10126.006,10126,01,Bình Đà 2,Tổ dân phố Bình Đà 2,tổ dân phố,binh_da_2,6,2026_07,unverified,2026-07-01
10126.007,10126,01,Cao Bộ,Tổ dân phố Cao Bộ,tổ dân phố,cao_bo,7,2026_07,unverified,2026-07-01
10126.008,10126,01,Cao Viên,Tổ dân phố Cao Viên,tổ dân phố,cao_vien,8,2026_07,unverified,2026-07-01
10126.009,10126,01,Cự Đà – Khúc Thủy,Tổ dân phố Cự Đà – Khúc Thủy,tổ dân phố,cu_da_khuc_thuy,9,2026_07,unverified,2026-07-01
10126.010,10126,01,Đàn Viên,Tổ dân phố Đàn Viên,tổ dân phố,dan_vien,10,2026_07,unverified,2026-07-01
10126.011,10126,01,Khê Tang,Tổ dân phố Khê Tang,tổ dân phố,khe_tang,11,2026_07,unverified,2026-07-01
10126.012,10126,01,Minh Sinh,Tổ dân phố Minh Sinh,tổ dân phố,minh_sinh,12,2026_07,unverified,2026-07-01
10126.013,10126,01,Thanh Cao,Tổ dân phố Thanh Cao,tổ dân phố,thanh_cao,13,2026_07,unverified,2026-07-01
10126.014,10126,01,Thanh Kỳ,Tổ dân phố Thanh Kỳ,tổ dân phố,thanh_ky,14,2026_07,unverified,2026-07-01
10126.015,10126,01,Thạch Bích 1,Tổ dân phố Thạch Bích 1,tổ dân phố,thach_bich_1,15,2026_07,unverified,2026-07-01
10126.016,10126,01,Thạch Bích 2,Tổ dân phố Thạch Bích 2,tổ dân phố,thach_bich_2,16,2026_07,unverified,2026-07-01
10126.017,10126,01,Thượng Thanh,Tổ dân phố Thượng Thanh,tổ dân phố,thuong_thanh,17,2026_07,unverified,2026-07-01
10144.001,10144,01,Bạch Đa,Thôn Bạch Đa,thôn,bach_da,1,2026_07,unverified,2026-07-01
10144.002,10144,01,Dư Dụ,Thôn Dư Dụ,thôn,du_du,2,2026_07,unverified,2026-07-01
10144.003,10144,01,Đại Thanh,Thôn Đại Thanh,thôn,dai_thanh,3,2026_07,unverified,2026-07-01
10144.004,10144,01,Hưng Giáo,Thôn Hưng Giáo,thôn,hung_giao,4,2026_07,unverified,2026-07-01
10144.005,10144,01,Lê Dương,Thôn Lê Dương,thôn,le_duong,5,2026_07,unverified,2026-07-01
10144.006,10144,01,Nhân Lý,Thôn Nhân Lý,thôn,nhan_ly,6,2026_07,unverified,2026-07-01
10144.007,10144,01,Phượng Thiên,Thôn Phượng Thiên,thôn,phuong_thien,7,2026_07,unverified,2026-07-01
10144.008,10144,01,Quảng Minh,Thôn Quảng Minh,thôn,quang_minh,8,2026_07,unverified,2026-07-01
10144.009,10144,01,Rùa Hạ,Thôn Rùa Hạ,thôn,rua_ha,9,2026_07,unverified,2026-07-01
10144.010,10144,01,Rùa Thượng Am,Thôn Rùa Thượng Am,thôn,rua_thuong_am,10,2026_07,unverified,2026-07-01
10144.011,10144,01,Song Khê,Thôn Song Khê,thôn,song_khe,11,2026_07,unverified,2026-07-01
10144.012,10144,01,Thạch Đan,Thôn Thạch Đan,thôn,thach_dan,12,2026_07,unverified,2026-07-01
10144.013,10144,01,Văn Xá,Thôn Văn Xá,thôn,van_xa,13,2026_07,unverified,2026-07-01
10144.014,10144,01,Vĩnh Dụ,Thôn Vĩnh Dụ,thôn,vinh_du,14,2026_07,unverified,2026-07-01
10180.001,10180,01,Canh Hoạch,Tổ dân phố Canh Hoạch,tổ dân phố,canh_hoach,1,2026_07,unverified,2026-07-01
10180.002,10180,01,Áng Phao,Tổ dân phố Áng Phao,tổ dân phố,ang_phao,2,2026_07,unverified,2026-07-01
10180.003,10180,01,Cao Xá,Tổ dân phố Cao Xá,tổ dân phố,cao_xa,3,2026_07,unverified,2026-07-01
10180.004,10180,01,Châu Mai,Tổ dân phố Châu Mai,tổ dân phố,chau_mai,4,2026_07,unverified,2026-07-01
10180.005,10180,01,Đồng Tiến,Tổ dân phố Đồng Tiến,tổ dân phố,dong_tien,5,2026_07,unverified,2026-07-01
10180.006,10180,01,Hoàng Kỳ,Tổ dân phố Hoàng Kỳ,tổ dân phố,hoang_ky,6,2026_07,unverified,2026-07-01
10180.007,10180,01,Mục Xá,Tổ dân phố Mục Xá,tổ dân phố,muc_xa,7,2026_07,unverified,2026-07-01
10180.008,10180,01,Ngọc Đình,Tổ dân phố Ngọc Đình,tổ dân phố,ngoc_dinh,8,2026_07,unverified,2026-07-01
10180.009,10180,01,Phú An Tiên,Tổ dân phố Phú An Tiên,tổ dân phố,phu_an_tien,9,2026_07,unverified,2026-07-01
10180.010,10180,01,Quế Sơn,Tổ dân phố Quế Sơn,tổ dân phố,que_son,10,2026_07,unverified,2026-07-01
10180.011,10180,01,Tảo Dương,Tổ dân phố Tảo Dương,tổ dân phố,tao_duong,11,2026_07,unverified,2026-07-01
10180.012,10180,01,Thị Nguyên,Tổ dân phố Thị Nguyên,tổ dân phố,thi_nguyen,12,2026_07,unverified,2026-07-01
10180.013,10180,01,Tri Lễ,Tổ dân phố Tri Lễ,tổ dân phố,tri_le,13,2026_07,unverified,2026-07-01
10180.014,10180,01,Trường Xuân,Tổ dân phố Trường Xuân,tổ dân phố,truong_xuan,14,2026_07,unverified,2026-07-01
10180.015,10180,01,Từ Châu,Tổ dân phố Từ Châu,tổ dân phố,tu_chau,15,2026_07,unverified,2026-07-01
10180.016,10180,01,Ước Lễ,Tổ dân phố Ước Lễ,tổ dân phố,uoc_le,16,2026_07,unverified,2026-07-01
10180.017,10180,01,Vũ Lăng,Tổ dân phố Vũ Lăng,tổ dân phố,vu_lang,17,2026_07,unverified,2026-07-01
10180.018,10180,01,Xuyên Dương,Tổ dân phố Xuyên Dương,tổ dân phố,xuyen_duong,18,2026_07,unverified,2026-07-01
10183.001,10183,01,Bình Vọng,Thôn Bình Vọng,thôn,binh_vong,1,2026_07,unverified,2026-07-01
10183.002,10183,01,Đan Nhiễm,Thôn Đan Nhiễm,thôn,dan_nhiem,2,2026_07,unverified,2026-07-01
10183.003,10183,01,Đỗ Hà,Thôn Đỗ Hà,thôn,do_ha,3,2026_07,unverified,2026-07-01
10183.004,10183,01,Hà Liễu,Thôn Hà Liễu,thôn,ha_lieu,4,2026_07,unverified,2026-07-01
10183.005,10183,01,Hiền Giang,Thôn Hiền Giang,thôn,hien_giang,5,2026_07,unverified,2026-07-01
10183.006,10183,01,Hòa Bình,Thôn Hòa Bình,thôn,hoa_binh,6,2026_07,unverified,2026-07-01
10183.007,10183,01,Khánh Vân,Thôn Khánh Vân,thôn,khanh_van,7,2026_07,unverified,2026-07-01
10183.008,10183,01,Ngọc Động,Thôn Ngọc Động,thôn,ngoc_dong,8,2026_07,unverified,2026-07-01
10183.009,10183,01,Nguyễn Du,Thôn Nguyễn Du,thôn,nguyen_du,9,2026_07,unverified,2026-07-01
10183.010,10183,01,Nhân Hiền,Thôn Nhân Hiền,thôn,nhan_hien,10,2026_07,unverified,2026-07-01
10183.011,10183,01,Nhị Khê,Thôn Nhị Khê,thôn,nhi_khe,11,2026_07,unverified,2026-07-01
10183.012,10183,01,Thụy Ứng,Thôn Thụy Ứng,thôn,thuy_ung,12,2026_07,unverified,2026-07-01
10183.013,10183,01,Thượng Đình,Thôn Thượng Đình,thôn,thuong_dinh,13,2026_07,unverified,2026-07-01
10183.014,10183,01,Thượng Quán,Thôn Thượng Quán,thôn,thuong_quan,14,2026_07,unverified,2026-07-01
10183.015,10183,01,Trát Cầu,Thôn Trát Cầu,thôn,trat_cau,15,2026_07,unverified,2026-07-01
10183.016,10183,01,Trần Phú,Thôn Trần Phú,thôn,tran_phu,16,2026_07,unverified,2026-07-01
10183.017,10183,01,Văn Giáp,Thôn Văn Giáp,thôn,van_giap,17,2026_07,unverified,2026-07-01
10183.018,10183,01,Văn Hội,Thôn Văn Hội,thôn,van_hoi,18,2026_07,unverified,2026-07-01
10183.019,10183,01,Văn Trai,Thôn Văn Trai,thôn,van_trai,19,2026_07,unverified,2026-07-01
10183.020,10183,01,Văn Trung,Thôn Văn Trung,thôn,van_trung,20,2026_07,unverified,2026-07-01
10183.021,10183,01,Yên Phú,Thôn Yên Phú,thôn,yen_phu,21,2026_07,unverified,2026-07-01
10210.001,10210,01,Bạch Liên,Thôn Bạch Liên,thôn,bach_lien,1,2026_07,unverified,2026-07-01
10210.002,10210,01,Bằng Sở,Thôn Bằng Sở,thôn,bang_so,2,2026_07,unverified,2026-07-01
10210.003,10210,01,Duyên Trường,Thôn Duyên Trường,thôn,duyen_truong,3,2026_07,unverified,2026-07-01
10210.004,10210,01,Dương Tảo,Thôn Dương Tảo,thôn,duong_tao,4,2026_07,unverified,2026-07-01
10210.005,10210,01,Đại Lộ,Thôn Đại Lộ,thôn,dai_lo,5,2026_07,unverified,2026-07-01
10210.006,10210,01,Đông Thai,Thôn Đông Thai,thôn,dong_thai,6,2026_07,unverified,2026-07-01
10210.007,10210,01,Hà Hồi,Thôn Hà Hồi,thôn,ha_hoi,7,2026_07,unverified,2026-07-01
10210.008,10210,01,Hạ Hồi,Thôn Hạ Hồi,thôn,ha_hoi,8,2026_07,unverified,2026-07-01
10210.009,10210,01,Hạ Thái,Thôn Hạ Thái,thôn,ha_thai,9,2026_07,unverified,2026-07-01
10210.010,10210,01,Khê Hồi,Thôn Khê Hồi,thôn,khe_hoi,10,2026_07,unverified,2026-07-01
10210.011,10210,01,Nỏ Bạn,Thôn Nỏ Bạn,thôn,no_ban,11,2026_07,unverified,2026-07-01
10210.012,10210,01,Nội Thôn,Thôn Nội Thôn,thôn,noi_thon,12,2026_07,unverified,2026-07-01
10210.013,10210,01,Phương Quế,Thôn Phương Quế,thôn,phuong_que,13,2026_07,unverified,2026-07-01
10210.014,10210,01,Sở Hạ,Thôn Sở Hạ,thôn,so_ha,14,2026_07,unverified,2026-07-01
10210.015,10210,01,Vân La,Thôn Vân La,thôn,van_la,15,2026_07,unverified,2026-07-01
10210.016,10210,01,Xâm Dương,Thôn Xâm Dương,thôn,xam_duong,16,2026_07,unverified,2026-07-01
10210.017,10210,01,Xâm Động,Thôn Xâm Động,thôn,xam_dong,17,2026_07,unverified,2026-07-01
10210.018,10210,01,Xâm Thị,Thôn Xâm Thị,thôn,xam_thi,18,2026_07,unverified,2026-07-01
10231.001,10231,01,Ba Lăng,Thôn Ba Lăng,thôn,ba_lang,1,2026_07,unverified,2026-07-01
10231.002,10231,01,Cống Xuyên,Thôn Cống Xuyên,thôn,cong_xuyen,2,2026_07,unverified,2026-07-01
10231.003,10231,01,Đông Cứu,Thôn Đông Cứu,thôn,dong_cuu,3,2026_07,unverified,2026-07-01
10231.004,10231,01,Hồng Thái,Thôn Hồng Thái,thôn,hong_thai,4,2026_07,unverified,2026-07-01
10231.005,10231,01,La Phù,Thôn La Phù,thôn,la_phu,5,2026_07,unverified,2026-07-01
10231.006,10231,01,Lâm Tỉnh,Thôn Lâm Tỉnh,thôn,lam_tinh,6,2026_07,unverified,2026-07-01
10231.007,10231,01,Mễ Sơn,Thôn Mễ Sơn,thôn,me_son,7,2026_07,unverified,2026-07-01
10231.008,10231,01,Nghiêm Xá,Thôn Nghiêm Xá,thôn,nghiem_xa,8,2026_07,unverified,2026-07-01
10231.009,10231,01,Phúc Đậu,Thôn Phúc Đậu,thôn,phuc_dau,9,2026_07,unverified,2026-07-01
10231.010,10231,01,Phúc Lộc,Thôn Phúc Lộc,thôn,phuc_loc,10,2026_07,unverified,2026-07-01
10231.011,10231,01,Tam Xá,Thôn Tam Xá,thôn,tam_xa,11,2026_07,unverified,2026-07-01
10231.012,10231,01,Triều Phú,Thôn Triều Phú,thôn,trieu_phu,12,2026_07,unverified,2026-07-01
10237.001,10237,01,An Duyên,Thôn An Duyên,thôn,an_duyen,1,2026_07,unverified,2026-07-01
10237.002,10237,01,Chương Dương,Thôn Chương Dương,thôn,chuong_duong,2,2026_07,unverified,2026-07-01
10237.003,10237,01,Đông Duyên,Thôn Đông Duyên,thôn,dong_duyen,3,2026_07,unverified,2026-07-01
10237.004,10237,01,Hà Vỹ,Thôn Hà Vỹ,thôn,ha_vy,4,2026_07,unverified,2026-07-01
10237.005,10237,01,Hoàng Long,Thôn Hoàng Long,thôn,hoang_long,5,2026_07,unverified,2026-07-01
10237.006,10237,01,Kỳ Lộc,Thôn Kỳ Lộc,thôn,ky_loc,6,2026_07,unverified,2026-07-01
10237.007,10237,01,Lê Lợi,Thôn Lê Lợi,thôn,le_loi,7,2026_07,unverified,2026-07-01
10237.008,10237,01,Thắng Lợi,Thôn Thắng Lợi,thôn,thang_loi,8,2026_07,unverified,2026-07-01
10237.009,10237,01,Thư Phú,Thôn Thư Phú,thôn,thu_phu,9,2026_07,unverified,2026-07-01
10237.010,10237,01,Tử Dương,Thôn Tử Dương,thôn,tu_duong,10,2026_07,unverified,2026-07-01
10237.011,10237,01,Tự Nhiên 1,Thôn Tự Nhiên 1,thôn,tu_nhien_1,11,2026_07,unverified,2026-07-01
10237.012,10237,01,Tự Nhiên 2,Thôn Tự Nhiên 2,thôn,tu_nhien_2,12,2026_07,unverified,2026-07-01
10237.013,10237,01,Vĩnh Lộc,Thôn Vĩnh Lộc,thôn,vinh_loc,13,2026_07,unverified,2026-07-01
10237.014,10237,01,Vũ Lăng,Thôn Vũ Lăng,thôn,vu_lang,14,2026_07,unverified,2026-07-01
10273.001,10273,01,An Định,Thôn An Định,thôn,an_dinh,1,2026_07,unverified,2026-07-01
10273.002,10273,01,An Lãng,Thôn An Lãng,thôn,an_lang,2,2026_07,unverified,2026-07-01
10273.003,10273,01,Bộ Đầu,Thôn Bộ Đầu,thôn,bo_dau,3,2026_07,unverified,2026-07-01
10273.004,10273,01,Chanh Thôn,Thôn Chanh Thôn,thôn,chanh_thon,4,2026_07,unverified,2026-07-01
10273.005,10273,01,Cổ Châu,Thôn Cổ Châu,thôn,co_chau,5,2026_07,unverified,2026-07-01
10273.006,10273,01,Duyên Trang,Thôn Duyên Trang,thôn,duyen_trang,6,2026_07,unverified,2026-07-01
10273.007,10273,01,Duyên Yết,Thôn Duyên Yết,thôn,duyen_yet,7,2026_07,unverified,2026-07-01
10273.008,10273,01,Đại Đồng,Thôn Đại Đồng,thôn,dai_dong,8,2026_07,unverified,2026-07-01
10273.009,10273,01,Đống Chanh,Thôn Đống Chanh,thôn,dong_chanh,9,2026_07,unverified,2026-07-01
10273.010,10273,01,Đỗ Xá,Thôn Đỗ Xá,thôn,do_xa,10,2026_07,unverified,2026-07-01
10273.011,10273,01,Hà Thao,Thôn Hà Thao,thôn,ha_thao,11,2026_07,unverified,2026-07-01
10273.012,10273,01,Khôn Thôn,Thôn Khôn Thôn,thôn,khon_thon,12,2026_07,unverified,2026-07-01
10273.013,10273,01,Lam Sơn,Thôn Lam Sơn,thôn,lam_son,13,2026_07,unverified,2026-07-01
10273.014,10273,01,Lạt Dương,Thôn Lạt Dương,thôn,lat_duong,14,2026_07,unverified,2026-07-01
10273.015,10273,01,Mỹ Lâm,Thôn Mỹ Lâm,thôn,my_lam,15,2026_07,unverified,2026-07-01
10273.016,10273,01,Nam Phú,Thôn Nam Phú,thôn,nam_phu,16,2026_07,unverified,2026-07-01
10273.017,10273,01,Nam Quất,Thôn Nam Quất,thôn,nam_quat,17,2026_07,unverified,2026-07-01
10273.018,10273,01,Nguyên Hanh,Thôn Nguyên Hanh,thôn,nguyen_hanh,18,2026_07,unverified,2026-07-01
10273.019,10273,01,Phong Triều,Thôn Phong Triều,thôn,phong_trieu,19,2026_07,unverified,2026-07-01
10273.020,10273,01,Phú An,Thôn Phú An,thôn,phu_an,20,2026_07,unverified,2026-07-01
10273.021,10273,01,Phú Cường,Thôn Phú Cường,thôn,phu_cuong,21,2026_07,unverified,2026-07-01
10273.022,10273,01,Phú Minh,Thôn Phú Minh,thôn,phu_minh,22,2026_07,unverified,2026-07-01
10273.023,10273,01,Phú Mỹ,Thôn Phú Mỹ,thôn,phu_my,23,2026_07,unverified,2026-07-01
10273.024,10273,01,Phú Nhiêu,Thôn Phú Nhiêu,thôn,phu_nhieu,24,2026_07,unverified,2026-07-01
10273.025,10273,01,Quang Trung,Thôn Quang Trung,thôn,quang_trung,25,2026_07,unverified,2026-07-01
10273.026,10273,01,Sơn Thanh,Thôn Sơn Thanh,thôn,son_thanh,26,2026_07,unverified,2026-07-01
10273.027,10273,01,Thao Chính,Thôn Thao Chính,thôn,thao_chinh,27,2026_07,unverified,2026-07-01
10273.028,10273,01,Thống Nhất,Thôn Thống Nhất,thôn,thong_nhat,28,2026_07,unverified,2026-07-01
10273.029,10273,01,Thụy Phú,Thôn Thụy Phú,thôn,thuy_phu,29,2026_07,unverified,2026-07-01
10273.030,10273,01,Trần Phú,Thôn Trần Phú,thôn,tran_phu,30,2026_07,unverified,2026-07-01
10273.031,10273,01,Vạn Điểm,Thôn Vạn Điểm,thôn,van_diem,31,2026_07,unverified,2026-07-01
10273.032,10273,01,Văn Minh,Thôn Văn Minh,thôn,van_minh,32,2026_07,unverified,2026-07-01
10279.001,10279,01,An Mỹ,Thôn An Mỹ,thôn,an_my,1,2026_07,unverified,2026-07-01
10279.002,10279,01,Đào Hoàng,Thôn Đào Hoàng,thôn,dao_hoang,2,2026_07,unverified,2026-07-01
10279.003,10279,01,Đại Thắng,Thôn Đại Thắng,thôn,dai_thang,3,2026_07,unverified,2026-07-01
10279.004,10279,01,Đồng Tiến,Thôn Đồng Tiến,thôn,dong_tien,4,2026_07,unverified,2026-07-01
10279.005,10279,01,Hoàng Long,Thôn Hoàng Long,thôn,hoang_long,5,2026_07,unverified,2026-07-01
10279.006,10279,01,Hoàng Lưu,Thôn Hoàng Lưu,thôn,hoang_luu,6,2026_07,unverified,2026-07-01
10279.007,10279,01,Hòa Mỹ,Thôn Hòa Mỹ,thôn,hoa_my,7,2026_07,unverified,2026-07-01
10279.008,10279,01,Hồng Minh,Thôn Hồng Minh,thôn,hong_minh,8,2026_07,unverified,2026-07-01
10279.009,10279,01,Kim Long Thượng,Thôn Kim Long Thượng,thôn,kim_long_thuong,9,2026_07,unverified,2026-07-01
10279.010,10279,01,Lưu Thượng,Thôn Lưu Thượng,thôn,luu_thuong,10,2026_07,unverified,2026-07-01
10279.011,10279,01,Phú Đôi,Thôn Phú Đôi,thôn,phu_doi,11,2026_07,unverified,2026-07-01
10279.012,10279,01,Phú Túc,Thôn Phú Túc,thôn,phu_tuc,12,2026_07,unverified,2026-07-01
10279.013,10279,01,Phượng Vũ,Thôn Phượng Vũ,thôn,phuong_vu,13,2026_07,unverified,2026-07-01
10279.014,10279,01,Thanh Hoàng,Thôn Thanh Hoàng,thôn,thanh_hoang,14,2026_07,unverified,2026-07-01
10279.015,10279,01,Tri Chỉ,Thôn Tri Chỉ,thôn,tri_chi,15,2026_07,unverified,2026-07-01
10279.016,10279,01,Trung Lập,Thôn Trung Lập,thôn,trung_lap,16,2026_07,unverified,2026-07-01
10279.017,10279,01,Văn Hoàng,Thôn Văn Hoàng,thôn,van_hoang,17,2026_07,unverified,2026-07-01
10279.018,10279,01,Văn Trai,Thôn Văn Trai,thôn,van_trai,18,2026_07,unverified,2026-07-01
10279.019,10279,01,Xuân La,Thôn Xuân La,thôn,xuan_la,19,2026_07,unverified,2026-07-01
10330.001,10330,01,Bài Lễ,Thôn Bài Lễ,thôn,bai_le,1,2026_07,unverified,2026-07-01
10330.002,10330,01,Bối Khê,Thôn Bối Khê,thôn,boi_khe,2,2026_07,unverified,2026-07-01
10330.003,10330,01,Châu Can,Thôn Châu Can,thôn,chau_can,3,2026_07,unverified,2026-07-01
10330.004,10330,01,Chuôn Thượng,Thôn Chuôn Thượng,thôn,chuon_thuong,4,2026_07,unverified,2026-07-01
10330.005,10330,01,Cổ Châu,Thôn Cổ Châu,thôn,co_chau,5,2026_07,unverified,2026-07-01
10330.006,10330,01,Cựu,Thôn Cựu,thôn,cuu,6,2026_07,unverified,2026-07-01
10330.007,10330,01,Đại Nghiệp,Thôn Đại Nghiệp,thôn,dai_nghiep,7,2026_07,unverified,2026-07-01
10330.008,10330,01,Đồng Phố,Thôn Đồng Phố,thôn,dong_pho,8,2026_07,unverified,2026-07-01
10330.009,10330,01,Đồng Vinh,Thôn Đồng Vinh,thôn,dong_vinh,9,2026_07,unverified,2026-07-01
10330.010,10330,01,Nghĩa Lập,Thôn Nghĩa Lập,thôn,nghia_lap,10,2026_07,unverified,2026-07-01
10330.011,10330,01,Ngọ,Thôn Ngọ,thôn,ngo,11,2026_07,unverified,2026-07-01
10330.012,10330,01,Phú Yên,Thôn Phú Yên,thôn,phu_yen,12,2026_07,unverified,2026-07-01
10330.013,10330,01,Tân Dân,Thôn Tân Dân,thôn,tan_dan,13,2026_07,unverified,2026-07-01
10330.014,10330,01,Thủy Phú,Thôn Thủy Phú,thôn,thuy_phu,14,2026_07,unverified,2026-07-01
10330.015,10330,01,Thượng Yên,Thôn Thượng Yên,thôn,thuong_yen,15,2026_07,unverified,2026-07-01
10330.016,10330,01,Vân Từ,Thôn Vân Từ,thôn,van_tu,16,2026_07,unverified,2026-07-01
10342.001,10342,01,An Hòa,Thôn An Hòa,thôn,an_hoa,1,2026_07,unverified,2026-07-01
10342.002,10342,01,Bái Đô,Thôn Bái Đô,thôn,bai_do,2,2026_07,unverified,2026-07-01
10342.003,10342,01,Bái Xuyên,Thôn Bái Xuyên,thôn,bai_xuyen,3,2026_07,unverified,2026-07-01
10342.004,10342,01,Bình Minh,Thôn Bình Minh,thôn,binh_minh,4,2026_07,unverified,2026-07-01
10342.005,10342,01,Cổ Chế,Thôn Cổ Chế,thôn,co_che,5,2026_07,unverified,2026-07-01
10342.006,10342,01,Cổ Trai,Thôn Cổ Trai,thôn,co_trai,6,2026_07,unverified,2026-07-01
10342.007,10342,01,Đa Thái,Thôn Đa Thái,thôn,da_thai,7,2026_07,unverified,2026-07-01
10342.008,10342,01,Đông Đoài,Thôn Đông Đoài,thôn,dong_doai,8,2026_07,unverified,2026-07-01
10342.009,10342,01,Hoàng Nguyên,Thôn Hoàng Nguyên,thôn,hoang_nguyen,9,2026_07,unverified,2026-07-01
10342.010,10342,01,Hòa Khê,Thôn Hòa Khê,thôn,hoa_khe,10,2026_07,unverified,2026-07-01
10342.011,10342,01,Khai Thái,Thôn Khai Thái,thôn,khai_thai,11,2026_07,unverified,2026-07-01
10342.012,10342,01,Khả Liễu,Thôn Khả Liễu,thôn,kha_lieu,12,2026_07,unverified,2026-07-01
10342.013,10342,01,Kim Quy,Thôn Kim Quy,thôn,kim_quy,13,2026_07,unverified,2026-07-01
10342.014,10342,01,Lập Phương,Thôn Lập Phương,thôn,lap_phuong,14,2026_07,unverified,2026-07-01
10342.015,10342,01,Minh Khai,Thôn Minh Khai,thôn,minh_khai,15,2026_07,unverified,2026-07-01
10342.016,10342,01,Ninh Sơn,Thôn Ninh Sơn,thôn,ninh_son,16,2026_07,unverified,2026-07-01
10342.017,10342,01,Phúc Lâm,Thôn Phúc Lâm,thôn,phuc_lam,17,2026_07,unverified,2026-07-01
10342.018,10342,01,Quang Lãng,Thôn Quang Lãng,thôn,quang_lang,18,2026_07,unverified,2026-07-01
10342.019,10342,01,Thần Quy,Thôn Thần Quy,thôn,than_quy,19,2026_07,unverified,2026-07-01
10342.020,10342,01,Thường Xuyên,Thôn Thường Xuyên,thôn,thuong_xuyen,20,2026_07,unverified,2026-07-01
10342.021,10342,01,Tri Thủy,Thôn Tri Thủy,thôn,tri_thuy,21,2026_07,unverified,2026-07-01
10342.022,10342,01,Vĩnh Thượng,Thôn Vĩnh Thượng,thôn,vinh_thuong,22,2026_07,unverified,2026-07-01
10342.023,10342,01,Vĩnh Xuân,Thôn Vĩnh Xuân,thôn,vinh_xuan,23,2026_07,unverified,2026-07-01
10354.001,10354,01,Cao Dương,Thôn Cao Dương,thôn,cao_duong,1,2026_07,unverified,2026-07-01
10354.002,10354,01,Dương Khê,Thôn Dương Khê,thôn,duong_khe,2,2026_07,unverified,2026-07-01
10354.003,10354,01,Đoàn Xá,Thôn Đoàn Xá,thôn,doan_xa,3,2026_07,unverified,2026-07-01
10354.004,10354,01,Đông Dương,Thôn Đông Dương,thôn,dong_duong,4,2026_07,unverified,2026-07-01
10354.005,10354,01,Động Phí,Thôn Động Phí,thôn,dong_phi,5,2026_07,unverified,2026-07-01
10354.006,10354,01,Hậu Xá,Thôn Hậu Xá,thôn,hau_xa,6,2026_07,unverified,2026-07-01
10354.007,10354,01,Hoàng Xá,Thôn Hoàng Xá,thôn,hoang_xa,7,2026_07,unverified,2026-07-01
10354.008,10354,01,Nghi Lộc,Thôn Nghi Lộc,thôn,nghi_loc,8,2026_07,unverified,2026-07-01
10354.009,10354,01,Ngọ Xá,Thôn Ngọ Xá,thôn,ngo_xa,9,2026_07,unverified,2026-07-01
10354.010,10354,01,Ngọc Động,Thôn Ngọc Động,thôn,ngoc_dong,10,2026_07,unverified,2026-07-01
10354.011,10354,01,Nguyễn Xá,Thôn Nguyễn Xá,thôn,nguyen_xa,11,2026_07,unverified,2026-07-01
10354.012,10354,01,Phí Trạch,Thôn Phí Trạch,thôn,phi_trach,12,2026_07,unverified,2026-07-01
10354.013,10354,01,Tảo Khê,Thôn Tảo Khê,thôn,tao_khe,13,2026_07,unverified,2026-07-01
10354.014,10354,01,Thanh Ấm,Thôn Thanh Ấm,thôn,thanh_am,14,2026_07,unverified,2026-07-01
10354.015,10354,01,Thanh Dương,Thôn Thanh Dương,thôn,thanh_duong,15,2026_07,unverified,2026-07-01
10354.016,10354,01,Thành Vật,Thôn Thành Vật,thôn,thanh_vat,16,2026_07,unverified,2026-07-01
10354.017,10354,01,Thiên Phúc,Thôn Thiên Phúc,thôn,thien_phuc,17,2026_07,unverified,2026-07-01
10354.018,10354,01,Tử Dương,Thôn Tử Dương,thôn,tu_duong,18,2026_07,unverified,2026-07-01
10354.019,10354,01,Văn Ông,Thôn Văn Ông,thôn,van_ong,19,2026_07,unverified,2026-07-01
10354.020,10354,01,Vân Đình,Thôn Vân Đình,thôn,van_dinh,20,2026_07,unverified,2026-07-01
10354.021,10354,01,Vân Phúc,Thôn Vân Phúc,thôn,van_phuc,21,2026_07,unverified,2026-07-01
10354.022,10354,01,Vĩnh Lộc,Thôn Vĩnh Lộc,thôn,vinh_loc,22,2026_07,unverified,2026-07-01
10369.001,10369,01,Cầu Bầu,Thôn Cầu Bầu,thôn,cau_bau,1,2026_07,unverified,2026-07-01
10369.002,10369,01,Đạo Tú,Thôn Đạo Tú,thôn,dao_tu,2,2026_07,unverified,2026-07-01
10369.003,10369,01,Đống Thịnh,Thôn Đống Thịnh,thôn,dong_thinh,3,2026_07,unverified,2026-07-01
10369.004,10369,01,Liên Bạt,Thôn Liên Bạt,thôn,lien_bat,4,2026_07,unverified,2026-07-01
10369.005,10369,01,Lương Đình,Thôn Lương Đình,thôn,luong_dinh,5,2026_07,unverified,2026-07-01
10369.006,10369,01,Lưu Khê,Thôn Lưu Khê,thôn,luu_khe,6,2026_07,unverified,2026-07-01
10369.007,10369,01,Miêng Hạ,Thôn Miêng Hạ,thôn,mieng_ha,7,2026_07,unverified,2026-07-01
10369.008,10369,01,Miêng Thượng,Thôn Miêng Thượng,thôn,mieng_thuong,8,2026_07,unverified,2026-07-01
10369.009,10369,01,Phú Lương,Thôn Phú Lương,thôn,phu_luong,9,2026_07,unverified,2026-07-01
10369.010,10369,01,Phù Yên,Thôn Phù Yên,thôn,phu_yen,10,2026_07,unverified,2026-07-01
10369.011,10369,01,Quảng Nguyên,Thôn Quảng Nguyên,thôn,quang_nguyen,11,2026_07,unverified,2026-07-01
10369.012,10369,01,Song Vũ,Thôn Song Vũ,thôn,song_vu,12,2026_07,unverified,2026-07-01
10369.013,10369,01,Thanh Hoa,Thôn Thanh Hoa,thôn,thanh_hoa,13,2026_07,unverified,2026-07-01
10369.014,10369,01,Trần Đăng,Thôn Trần Đăng,thôn,tran_dang,14,2026_07,unverified,2026-07-01
10369.015,10369,01,Trung Thượng,Thôn Trung Thượng,thôn,trung_thuong,15,2026_07,unverified,2026-07-01
10369.016,10369,01,Trường Thịnh,Thôn Trường Thịnh,thôn,truong_thinh,16,2026_07,unverified,2026-07-01
10369.017,10369,01,Viên Ngoại,Thôn Viên Ngoại,thôn,vien_ngoai,17,2026_07,unverified,2026-07-01
10369.018,10369,01,Viên Nội,Thôn Viên Nội,thôn,vien_noi,18,2026_07,unverified,2026-07-01
10369.019,10369,01,Xà Cầu,Thôn Xà Cầu,thôn,xa_cau,19,2026_07,unverified,2026-07-01
10402.001,10402,01,An Phú,Thôn An Phú,thôn,an_phu,1,2026_07,unverified,2026-07-01
10402.002,10402,01,Đại Bối,Thôn Đại Bối,thôn,dai_boi,2,2026_07,unverified,2026-07-01
10402.003,10402,01,Đại Cường,Thôn Đại Cường,thôn,dai_cuong,3,2026_07,unverified,2026-07-01
10402.004,10402,01,Đại Hùng,Thôn Đại Hùng,thôn,dai_hung,4,2026_07,unverified,2026-07-01
10402.005,10402,01,Đạo Tú,Thôn Đạo Tú,thôn,dao_tu,5,2026_07,unverified,2026-07-01
10402.006,10402,01,Đông Lỗ,Thôn Đông Lỗ,thôn,dong_lo,6,2026_07,unverified,2026-07-01
10402.007,10402,01,Đồng Tân,Thôn Đồng Tân,thôn,dong_tan,7,2026_07,unverified,2026-07-01
10402.008,10402,01,Đồng Thịnh,Thôn Đồng Thịnh,thôn,dong_thinh,8,2026_07,unverified,2026-07-01
10402.009,10402,01,Hòa Lâm,Thôn Hòa Lâm,thôn,hoa_lam,9,2026_07,unverified,2026-07-01
10402.010,10402,01,Hùng Vương,Thôn Hùng Vương,thôn,hung_vuong,10,2026_07,unverified,2026-07-01
10402.011,10402,01,Kim Đường,Thôn Kim Đường,thôn,kim_duong,11,2026_07,unverified,2026-07-01
10402.012,10402,01,Kim Phượng,Thôn Kim Phượng,thôn,kim_phuong,12,2026_07,unverified,2026-07-01
10402.013,10402,01,Minh Đường,Thôn Minh Đường,thôn,minh_duong,13,2026_07,unverified,2026-07-01
10402.014,10402,01,Minh Đức,Thôn Minh Đức,thôn,minh_duc,14,2026_07,unverified,2026-07-01
10402.015,10402,01,Trầm Lộng,Thôn Trầm Lộng,thôn,tram_long,15,2026_07,unverified,2026-07-01
10402.016,10402,01,Trung Tú,Thôn Trung Tú,thôn,trung_tu,16,2026_07,unverified,2026-07-01
10417.001,10417,01,Bài Lâm,Thôn Bài Lâm,thôn,bai_lam,1,2026_07,unverified,2026-07-01
10417.002,10417,01,Dư Xá,Thôn Dư Xá,thôn,du_xa,2,2026_07,unverified,2026-07-01
10417.003,10417,01,Đặng Giang,Thôn Đặng Giang,thôn,dang_giang,3,2026_07,unverified,2026-07-01
10417.004,10417,01,Đinh Xuyên,Thôn Đinh Xuyên,thôn,dinh_xuyen,4,2026_07,unverified,2026-07-01
10417.005,10417,01,Đội Bình,Thôn Đội Bình,thôn,doi_binh,5,2026_07,unverified,2026-07-01
10417.006,10417,01,Hữu Vĩnh,Thôn Hữu Vĩnh,thôn,huu_vinh,6,2026_07,unverified,2026-07-01
10417.007,10417,01,Lưu Hoàng,Thôn Lưu Hoàng,thôn,luu_hoang,7,2026_07,unverified,2026-07-01
10417.008,10417,01,Nội Xá,Thôn Nội Xá,thôn,noi_xa,8,2026_07,unverified,2026-07-01
10417.009,10417,01,Phù Lưu,Thôn Phù Lưu,thôn,phu_luu,9,2026_07,unverified,2026-07-01
10417.010,10417,01,Thái Bình,Thôn Thái Bình,thôn,thai_binh,10,2026_07,unverified,2026-07-01
10417.011,10417,01,Thái Hòa,Thôn Thái Hòa,thôn,thai_hoa,11,2026_07,unverified,2026-07-01
10417.012,10417,01,Xuân Quang,Thôn Xuân Quang,thôn,xuan_quang,12,2026_07,unverified,2026-07-01
10441.001,10441,01,An Phú,Thôn An Phú,thôn,an_phu,1,2026_07,unverified,2026-07-01
10441.002,10441,01,Ải,Thôn Ải,thôn,ai,2,2026_07,unverified,2026-07-01
10441.003,10441,01,Đồng Chiêm,Thôn Đồng Chiêm,thôn,dong_chiem,3,2026_07,unverified,2026-07-01
10441.004,10441,01,Hà Xá,Thôn Hà Xá,thôn,ha_xa,4,2026_07,unverified,2026-07-01
10441.005,10441,01,Nam Thanh Hà,Thôn Nam Thanh Hà,thôn,nam_thanh_ha,5,2026_07,unverified,2026-07-01
10441.006,10441,01,Phú Cốc,Thôn Phú Cốc,thôn,phu_coc,6,2026_07,unverified,2026-07-01
10441.007,10441,01,Phú Hiền,Thôn Phú Hiền,thôn,phu_hien,7,2026_07,unverified,2026-07-01
10441.008,10441,01,Phù Lưu Tế Hạ,Thôn Phù Lưu Tế Hạ,thôn,phu_luu_te_ha,8,2026_07,unverified,2026-07-01
10441.009,10441,01,Phù Lưu Tế Thượng,Thôn Phù Lưu Tế Thượng,thôn,phu_luu_te_thuong,9,2026_07,unverified,2026-07-01
10441.010,10441,01,Phù Lưu Tế Trung,Thôn Phù Lưu Tế Trung,thôn,phu_luu_te_trung,10,2026_07,unverified,2026-07-01
10441.011,10441,01,Tế Tiêu,Thôn Tế Tiêu,thôn,te_tieu,11,2026_07,unverified,2026-07-01
10441.012,10441,01,Thọ Sơn,Thôn Thọ Sơn,thôn,tho_son,12,2026_07,unverified,2026-07-01
10441.013,10441,01,Thượng Tiết,Thôn Thượng Tiết,thôn,thuong_tiet,13,2026_07,unverified,2026-07-01
10441.014,10441,01,Trinh Tiết,Thôn Trinh Tiết,thôn,trinh_tiet,14,2026_07,unverified,2026-07-01
10441.015,10441,01,Vài,Thôn Vài,thôn,vai,15,2026_07,unverified,2026-07-01
10441.016,10441,01,Văn Giang,Thôn Văn Giang,thôn,van_giang,16,2026_07,unverified,2026-07-01
10441.017,10441,01,Vân Thọ,Thôn Vân Thọ,thôn,van_tho,17,2026_07,unverified,2026-07-01
10459.001,10459,01,Bột Xuyên,Thôn Bột Xuyên,thôn,bot_xuyen,1,2026_07,unverified,2026-07-01
10459.002,10459,01,Đồng Mít,Thôn Đồng Mít,thôn,dong_mit,2,2026_07,unverified,2026-07-01
10459.003,10459,01,Giáp Ba,Thôn Giáp Ba,thôn,giap_ba,3,2026_07,unverified,2026-07-01
10459.004,10459,01,Giáp Bốn,Thôn Giáp Bốn,thôn,giap_bon,4,2026_07,unverified,2026-07-01
10459.005,10459,01,Giữa Quýt,Thôn Giữa Quýt,thôn,giua_quyt,5,2026_07,unverified,2026-07-01
10459.006,10459,01,Hoành 1,Thôn Hoành 1,thôn,hoanh_1,6,2026_07,unverified,2026-07-01
10459.007,10459,01,Hoành 2,Thôn Hoành 2,thôn,hoanh_2,7,2026_07,unverified,2026-07-01
10459.008,10459,01,Lai Tảo,Thôn Lai Tảo,thôn,lai_tao,8,2026_07,unverified,2026-07-01
10459.009,10459,01,Mỹ Thành,Thôn Mỹ Thành,thôn,my_thanh,9,2026_07,unverified,2026-07-01
10459.010,10459,01,Nội Thượng Lâm,Thôn Nội Thượng Lâm,thôn,noi_thuong_lam,10,2026_07,unverified,2026-07-01
10459.011,10459,01,Phú Cường,Thôn Phú Cường,thôn,phu_cuong,11,2026_07,unverified,2026-07-01
10459.012,10459,01,Phúc Khảm Lâm,Thôn Phúc Khảm Lâm,thôn,phuc_kham_lam,12,2026_07,unverified,2026-07-01
10459.013,10459,01,Phúc Lâm Hạ,Thôn Phúc Lâm Hạ,thôn,phuc_lam_ha,13,2026_07,unverified,2026-07-01
10459.014,10459,01,Phúc Lâm Trung,Thôn Phúc Lâm Trung,thôn,phuc_lam_trung,14,2026_07,unverified,2026-07-01
10459.015,10459,01,Thượng,Thôn Thượng,thôn,thuong,15,2026_07,unverified,2026-07-01
10459.016,10459,01,Trì Thượng Lâm,Thôn Trì Thượng Lâm,thôn,tri_thuong_lam,16,2026_07,unverified,2026-07-01
10459.017,10459,01,Tuy Lai,Thôn Tuy Lai,thôn,tuy_lai,17,2026_07,unverified,2026-07-01
10465.001,10465,01,Áng Hạ,Thôn Áng Hạ,thôn,ang_ha,1,2026_07,unverified,2026-07-01
10465.002,10465,01,Áng Thượng,Thôn Áng Thượng,thôn,ang_thuong,2,2026_07,unverified,2026-07-01
10465.003,10465,01,Đặng,Thôn Đặng,thôn,dang,3,2026_07,unverified,2026-07-01
10465.004,10465,01,Đoan Nữ,Thôn Đoan Nữ,thôn,doan_nu,4,2026_07,unverified,2026-07-01
10465.005,10465,01,Đoài,Thôn Đoài,thôn,doai,5,2026_07,unverified,2026-07-01
10465.006,10465,01,Đức Thụ,Thôn Đức Thụ,thôn,duc_thu,6,2026_07,unverified,2026-07-01
10465.007,10465,01,Gò Mái,Thôn Gò Mái,thôn,go_mai,7,2026_07,unverified,2026-07-01
10465.008,10465,01,Hạ Phùng Xá,Thôn Hạ Phùng Xá,thôn,ha_phung_xa,8,2026_07,unverified,2026-07-01
10465.009,10465,01,Hợp Tiến,Thôn Hợp Tiến,thôn,hop_tien,9,2026_07,unverified,2026-07-01
10465.010,10465,01,Kinh Đào Tảo Khê,Thôn Kinh Đào Tảo Khê,thôn,kinh_dao_tao_khe,10,2026_07,unverified,2026-07-01
10465.011,10465,01,La Đồng,Thôn La Đồng,thôn,la_dong,11,2026_07,unverified,2026-07-01
10465.012,10465,01,Lê Xá,Thôn Lê Xá,thôn,le_xa,12,2026_07,unverified,2026-07-01
10465.013,10465,01,Nghĩa,Thôn Nghĩa,thôn,nghia,13,2026_07,unverified,2026-07-01
10465.014,10465,01,Phú Sơn,Thôn Phú Sơn,thôn,phu_son,14,2026_07,unverified,2026-07-01
10465.015,10465,01,Tân Độ,Thôn Tân Độ,thôn,tan_do,15,2026_07,unverified,2026-07-01
10465.016,10465,01,Thanh Bình,Thôn Thanh Bình,thôn,thanh_binh,16,2026_07,unverified,2026-07-01
10465.017,10465,01,Thượng 1 Phùng Xá,Thôn Thượng 1 Phùng Xá,thôn,thuong_1_phung_xa,17,2026_07,unverified,2026-07-01
10465.018,10465,01,Thượng 2 Phùng Xá,Thôn Thượng 2 Phùng Xá,thôn,thuong_2_phung_xa,18,2026_07,unverified,2026-07-01
10465.019,10465,01,Thượng Nội,Thôn Thượng Nội,thôn,thuong_noi,19,2026_07,unverified,2026-07-01
10465.020,10465,01,Trung Thượng,Thôn Trung Thượng,thôn,trung_thuong,20,2026_07,unverified,2026-07-01
10465.021,10465,01,Viêm Khê,Thôn Viêm Khê,thôn,viem_khe,21,2026_07,unverified,2026-07-01
10489.001,10489,01,An Thắng,Thôn An Thắng,thôn,an_thang,1,2026_07,unverified,2026-07-01
10489.002,10489,01,Đông Bình,Thôn Đông Bình,thôn,dong_binh,2,2026_07,unverified,2026-07-01
10489.003,10489,01,Đốc Tín,Thôn Đốc Tín,thôn,doc_tin,3,2026_07,unverified,2026-07-01
10489.004,10489,01,Đục Khê,Thôn Đục Khê,thôn,duc_khe,4,2026_07,unverified,2026-07-01
10489.005,10489,01,Hội Xá,Thôn Hội Xá,thôn,hoi_xa,5,2026_07,unverified,2026-07-01
10489.006,10489,01,Hưng An,Thôn Hưng An,thôn,hung_an,6,2026_07,unverified,2026-07-01
10489.007,10489,01,Kim Bôi,Thôn Kim Bôi,thôn,kim_boi,7,2026_07,unverified,2026-07-01
10489.008,10489,01,Mỹ Hà,Thôn Mỹ Hà,thôn,my_ha,8,2026_07,unverified,2026-07-01
10489.009,10489,01,Mỹ Hiền,Thôn Mỹ Hiền,thôn,my_hien,9,2026_07,unverified,2026-07-01
10489.010,10489,01,Phú Yên,Thôn Phú Yên,thôn,phu_yen,10,2026_07,unverified,2026-07-01
10489.011,10489,01,Tiên Mai,Thôn Tiên Mai,thôn,tien_mai,11,2026_07,unverified,2026-07-01
10489.012,10489,01,Trung Tuyết,Thôn Trung Tuyết,thôn,trung_tuyet,12,2026_07,unverified,2026-07-01
10489.013,10489,01,Vạn Phúc,Thôn Vạn Phúc,thôn,van_phuc,13,2026_07,unverified,2026-07-01
10489.014,10489,01,Yến Vỹ,Thôn Yến Vỹ,thôn,yen_vy,14,2026_07,unverified,2026-07-01
