source_key,title,url,date,type,via
wiki-00004-1,Nghị quyết số 111/2025/UBTVQH15 ngày 24 tháng 12 năm 2025 của Ủy ban Thường vụ Quốc hội về phân loại đô thị,https://cdn.nhandan.vn/files/f4a4abf7f9a0ba4a91744616546d850872b76917f90d5a74cc9eebef1369fb6f/111.pdf,2026-04-30,wikipedia-ref,
wiki-00004-2,"Hội đồng nhân dân phường Ba Đình tổ chức thành công kỳ họp thứ hai, khóa I, nhiệm kỳ 2021 – 2026",https://badinh.hanoi.gov.vn/tin-tuc-hoat-dong-hdnd/hoi-dong-nhan-dan-phuong-ba-dinh-to-chuc-thanh-cong-ky-hop-thu-hai-khoa-i-nhiem-ky-2021-2026-2800250719115752514.htm,2025-07-18,wikipedia-ref,
wiki-00004-3,Nghị quyết số 1656/NQ-UBTVQH15 ngày 16 tháng 6 năm 2025 của Ủy ban Thường vụ Quốc hội về việc sắp xếp các đơn vị hành chính cấp xã của thành phố Hà Nội năm 2025,https://datafiles.chinhphu.vn/cpp/files/vbpq/2025/6/1656-nq.signed.pdf,2026-06-30,wikipedia-ref,
wiki-00008-1,Thông báo số 178/TB-UBND ngày 31 tháng 7 năm 2026 của Ủy ban nhân dân phường Ngọc Hà về việc công khai Nghị quyết sắp xếp tổ dân phố trên địa bàn phường Ngọc Hà,https://datafiles.hanoi.gov.vn/gov-hni/6930/VanBan/2026/8/6/1785839945519.pdf,,wikipedia-ref,
wiki-00008-2,Nghị quyết số 111/2025/UBTVQH15 ngày 24 tháng 12 năm 2025 của Ủy ban Thường vụ Quốc hội về phân loại đô thị,https://cdn.nhandan.vn/files/f4a4abf7f9a0ba4a91744616546d850872b76917f90d5a74cc9eebef1369fb6f/111.pdf,2026-04-30,wikipedia-ref,
wiki-00008-3,"Quyết định số 14/QĐ-UBBC ngày 24 tháng 2 năm 2026 của Ủy ban bầu cử phường Ngọc Hà về việc công bố danh sách chính thức những người ứng cử đại biểu Hội đồng nhân dân phường Ngọc Hà khóa II, nhiệm kỳ 2026 – 2031",https://ochodua.hanoi.gov.vn/bau-cu-dai-bieu-quoc-hoi-khoa-xvi-va-dai-bieu-hoi-dong-nhan-dan-cac-cap-nhiem-ky-2026-2031/danh-sach-chinh-thuc-nhung-nguoi-ung-cu-dai-bieu-hdnd-phuong-o-cho-dua-khoa-ii-nhiem-ky-2026-2031-2832260226075535494.htm,,wikipedia-ref,
wiki-00025-1,Danh sách chính thức những người ứng cử đại biểu Hội đồng nhân dân phường Giảng Võ khóa II nhiệm kỳ 2026 – 2031,https://giangvo.hanoi.gov.vn/bau-cu-quoc-hoi-va-hdnd-nhiem-ky-2026-2031/cong-bo-danh-sach-chinh-thuc-nhung-nguoi-ung-cu-dai-bieu-hdnd-phuong-giang-vo-khoa-ii-nhiem-ky-2026-2031-2808260227211311486.htm,2026-02-23,wikipedia-ref,
wiki-00025-2,Nghị quyết số 111/2025/UBTVQH15 ngày 24 tháng 12 năm 2025 của Ủy ban Thường vụ Quốc hội về phân loại đô thị,https://cdn.nhandan.vn/files/f4a4abf7f9a0ba4a91744616546d850872b76917f90d5a74cc9eebef1369fb6f/111.pdf,2026-04-30,wikipedia-ref,
wiki-00025-3,Nghị quyết số 1656/NQ-UBTVQH15 ngày 16 tháng 6 năm 2025 của Ủy ban Thường vụ Quốc hội về việc sắp xếp các đơn vị hành chính cấp xã của thành phố Hà Nội năm 2025,https://datafiles.chinhphu.vn/cpp/files/vbpq/2025/6/1656-nq.signed.pdf,2026-06-30,wikipedia-ref,
wiki-00070-1,Nghị quyết số 70/NQ-HĐND ngày 28 tháng 8 năm 2025 của Hội đồng nhân dân phường Hoàn Kiếm về việc ghép và đổi tên tổ dân phố trên địa bàn phường Hoàn Kiếm,https://datafiles.hanoi.gov.vn/gov-hni/7257/VanBan/2025/9/16/NQ%20v%E1%BB%81%20vi%E1%BB%87c%20gh%C3%A9p%20v%C3%A0%20%C4%91%E1%BB%95i%20t%C3%AAn%20t%E1%BB%95%20d%C3%A2n%20ph%E1%BB%91.pdf,,wikipedia-ref,
wiki-00070-2,Nghị quyết số 111/2025/UBTVQH15 ngày 24 tháng 12 năm 2025 của Ủy ban Thường vụ Quốc hội về phân loại đô thị,https://cdn.nhandan.vn/files/f4a4abf7f9a0ba4a91744616546d850872b76917f90d5a74cc9eebef1369fb6f/111.pdf,2026-04-30,wikipedia-ref,
wiki-00070-3,Nghị quyết số 1656/NQ-UBTVQH15 ngày 16 tháng 6 năm 2025 của Ủy ban Thường vụ Quốc hội về việc sắp xếp các đơn vị hành chính cấp xã của thành phố Hà Nội năm 2025,https://datafiles.chinhphu.vn/cpp/files/vbpq/2025/6/1656-nq.signed.pdf,2026-06-30,wikipedia-ref,
wiki-00082-1,"Nghị quyết về việc thành lập, sắp xếp, tổ chức lại các tổ dân phố trên địa bàn phường Cửa Nam",https://cuanam.hanoi.gov.vn/thong-tin-cong-khai/nghi-quyet-ve-thanh-lap-sap-xep-to-chuc-lai-to-dan-pho-tren-dia-ban-phuong-cua-nam-2801260630145626688.htm,2026-06-29,wikipedia-ref,
wiki-00082-2,"Quyết định số 27/QĐ-UBBC ngày 12 tháng 2 năm 2026 của Ủy ban bầu cử phường Cửa Nam về việc công bố danh sách chính thức những người ứng cử đại biểu Hội đồng nhân dân phường Cửa Nam khóa II, nhiệm kỳ 2026 – 2031 theo từng đơn vị bầu cử",https://cuanam.hanoi.gov.vn/thong-tin-cong-khai/cong-bo-danh-sach-chinh-thuc-nhung-nguoi-ung-cu-dai-bieu-hdnd-phuong-cua-nam-khoa-ii-nhiem-ky-20262031-2801260225102003906.htm,2026-08-16,wikipedia-ref,
wiki-00082-3,Nghị quyết số 111/2025/UBTVQH15 ngày 24 tháng 12 năm 2025 của Ủy ban Thường vụ Quốc hội về phân loại đô thị,https://cdn.nhandan.vn/files/f4a4abf7f9a0ba4a91744616546d850872b76917f90d5a74cc9eebef1369fb6f/111.pdf,2026-04-30,wikipedia-ref,
wiki-00097-1,Quyết định số 33/QĐ-UBBC ngày 23 tháng 2 năm 2026 của Ủy ban bầu cử về việc công bố danh sách chính thức những người ứng cử đại biểu Hội đồng nhân dân phường Hồng Hà nhiệm kỳ 2026 – 2031,https://hongha.hanoi.gov.vn/chi-dao-cua-dia-phuong/quyet-dinh-2815260227140043094.htm,2026-08-15,wikipedia-ref,
wiki-00097-2,Nghị quyết số 111/2025/UBTVQH15 ngày 24 tháng 12 năm 2025 của Ủy ban Thường vụ Quốc hội về phân loại đô thị,https://cdn.nhandan.vn/files/f4a4abf7f9a0ba4a91744616546d850872b76917f90d5a74cc9eebef1369fb6f/111.pdf,2026-04-30,wikipedia-ref,
wiki-00097-3,Nghị quyết số 1656/NQ-UBTVQH15 ngày 16 tháng 6 năm 2025 của Ủy ban Thường vụ Quốc hội về việc sắp xếp các đơn vị hành chính cấp xã của thành phố Hà Nội năm 2025,https://datafiles.chinhphu.vn/cpp/files/vbpq/2025/6/1656-nq.signed.pdf,2026-06-30,wikipedia-ref,
wiki-00118-1,"Phường Bồ Đề tổ chức thành công Kỳ họp thứ Hai Hội đồng nhân dân phường khóa II, nhiệm kỳ 2026 – 2031",https://bode.hanoi.gov.vn/tin-tuc-hoat-dong/phuong-bo-de-to-chuc-thanh-cong-ky-hop-thu-hai-hoi-dong-nhan-dan-phuong-khoa-ii-nhiem-ky-2026-2031-2831260630075547309.htm,2026-06-30,wikipedia-ref,
wiki-00118-2,Nghị quyết số 111/2025/UBTVQH15 ngày 24 tháng 12 năm 2025 của Ủy ban Thường vụ Quốc hội về phân loại đô thị,https://cdn.nhandan.vn/files/f4a4abf7f9a0ba4a91744616546d850872b76917f90d5a74cc9eebef1369fb6f/111.pdf,2026-07-12,wikipedia-ref,
wiki-00118-3,Phường Bồ Đề triển khai Hội nghị tổ chức lấy ý kiến nhân dân về Phương án đổi tên tổ dân phố sau sắp xếp đơn vị hành chính cấp xã của Thành phố Hà Nội,https://bode.hanoi.gov.vn/tin-tuc-su-kien/phuong-bo-de-trien-khai-hoi-nghi-to-chuc-lay-y-kien-nhan-dan-ve-phuong-an-doi-ten-to-dan-pho-sau-sap-xep-don-vi-hanh-chinh-cap-xa-cua-thanh-pho-ha-noi-283125072517464945.htm?gidzl=Y4asPahqUmkCLZ9WGEby1O9LD6XOu2q2dWXcFL-zUW3F2M1lMESWLPu8R3vQit1GcmmnFZBqZ7XSJ_L_2G,2025-07-26,wikipedia-ref,
wiki-00127-1,"Nghị quyết số 14/NQ-HĐND ngày 29 tháng 6 năm 2026 của Hội đồng nhân dân phường Việt Hưng về việc thành lập, sắp xếp, tổ chức lại tổ dân phố trên địa bàn phường Việt Hưng, thành phố Hà Nội",https://sqhx-hanoi.mediacdn.vn/91579363132710912/2026/7/5/2-nghi-quyet-sap-xep-tdp-17832357773631644105426.pdf,2026-07-23,wikipedia-ref,
wiki-00127-2,Nghị quyết số 111/2025/UBTVQH15 ngày 24 tháng 12 năm 2025 của Ủy ban Thường vụ Quốc hội về phân loại đô thị,https://cdn.nhandan.vn/files/f4a4abf7f9a0ba4a91744616546d850872b76917f90d5a74cc9eebef1369fb6f/111.pdf,2026-08-14,wikipedia-ref,
wiki-00127-3,"Kỳ họp thứ hai (kỳ họp chuyên đề) Hội đồng nhân dân lâm thời phường Việt Hưng, nhiệm kỳ 2021 – 2026",https://viethung.hanoi.gov.vn/tin-tuc-su-kien/ky-hop-thu-hai-ky-hop-chuyen-de-hoi-dong-nhan-dan-lam-thoi-phuong-viet-hung-nhiem-ky-2021-2026-2783250724095552263.htm?gidzl=l4PrBu6MgN-uMN4fYuolSRXOToETY_eZfGmhTv_RftBrMNubpedr9V9HUYQSWgPoymPx86KBuUbXX9UjVG,2025-07-24,wikipedia-ref,
wiki-00136-1,"Hội đồng nhân dân phường Phúc Lợi thông qua 4 nghị quyết quan trọng, tạo đà phát triển trong giai đoạn mới",https://dangcongsan.org.vn/hanoi/xay-dung-dang/hdnd-phuong-phuc-loi-thong-qua-4-nghi-quyet-quan-trong-tao-da-phat-trien-trong-giai-doan-moi.html?gidzl=vR9d3AryWd_XhMCAfs65SE6jOmQnQz9o_V0nKxOsXN2iyJS1iMpV9VtmEr2pE8yW-FHcK39-_z12g7s6VG,2026-06-25,wikipedia-ref,
wiki-00136-2,"Nghị quyết số 8/NQ-HĐND ngày 25 tháng 7 năm 2025 của Hội đồng nhân dân xã Phúc Lợi về việc đổi tên tổ dân phố, ghép cụm dân cư vào tổ dân phố trên địa bàn phường Phúc Lợi",https://storage-vnportal.vnpt.vn/gov-hni/6984/VanBan/2025/8/5/Ngh%E1%BB%8B%20quy%E1%BA%BFt%20%C4%91%E1%BB%95i%20t%C3%AAn%20t%E1%BB%95%20d%C3%A2n%20ph%E1%BB%91-%20gh%C3%A9p%20c%E1%BB%A5m%20d%C3%A2n%20c%C6%B0.pdf,2026-07-10,wikipedia-ref,
wiki-00136-3,Địa điểm trụ sở làm việc của Đảng ủy - HĐND - UBND - Ủy ban MTTQ; Điểm phục vụ hành chính công; Công an phường; Quân sự phường và các đơn vị sự nghiệp phường Phúc Lợi,https://phucloi.hanoi.gov.vn/cac-co-quan-trong-dia-ban/dia-diem-tru-so-lam-viec-cua-dang-uy-hdnd-ubnd-uy-ban-mttq-diem-phuc-vu-hanh-chinh-cong-cong-an-phuong-quan-su-phuong-va-cac-don-vi-su-nghiep-phuong-phuc-loi-2702250716104500111.htm,,wikipedia-ref,
wiki-00145-1,Hội đồng nhân dân phường Long Biên thông qua Nghị quyết về sắp xếp các tổ dân phố,https://hanoimoi.vn/hdnd-phuong-long-bien-thong-qua-nghi-quyet-ve-sap-xep-cac-to-dan-pho-1209394.html?gidzl=0vsDI8EU61K7WebEYOCV6W-5Zq6NqHOQ4uQ35y3M41yJqz4IdO91JHxJX42SqnLAJD3KGcAsCg1iXfyS5m,2026-06-26,wikipedia-ref,
wiki-00145-2,Nghị quyết số 8/NQ-HĐND ngày 18 tháng 7 năm 2025 của Hội đồng nhân dân phường Long Biên về việc đổi tên các tổ dân phố trên địa bàn phường Long Biên,https://sqhx-hanoi.mediacdn.vn/91579363132710912/2025/7/29/nq-08-ve-doi-ten-to-dan-pho-1753777605686735101223.pdf,2026-07-10,wikipedia-ref,
wiki-00145-3,"Danh sách chính thức những người ứng cử đại biểu Hội đồng nhân dân phường Long Biên khóa II, nhiệm kỳ 2026 – 2031",https://longbien.hanoi.gov.vn/bau-cu-dai-bieu-quoc-hoi-khoa-xvi-va-bau-cu-hdnd-cac-cap-nhiem-ky-2026-2031/danh-sach-chinh-thuc-nhung-nguoi-ung-cu-dai-bieu-hdnd-phuong-long-bien-khoa-ii-nhiem-ky-2026-2031-2811260227155142773.htm,2026-02-26,wikipedia-ref,
portal-00160,Đề án Sắp xếp tổ dân phố trên địa bàn phường Nghĩa Đô,https://nghiado.hanoi.gov.vn/sap-xep-to-dan-pho/de-an-sap-xep-to-dan-pho-tren-dia-ban-phuong-nghia-do-281626062620064984.htm,2026-06-26,cong_ttdt,
wiki-00175-1,"Nghị quyết số 27/NQ-HĐND ngày 26 tháng 6 năm 2026 của Hội đồng nhân dân phường Yên Hòa về việc sắp xếp, tổ chức lại và đổi tên các tổ dân phố trên địa bàn phường Yên Hòa",https://datafiles.hanoi.gov.vn/gov-hni/8211/VanBan/2026/7/8/27NQ%20H%C4%90ND.signed.pdf,,wikipedia-ref,
wiki-00175-2,Phường Yên Hòa ứng dụng công nghệ thông tin trong công bố danh sách khu vực bỏ phiếu và người ứng cử bầu cử đại biểu Hội đồng nhân dân phường nhiệm kỳ 2026 – 2031,https://yenhoa.hanoi.gov.vn/bau-cu/phuong-yen-hoa-ung-dung-cntt-trong-cong-bo-danh-sach-khu-vuc-bo-phieu-va-nguoi-ung-cu-bau-cu-dai-bieu-hdnd-phuong-nhiem-ky-2026-2031-2836260224182230367.htm,2026-02-24,wikipedia-ref,
wiki-00175-3,Nghị quyết số 111/2025/UBTVQH15 ngày 24 tháng 12 năm 2025 của Ủy ban Thường vụ Quốc hội về phân loại đô thị,https://cdn.nhandan.vn/files/f4a4abf7f9a0ba4a91744616546d850872b76917f90d5a74cc9eebef1369fb6f/111.pdf,2026-04-30,wikipedia-ref,
wiki-00190-1,Kỳ họp thứ hai Hội đồng nhân dân Phường Ô Chợ Dừa: Quyết sách nhiều vấn đề lớn cho giai đoạn 2026 – 2030,https://ochodua.hanoi.gov.vn/hoat-dong-cua-hoi-dong-nhan-dan/ky-hop-thu-hai-hdnd-phuong-o-cho-dua-quyet-sach-nhieu-van-de-lon-cho-giai-doan-2026-2030-2832260625133501091.htm,2026-06-25,wikipedia-ref,
wiki-00190-2,"Danh sách chính thức những người ứng cử đại biểu Hội đồng nhân dân Phường Ô Chợ Dừa khóa II, nhiệm kỳ 2026 – 2031",https://ochodua.hanoi.gov.vn/bau-cu-dai-bieu-quoc-hoi-khoa-xvi-va-dai-bieu-hoi-dong-nhan-dan-cac-cap-nhiem-ky-2026-2031/danh-sach-chinh-thuc-nhung-nguoi-ung-cu-dai-bieu-hdnd-phuong-o-cho-dua-khoa-ii-nhiem-ky-2026-2031-2832260226075535494.htm,2026-02-25,wikipedia-ref,
wiki-00190-3,Phương án tháng 5 năm 2026 của Ủy ban nhân dân phường Ô Chợ Dừa về việc sắp xếp tổ dân phố trên địa bàn phường Ô Chợ Dừa,https://ochodua.hanoi.gov.vn/du-an-de-an/phuong-o-cho-dua-lay-y-kien-nhan-dan-du-thao-phuong-an-sap-xep-to-dan-pho-283226061817070944.htm,,wikipedia-ref,
wiki-00199-1,"Ủy ban bầu cử phường Láng công bố danh sách chính thức những người ứng cử đại biểu Hội đồng nhân dân phường Láng khóa II, nhiệm kỳ 2026 – 20231 tại 05 đơn vị bầu cử trên địa bàn phường",https://lang.hanoi.gov.vn/thong-bao/uy-ban-bau-cu-phuong-lang-cong-bo-danh-sach-chinh-thuc-nhung-nguoi-ung-cu-dai-bieu-hdnd-phuong-lang-khoa-ii-nhiem-ky-2026-2031-tai-05-don-vi-bau-cu-tren-dia-ban-phuong-2830260225173015979.htm,2026-02-25,wikipedia-ref,
wiki-00199-2,"Hội đồng nhân dân phường Láng thông qua nhiều nghị quyết quan trọng, định hướng phát triển trong giai đoạn mới",https://www.thanhuyhanoi.vn/tin-tuc/van-hanh-chinh-quyen-dia-phuong-2-cap/hdnd-phuong-lang-thong-qua-nhieu-nghi-quyet-quan-trong-dinh-huong-phat-trien-trong-giai-doan-moi-50026906.html,2025-07-18,wikipedia-ref,
wiki-00199-3,Nghị quyết số 111/2025/UBTVQH15 ngày 24 tháng 12 năm 2025 của Ủy ban Thường vụ Quốc hội về phân loại đô thị,https://cdn.nhandan.vn/files/f4a4abf7f9a0ba4a91744616546d850872b76917f90d5a74cc9eebef1369fb6f/111.pdf,2026-04-30,wikipedia-ref,
wiki-00226-1,Phường Văn Miếu – Quốc Tử Giám công khai dự thảo phương án sắp xếp tổ dân phố năm 2026,https://vanmieuquoctugiam.hanoi.gov.vn/thong-tin-cong-khai/phuong-van-mieu-quoc-tu-giam-cong-khai-du-thao-phuong-an-sap-xep-to-dan-pho-nam-2026-2813260612155433657.htm?gidzl=wjsg9dq-u43kmguWToRfH-R3fY5fTxf2-9oWB6ejx1xvnwCjQYRgIVFCf2SmVBb9yCtt9sMXqdzNU3_aGW,2026-06-12,wikipedia-ref,
wiki-00226-2,Danh sách chính thức những người ứng cử đại biểu Hội đồng nhân dân phường Văn Miếu – Quốc Tử Giám khóa II,https://vanmieuquoctugiam.hanoi.gov.vn/tin-tuc-bau-cu/cong-bo-danh-sach-chinh-thuc-08-nguoi-ung-cu-dai-bieu-hdnd-phuong-van-mieu-quoc-tu-giam-khoa-ii-nhiem-ky-20262031-don-vi-bau-cu-so-1-2813260302140724567.htm?gidzl=7uIWE63k3saRcwG-QlO6RXEQh3vqfrLg3SMgCtVz0pOCdgaoT_O5OGQLhZWjh5PX1PJzE6L9MvfWPUyBQm,2026-02-12,wikipedia-ref,
wiki-00226-3,"Hội đồng nhân dân phường tổ chức Kỳ họp thứ ba – Kỳ họp chuyên đề: Xem xét, thảo luận, thông qua nghị quyết về đổi tên tổ dân phố trên địa bàn phường Văn Miếu – Quốc Tử Giám",https://web.facebook.com/phuongvanmieuquoctugiam/posts/pfbid028q3JhbnprFET3oDUQ5ppMGXL5FfsZHo18yDdMBMXYTidWjsSn5bdXVwsBfJXkEejl,2025-08-08,wikipedia-ref,
wiki-00229-1,Phường Kim Liên công bố danh sách chính thức ứng cử viên đại biểu Hội đồng nhân dân phường Kim Liên nhiệm kỳ 2026 2031,https://kimlien.hanoi.gov.vn/tin-tuc-su-kien/phuong-kim-lien-cong-bo-danh-sach-chinh-thuc-ung-cu-vien-dai-bieu-hdnd-phuong-kim-lien-nhiem-ky-2026-2031-2824260301191217099.htm,2026-03-01,wikipedia-ref,
wiki-00229-2,Nghị quyết số 111/2025/UBTVQH15 ngày 24 tháng 12 năm 2025 của Ủy ban Thường vụ Quốc hội về phân loại đô thị,https://cdn.nhandan.vn/files/f4a4abf7f9a0ba4a91744616546d850872b76917f90d5a74cc9eebef1369fb6f/111.pdf,2026-04-30,wikipedia-ref,
wiki-00229-3,Nghị quyết số 1656/NQ-UBTVQH15 ngày 16 tháng 6 năm 2025 của Ủy ban Thường vụ Quốc hội về việc sắp xếp các đơn vị hành chính cấp xã của thành phố Hà Nội năm 2025,https://datafiles.chinhphu.vn/cpp/files/vbpq/2025/6/1656-nq.signed.pdf,2026-06-30,wikipedia-ref,
wiki-00235-1,"Nghị quyết số 23/NQ-HĐND ngày 26 tháng 6 năm 2026 của Hội đồng nhân dân phường Đống Đa về việc sắp xếp, tổ chức lại tổ dân phố trên địa bàn phường Đống Đa",https://dongda.hanoi.gov.vn/tin-tuc-hoat-dong-hoi-dong-nhan-dan/cac-nghi-quyet-cua-hoi-dong-nhan-dan-phuong-dong-da-nhiem-ky-2026-2030-ky-hop-thu-3-2806260730153454135.htm,,wikipedia-ref,
wiki-00235-2,"Nghị quyết số 1/NQ-UBBC ngày 20 tháng 3 năm 2026 của Ủy ban bầu cử phường Đống Đa về việc công bố danh sách người trúngcử đại biểu Hội đồng nhân dân phường Đống Đa khóa II, nhiệm kỳ 2026 – 2031",https://sqhx-hanoi.mediacdn.vn/91579363132710912/2026/3/20/ubbc-nq-01-1773993016992619371796.pdf,,wikipedia-ref,
wiki-00235-3,Nghị quyết số 111/2025/UBTVQH15 ngày 24 tháng 12 năm 2025 của Ủy ban Thường vụ Quốc hội về phân loại đô thị,https://cdn.nhandan.vn/files/f4a4abf7f9a0ba4a91744616546d850872b76917f90d5a74cc9eebef1369fb6f/111.pdf,2026-04-30,wikipedia-ref,
wiki-00256-1,Nghị quyết số 22/NQ-HĐND ngày 29 tháng 6 năm 2026 của Hội đồng nhân dân phường Hai Bà Trưng về việc sắp xếp tổ dân phố trên địa bàn phường Hai Bà Trưng,https://sqhx-hanoi.mediacdn.vn/91579363132710912/2026/7/8/nq-sap-xep-to-dan-pho-17835077422221027546505.pdf,,wikipedia-ref,
wiki-00256-2,Thông báo về việc lấy phiếu ý kiến Nhân dân và niêm yết công khai dự thảo Đề án sắp xếp tổ dân phố trên địa bàn phường Hai Bà Trưng,https://haibatrung.hanoi.gov.vn/trang-chu/thong-bao-ve-viec-lay-phieu-y-kien-nhan-dan-va-niem-yet-cong-khai-du-thao-de-an-sap-xep-to-dan-pho-tren-dia-ban-phuong-hai-ba-trung-2814260618101253163.htm?gidzl=J5Qd9y_ZVWD8IQCXnVf-3KXEeo7JhdqDK4ppBzpu9rjGIwbzr_eX30TB_ts7_IeE04_q8ZQrXEmLok9w0G,2026-06-18,wikipedia-ref,
wiki-00256-3,Quyết định số 220/QĐ-UBND ngày 21 tháng 7 năm 2025 của Ủy ban nhân dân phường Hai Bà Trưng về việc đổi tên các tổ dân phố trên địa bàn phường Hai Bà Trưng Sau sắp xếp đơn vị hành chính năm 2025,https://haibatrung.hanoi.gov.vn/trang-chu/phuong-hai-ba-trung-sap-xep-va-doi-ten-to-dan-pho-tren-dia-ban-phuong-sau-sap-xep-don-vi-hanh-chinh-nam-2025-2814250726101938723.htm?gidzl=oNT_VkqI0HxDQ7juvmi14CrlUdZnNmCGrMqgTlu9MKRLQd0azGjV4O9g9YIb35GJXMujUpOIL4jHw1C570,2026-08-20,wikipedia-ref,
wiki-00283-1,"Phương án sắp xếp, đổi tên tổ dân phố trên địa bàn phường Vĩnh Tuy",https://vinhtuy.hanoi.gov.vn/thong-bao/phuong-an-sap-xep-doi-ten-to-dan-pho-tren-dia-ban-phuong-vinh-tuy-28232606151421561.htm?gidzl=ssK21mMaRdVVUWO13xbkSzvv0WCOxMbraNvI1K-sCt2VVbq0Jhip89Lp3WTAuZ5ncd5RKp7ey5b10ALgTG,2026-06-15,wikipedia-ref,
wiki-00283-2,"Quyết định số 211/QĐ-UBND ngày 11 tháng 7 năm 2025 của Ủy ban nhân dân phường Vĩnh Tuy về việc đổi tên, sắp xếp các tổ dân phố trên địa bàn phường Vĩnh Tuy",https://vinhtuy.hanoi.gov.vn/chi-dao-cua-dia-phuong/phuong-vinh-tuy-tran-trong-gui-toi-nhan-dan-tren-dia-ban-phuong-quyet-dinh-doi-ten-va-sap-xep-cac-to-dan-pho-tren-dia-ban-phuong-vinh-tuy-sau-sap-xep-don-vi-hanh-chinh-2823250715085301846.htm?gidzl=k9LlU2ZpYNIyYcj-8kw9SRsCQtWrlufoyeixVcBaq7VyYpHxO-dG9_Q6PtndiD9s-OGoA36cLzCzBVADTW,2026-07-04,wikipedia-ref,
wiki-00283-3,Nghị quyết số 111/2025/UBTVQH15 ngày 24 tháng 12 năm 2025 của Ủy ban Thường vụ Quốc hội về phân loại đô thị,https://cdn.nhandan.vn/files/f4a4abf7f9a0ba4a91744616546d850872b76917f90d5a74cc9eebef1369fb6f/111.pdf,2026-04-30,wikipedia-ref,
wiki-00292-1,Nghị quyết số 88/NQ-HĐND ngày 26 tháng 6 năm 2026 của Hội đồng nhân dân phường Bạch Mai về việc sắp xếp tổ dân phố trên địa bàn phường Bạch Mai,https://sqhx-hanoi.mediacdn.vn/91579363132710912/2026/7/10/nq-88-2026-hdnd-ve-sap-xep-to-dan-pho-1783669618357653608035.pdf,,wikipedia-ref,
wiki-00292-2,,https://thuvienphapluat.vn/van-ban/Xay-dung-Do-thi/Nghi-quyet-01-NQ-HDND-2020-sap-nhap-dat-ten-va-doi-ten-thon-to-dan-pho-thanh-pho-Ha-Noi-436855.aspx,2020-02-24,wikipedia-ref,
wiki-00292-3,Nghị quyết số 111/2025/UBTVQH15 ngày 24 tháng 12 năm 2025 của Ủy ban Thường vụ Quốc hội về phân loại đô thị,https://cdn.nhandan.vn/files/f4a4abf7f9a0ba4a91744616546d850872b76917f90d5a74cc9eebef1369fb6f/111.pdf,2026-04-30,wikipedia-ref,
wiki-00301-1,Phường Vĩnh Hưng tạo động lực phát triển từ đầu tư hạ tầng và quy hoạch,https://vinhhung.hanoi.gov.vn/hoat-dong-cua-hdnd-phuong/phuong-vinh-hung-tao-dong-luc-phat-trien-tu-dau-tu-ha-tang-va-quy-hoach-2829260706144346179.htm?gidzl=FED1EJWjH1uu_4K_CZH4733_GZaiP40MAFqIDoCo6a0e-aXbA30S5t_w7cLuDnSLUFuLEZOo_p0MFIn070,2026-06-30,wikipedia-ref,
wiki-00301-2,Nghị quyết số 111/2025/UBTVQH15 ngày 24 tháng 12 năm 2025 của Ủy ban Thường vụ Quốc hội về phân loại đô thị,https://cdn.nhandan.vn/files/f4a4abf7f9a0ba4a91744616546d850872b76917f90d5a74cc9eebef1369fb6f/111.pdf,2026-04-30,wikipedia-ref,
wiki-00301-3,Nghị quyết số 1656/NQ-UBTVQH15 ngày 16 tháng 6 năm 2025 của Ủy ban Thường vụ Quốc hội về việc sắp xếp các đơn vị hành chính cấp xã của thành phố Hà Nội năm 2025,https://datafiles.chinhphu.vn/cpp/files/vbpq/2025/6/1656-nq.signed.pdf,2026-06-30,wikipedia-ref,
wiki-00316-1,Hội đồng nhân dân phường Định Công thông qua nghị quyết đổi tên 30 tổ dân phố,https://dinhcong.hanoi.gov.vn/cai-cach-hanh-chinh/hdnd-phuong-dinh-cong-thong-qua-nghi-quyet-doi-ten-30-to-dan-pho-2818250731144055349.htm?gidzl=yl-OHAmIX7xsu9n2fWk0VVdXcKw_3TCWukISIkyDZNU_vPL5uWw4BUpad4An2j4hxERE53Het2aBgHE0V0,2025-07-31,wikipedia-ref,
wiki-00316-2,Phường Định Công dự kiến sắp xếp từ 69 xuống còn 35 tổ dân phố,https://dinhcong.hanoi.gov.vn/tin-tuc-su-kien/phuong-dinh-cong-du-kien-sap-xep-tu-69-xuong-con-35-to-dan-pho-2818260613171031803.htm?gidzl=B2DFC6MODrCeF4isRu4pK2SzIZDsXsG4F3XFDoQ7EbDXEKOuAuGp2J8uJpzuW6OFCZeTQJH_YarIO9apKG,2026-06-13,wikipedia-ref,
wiki-00316-3,Nghị quyết số 111/2025/UBTVQH15 ngày 24 tháng 12 năm 2025 của Ủy ban Thường vụ Quốc hội về phân loại đô thị,https://cdn.nhandan.vn/files/f4a4abf7f9a0ba4a91744616546d850872b76917f90d5a74cc9eebef1369fb6f/111.pdf,2026-04-30,wikipedia-ref,
wiki-00322-1,Nghị quyết số 111/2025/UBTVQH15 ngày 24 tháng 12 năm 2025 của Ủy ban Thường vụ Quốc hội về phân loại đô thị,https://cdn.nhandan.vn/files/f4a4abf7f9a0ba4a91744616546d850872b76917f90d5a74cc9eebef1369fb6f/111.pdf,2026-04-30,wikipedia-ref,
wiki-00322-2,Nghị quyết số 1656/NQ-UBTVQH15 ngày 16 tháng 6 năm 2025 của Ủy ban Thường vụ Quốc hội về việc sắp xếp các đơn vị hành chính cấp xã của thành phố Hà Nội năm 2025,https://datafiles.chinhphu.vn/cpp/files/vbpq/2025/6/1656-nq.signed.pdf,2026-05-13,wikipedia-ref,
wiki-00322-3,"Nghị quyết số 203/2025/QH15 ngày 16 tháng 6 năm 2025 của Quốc hội khóa XV, Kỳ họp thứ 9 về việc sửa đổi, bổ sung một số điều của Hiến pháp nước Cộng hòa xã hội chủ nghĩa Việt Nam",https://datafiles.chinhphu.vn/cpp/files/vbpq/2025/6/nq-sua-doi-hien-phap.pdf,2026-06-13,wikipedia-ref,
wiki-00328-1,Phường Lĩnh Nam thông qua Nghị quyết về phương án đổi tên các Tổ dân phố do trùng tên và sáp nhập các tổ dân phố bị chia tách sau sắp xếp đơn vị hành chính,https://linhnam.hanoi.gov.vn/chi-dao-dieu-hanh/phuong-linh-nam-thong-qua-nghi-quyet-ve-phuong-an-doi-ten-cac-to-dan-pho-do-trung-ten-va-sap-nhap-cac-to-dan-pho-bi-chia-tach-sau-sap-xep-don-vi-hanh-chinh-2822250828170723509.htm,2025-08-28,wikipedia-ref,
wiki-00328-2,Nghị quyết số 111/2025/UBTVQH15 ngày 24 tháng 12 năm 2025 của Ủy ban Thường vụ Quốc hội về phân loại đô thị,https://cdn.nhandan.vn/files/f4a4abf7f9a0ba4a91744616546d850872b76917f90d5a74cc9eebef1369fb6f/111.pdf,2026-04-30,wikipedia-ref,
wiki-00328-3,Nghị quyết số 1656/NQ-UBTVQH15 ngày 16 tháng 6 năm 2025 của Ủy ban Thường vụ Quốc hội về việc sắp xếp các đơn vị hành chính cấp xã của thành phố Hà Nội năm 2025,https://datafiles.chinhphu.vn/cpp/files/vbpq/2025/6/1656-nq.signed.pdf,2026-05-13,wikipedia-ref,
wiki-00331-1,Về việc công khai Nghị quyết sắp xếp Tổ dân phố trên địa bàn phường Hoàng Mai,https://hoangmai.hanoi.gov.vn/thong-bao/ve-viec-cong-khai-nghi-quyet-sap-xep-to-dan-pho-tren-dia-ban-phuong-hoang-mai-2819260819171109828.htm?gidzl=jYVgNM0344UoEEvRQXePGRivxrnr7HKHzZw-32CV44JtEkiD91uL5Q9ekmid7qmHz6-wMpdW5SyhPG8KHG,2026-08-19,wikipedia-ref,
wiki-00331-2,Nghị quyết số 111/2025/UBTVQH15 ngày 24 tháng 12 năm 2025 của Ủy ban Thường vụ Quốc hội về phân loại đô thị,https://cdn.nhandan.vn/files/f4a4abf7f9a0ba4a91744616546d850872b76917f90d5a74cc9eebef1369fb6f/111.pdf,2026-04-30,wikipedia-ref,
wiki-00331-3,Kỳ họp thứ ba (Kỳ họp chuyên đề) Hội đồng nhân dân phường Hoàng Mai,https://hoangmai.hanoi.gov.vn/dang-doan-the/ky-hop-thu-ba-ky-hop-chuyen-de-hdnd-phuong-hoang-mai-2819250903143056425.htm?gidzl=wAO48_r86oNikG0bzrKR9ksv1YVW0XudehvM8RTPH2AilbaajbH4SgQp2YEo3KOZgR5VTp4Ztoet-4aV9m,2025-09-03,wikipedia-ref,
wiki-00337-1,Nghị quyết số 111/2025/UBTVQH15 ngày 24 tháng 12 năm 2025 của Ủy ban Thường vụ Quốc hội về phân loại đô thị,https://cdn.nhandan.vn/files/f4a4abf7f9a0ba4a91744616546d850872b76917f90d5a74cc9eebef1369fb6f/111.pdf,2026-04-30,wikipedia-ref,
wiki-00337-2,Nghị quyết số 1656/NQ-UBTVQH15 ngày 16 tháng 6 năm 2025 của Ủy ban Thường vụ Quốc hội về việc sắp xếp các đơn vị hành chính cấp xã của thành phố Hà Nội năm 2025,https://datafiles.chinhphu.vn/cpp/files/vbpq/2025/6/1656-nq.signed.pdf,2026-05-13,wikipedia-ref,
wiki-00337-3,Danh sách chính thức những người ứng cử đại biểu Hội đồng nhân dân phường Hoàng Liệt nhiệm kỳ 2026 – 2031,https://sqhx-hanoi.mediacdn.vn/91579363132710912/2026/2/27/danh-sach-final-17721661106261820390522.pdf,2026-02-25,wikipedia-ref,
wiki-00340-1,"Thông báo số 376/TB-UBND ngày 30 tháng 6 năm 2026 về việc công khai Nghị quyết thành lập, sắp xếp, tổ chức lại tổ dân phố trên địa bàn phường Yên Sở",https://sqhx-hanoi.mediacdn.vn/91579363132710912/2026/7/2/document-93-1782955348022552230362.pdf,,wikipedia-ref,
wiki-00340-2,"Đề án năm 2026 của Ủy ban nhân dân phường Yên Sở về việc sắp xếp tổ dân phố trên địa bàn phường Yên Sở, thành phố Hà Nội",https://yenso.hanoi.gov.vn/thong-bao/ve-viec-cong-khai-du-thao-de-an-sap-xep-to-dan-photren-dia-ban-phuong-yen-so-thanh-pho-ha-noi-2797260611095954568.htm,,wikipedia-ref,
wiki-00340-3,Nghị quyết số 111/2025/UBTVQH15 ngày 24 tháng 12 năm 2025 của Ủy ban Thường vụ Quốc hội về phân loại đô thị,https://cdn.nhandan.vn/files/f4a4abf7f9a0ba4a91744616546d850872b76917f90d5a74cc9eebef1369fb6f/111.pdf,2026-04-30,wikipedia-ref,
wiki-00352-1,"Nghị quyết số 22/NQ-HĐND ngày 25 tháng 6 năm 2026 của Hội đồng nhân dân phường Phương Liệt về việc thành lập, sắp xếp, tổ chức lại tổ dân phố trên địa bàn phường Phương Liệt",https://datafiles.hanoi.gov.vn/gov-hni/6960/VanBan/2026/6/26/NQ%2022%20TH%C3%80NH%20L%E1%BA%ACP-%20S%E1%BA%AEP%20X%E1%BA%BEP%20L%E1%BA%A0I%20TDP.pdf,,wikipedia-ref,
wiki-00352-2,Nghị quyết số 11/NQ-HĐND ngày 30 tháng 9 năm 2025 của Hội đồng nhân dân phường Phương Liệt về việc đổi tên tổ dân phố trên địa bàn phường Phương Liệt,https://datafiles.hanoi.gov.vn/gov-hni/6960/VanBan/2025/10/2/NQ%2011%20%C4%91%E1%BB%95i%20t%C3%AAn%20t%E1%BB%95%20DP%20tr%C3%AAn%20%C4%91%E1%BB%8Ba%20b%C3%A0n%20ph%C6%B0%E1%BB%9Dng.pdf,,wikipedia-ref,
wiki-00352-3,Nghị quyết số 111/2025/UBTVQH15 ngày 24 tháng 12 năm 2025 của Ủy ban Thường vụ Quốc hội về phân loại đô thị,https://cdn.nhandan.vn/files/f4a4abf7f9a0ba4a91744616546d850872b76917f90d5a74cc9eebef1369fb6f/111.pdf,2026-04-30,wikipedia-ref,
wiki-00364-1,Phường Khương Đình tổ chức Hội nghị công bố Nghị quyết số 21/NQ-HĐND về việc sắp xếp tổ dân phố trên địa bàn,https://khuongdinh.hanoi.gov.vn/tin-tuc-su-kien/phuong-khuong-dinh-to-chuc-hoi-nghi-cong-bo-nghi-quyet-so-21-nq-hdnd-ve-viec-sap-xep-to-dan-pho-tren-dia-ban-2817260701121309439.htm?gidzl=fTYyOQ9LZo6XnxXdg4o88w34lsA_IueWkCRgQBj2YNZenxvjlq_QVkl2v3xjIzGiwCMsEMOnl0PnfrIB8m,2026-06-30,wikipedia-ref,
wiki-00364-2,Nghị quyết số 18/NQ-HĐND ngày 8 tháng 12 năm 2025 của Hội đồng nhân dân phường Khương Đình về việc ghép khu vực dân cư (tòa Gold Tower) vào Tổ dân phố số 22 (Thanh Xuân Trung) trên địa bàn phường Khương Đình sau sắp xếp đơn vị hành chính,https://datafiles.hanoi.gov.vn/gov-hni/6958/VanBan/2025/12/12/NQ%2018-H%C4%90ND.pdf,,wikipedia-ref,
wiki-00364-3,Nghị quyết số 111/2025/UBTVQH15 ngày 24 tháng 12 năm 2025 của Ủy ban Thường vụ Quốc hội về phân loại đô thị,https://cdn.nhandan.vn/files/f4a4abf7f9a0ba4a91744616546d850872b76917f90d5a74cc9eebef1369fb6f/111.pdf,2026-04-30,wikipedia-ref,
wiki-00367-1,Phường Thanh Xuân công bố nghị quyết sắp xếp tổ dân phố,https://thanhxuan.hanoi.gov.vn/tin-tuc-su-kien-noi-bat/phuong-thanh-xuan-cong-bo-nghi-quyet-sap-xep-to-dan-pho-2690260703075036135.htm,2026-07-02,wikipedia-ref,
wiki-00367-2,Phường Thanh Xuân lấy ý kiến cử tri về phương án sắp xếp tổ dân phố từ ngày 10/6/2026,https://thanhxuan.hanoi.gov.vn/thong-tin-cong-khai/phuong-thanh-xuan-lay-y-kien-cu-tri-ve-phuong-an-sap-xep-to-dan-pho-tu-ngay-10-6-2026-2690260609181602096.htm,2026-06-09,wikipedia-ref,
wiki-00367-3,Nghị quyết số 111/2025/UBTVQH15 ngày 24 tháng 12 năm 2025 của Ủy ban Thường vụ Quốc hội về phân loại đô thị,https://cdn.nhandan.vn/files/f4a4abf7f9a0ba4a91744616546d850872b76917f90d5a74cc9eebef1369fb6f/111.pdf,2026-04-30,wikipedia-ref,
wiki-00376-1,"Thông báo số 1743/TB-UBND ngày 30 tháng 6 năm 2026 của Ủy ban nhân dân xã Sóc Sơn về việc công bố thôn, tổ dân phố sau sắp xếp, tổ chức lại",https://socson.hanoi.gov.vn/thong-bao/xa-soc-son-thong-bao-thon-to-dan-pho-sau-sap-xep-to-chuc-lai-2788260701170746606.htm,2026-07-05,wikipedia-ref,
wiki-00376-2,Ủy ban bầu cử xã Sóc Sơn công bố danh sách ứng cử đại biểu Hội đồng nhân dân xã Sóc Sơn nhiệm kỳ 2026 – 2031,https://socson.hanoi.gov.vn/hoat-dong-cua-hdnd/uy-ban-bau-cu-xa-soc-son-cong-bo-danh-sach-ung-cu-dai-bieu-hdnd-xa-nhiem-ky-2026-2031-2788260227142710354.htm,2026-02-27,wikipedia-ref,
wiki-00376-3,Nghị quyết số 111/2025/UBTVQH15 ngày 24 tháng 12 năm 2025 của Ủy ban Thường vụ Quốc hội về phân loại đô thị,https://cdn.nhandan.vn/files/f4a4abf7f9a0ba4a91744616546d850872b76917f90d5a74cc9eebef1369fb6f/111.pdf,2026-08-14,wikipedia-ref,
wiki-00382-1,Nghị quyết số 1/NQ-UBBC ngày 15 tháng 12 năm 2025 của Ủy ban bầu cử xã Kim Anh về việc ấn định số đơn vị bầu cử và số lượng đại biểu Hội đồng nhân dân xã được bầu cử ở mỗi đơn vị,https://sqhx-hanoi.mediacdn.vn/91579363132710912/2026/1/5/nq-so-01-ubbc-1-176758828088013214930.pdf,,wikipedia-ref,
wiki-00382-2,Nghị quyết số 1656/NQ-UBTVQH15 ngày 16 tháng 6 năm 2025 của Ủy ban Thường vụ Quốc hội về việc sắp xếp các đơn vị hành chính cấp xã của thành phố Hà Nội năm 2025,https://datafiles.chinhphu.vn/cpp/files/vbpq/2025/6/1656-nq.signed.pdf,2026-05-13,wikipedia-ref,
wiki-00382-3,"Nghị quyết số 203/2025/QH15 ngày 16 tháng 6 năm 2025 của Quốc hội khóa XV, Kỳ họp thứ 9 về việc sửa đổi, bổ sung một số điều của Hiến pháp nước Cộng hòa xã hội chủ nghĩa Việt Nam",https://datafiles.chinhphu.vn/cpp/files/vbpq/2025/6/nq-sua-doi-hien-phap.pdf,,wikipedia-ref,
wiki-00385-1,Nghị quyết số 16/NQ-HĐND ngày 25 tháng 6 năm 2026 của Hội đồng nhân dân xã Trung Giã về việc sắp xếp thôn trên địa bàn xã Trung Giã,https://web.facebook.com/story.php?story_fbid=122139248895042990&id=61581289700262&rdid=MwlRQSzlfU5bRUqn#,2026-07-06,wikipedia-ref,
wiki-00385-2,Trung Giã công bố danh sách chính thức những người ứng cử đại biểu Hội đồng nhân dân xã Trung Giã nhiệm kỳ 2026 – 2031 theo từng đơn vị bầu cử,https://trunggia.hanoi.gov.vn/bau-cu-quoc-hoi-va-hdnd-cac-cap-nk-2026-2031/trung-gia-cong-bo-danh-sach-chinh-thuc-nhung-nguoi-ung-cu-dai-bieu-hoi-dong-nhan-dan-xa-trung-gia-nhiem-ky-2026-2031-theo-tung-don-vi-bau-cu-2778260228211815399.htm,2026-02-25,wikipedia-ref,
wiki-00385-3,Nghị quyết số 1656/NQ-UBTVQH15 ngày 16 tháng 6 năm 2025 của Ủy ban Thường vụ Quốc hội về việc sắp xếp các đơn vị hành chính cấp xã của thành phố Hà Nội năm 2025,https://datafiles.chinhphu.vn/cpp/files/vbpq/2025/6/1656-nq.signed.pdf,2026-05-13,wikipedia-ref,
wiki-00430-1,Ủy ban nhân dân xã Đa Phúc thông báo chính thức 19 thôn sau sắp xếp (theo Nghị quyết số 22/NQ-HĐND ngày 24 tháng 6 năm 2026 của Hội đồng nhân dân xã Đa Phúc),https://web.facebook.com/story.php?story_fbid=122186167904924832&id=61577744976709&rdid=50qWc48pmyeSqD6Q#,2026-07-03,wikipedia-ref,
wiki-00430-2,Công bố danh sách chính thức những người ứng cử đại biểu Hội đồng nhân dân xã Đa Phúc nhiệm kỳ 2026 – 2031,https://daphuc.hanoi.gov.vn/tin-tuc-su-kien/cong-bo-danh-sach-chinh-thuc-nhung-nguoi-ung-cu-dai-bieu-hdnd-xa-da-phuc-nhiem-ky-2026-2031-2766260227170257609.htm,2026-02-27,wikipedia-ref,
wiki-00430-3,Nghị quyết số 1656/NQ-UBTVQH15 ngày 16 tháng 6 năm 2025 của Ủy ban Thường vụ Quốc hội về việc sắp xếp các đơn vị hành chính cấp xã của thành phố Hà Nội năm 2025,https://datafiles.chinhphu.vn/cpp/files/vbpq/2025/6/1656-nq.signed.pdf,2026-06-30,wikipedia-ref,
wiki-00433-1,Công bố danh sách chính thức những người ứng cử đại biểu Hội đồng nhân dân xã Nội Bài nhiệm kỳ 2026 – 2031,https://noibai.hanoi.gov.vn/bau-cu-dai-bieu-quoc-hoi-khoa-xvi-va-dai-bieu-hdnd-cac-cap-nhiem-ky-2026-2031/cong-bo-danh-sach-chinh-thuc-nhung-nguoi-ung-cu-dai-bieu-hdnd-xa-noi-bai-nhiem-ky-2026-2031-2723260226151631137.htm,2026-02-25,wikipedia-ref,
wiki-00433-2,Nghị quyết số 1656/NQ-UBTVQH15 ngày 16 tháng 6 năm 2025 của Ủy ban Thường vụ Quốc hội về việc sắp xếp các đơn vị hành chính cấp xã của thành phố Hà Nội năm 2025,https://datafiles.chinhphu.vn/cpp/files/vbpq/2025/6/1656-nq.signed.pdf,2026-05-13,wikipedia-ref,
wiki-00433-3,"Kỳ họp thứ ba, Hội đồng nhân dân xã Nội Bài: Đánh giá toàn diện tình hình kinh tế – xã hội 6 tháng đầu năm 2026",https://nguoihanoi.vn/ky-hop-thu-ba-hdnd-xa-noi-bai-danh-gia-toan-dien-tinh-hinh-kinh-te-xa-hoi-6-thang-dau-nam-2026-101440.html,2026-06-26,wikipedia-ref,
wiki-00454-1,"Xã Đông Anh công khai dự thảo Đề án sắp xếp thôn, tổ dân phố và tổ chức lấy ý kiến Cử tri đại diện hộ gia đình trên địa bàn",https://donganh.hanoi.gov.vn/chi-dao-cua-dia-phuong/xa-dong-anh-cong-khai-du-thao-de-an-sap-xep-thonto-dan-pho-va-to-chuc-lay-y-kien-cu-tri-dai-dien-ho-gia-dinh-tren-dia-ban-2834260617182703871.htm,2026-06-18,wikipedia-ref,
wiki-00454-2,Danh sách trích ngang ứng cử viên đại biểu Hội đồng nhân dân xã Đông Anh,https://donganh.hanoi.gov.vn/bau-cu/danh-sach-trich-ngang-ung-cu-vien-dai-bieu-hdnd-xa-dong-anh-2834260303163201247.htm,2026-03-03,wikipedia-ref,
wiki-00454-3,Nghị quyết số 111/2025/UBTVQH15 ngày 24 tháng 12 năm 2025 của Ủy ban Thường vụ Quốc hội về phân loại đô thị,https://cdn.nhandan.vn/files/f4a4abf7f9a0ba4a91744616546d850872b76917f90d5a74cc9eebef1369fb6f/111.pdf,2026-07-12,wikipedia-ref,
wiki-00466-1,"Công bố danh sách 48 người ứng cử đại biểu Hội đồng nhân dân xã Phúc Thịnh khóa II, nhiệm kỳ 2026 – 2031",https://phucthinh.hanoi.gov.vn/tin-tuc-su-kien/cong-bo-danh-sach-48-nguoi-ung-cu-dai-bieu-hdnd-xa-phuc-thinh-khoa-ii-nhiem-ky-2026-2031-2689260225154545423.htm,2026-02-25,wikipedia-ref,
wiki-00466-2,Nghị quyết số 111/2025/UBTVQH15 ngày 24 tháng 12 năm 2025 của Ủy ban Thường vụ Quốc hội về phân loại đô thị,https://cdn.nhandan.vn/files/f4a4abf7f9a0ba4a91744616546d850872b76917f90d5a74cc9eebef1369fb6f/111.pdf,2026-04-30,wikipedia-ref,
wiki-00466-3,Nghị quyết số 1656/NQ-UBTVQH15 ngày 16 tháng 6 năm 2025 của Ủy ban Thường vụ Quốc hội về việc sắp xếp các đơn vị hành chính cấp xã của thành phố Hà Nội năm 2025,https://datafiles.chinhphu.vn/cpp/files/vbpq/2025/6/1656-nq.signed.pdf,2026-05-13,wikipedia-ref,
wiki-00475-1,"Xã Thư Lâm công bố các nghị quyết, quyết định thành lập thôn sau sắp xếp",https://hanoi.gov.vn/tin-tuc-su-kien-noi-bat/xa-thu-lam-cong-bo-cac-nghi-quyet-quyet-dinh-thanh-lap-thon-sau-sap-xep-4260630205459681.htm,2026-06-30,wikipedia-ref,
wiki-00475-2,"Các thôn, khu, tổ dân phố trên địa bàn xã Thư Lâm thực hiện niêm yết công khai dự thảo phương án sắp xếp thôn, tổ dân phố",https://thulam.hanoi.gov.vn/tin-tuc-hoat-dong-khu-dan-cu/cac-thon-khu-to-dan-pho-tren-dia-ban-xa-thu-lam-thuc-hien-niem-yet-cong-khai-du-thao-phuong-an-sap-xep-thon-to-dan-pho-2846260615100304123.htm,2026-06-15,wikipedia-ref,
wiki-00475-3,Danh sách 51 khu vực bỏ phiếu bầu cử đại biểu Quốc hội khóa XVI và đại biểu Hội đồng nhân dân các cấp nhiệm kỳ 2026 – 2031 trên địa bàn xã Thư Lâm,https://thulam.hanoi.gov.vn/tin-tuc-su-kien-bau-cu/danh-sach-51-khu-vuc-bo-phieu-bau-cu-dai-bieu-quoc-hoi-khoa-xvi-va-dai-bieu-hdnd-cac-cap-nhiem-ky-2026-2031-tren-dia-ban-xa-thu-lam-2846260226211639261.htm,2026-02-26,wikipedia-ref,
wiki-00493-1,"Danh sách chính thức những người ứng cử đại biểu Hội đồng nhân dân xã Thiên Lộc khóa II, nhiệm kỳ 2026 – 2031",https://thienloc.hanoi.gov.vn/bau-cu/danh-sach-chinh-thuc-nhung-nguoi-ung-cu-dai-bieu-hdnd-xa-thien-loc-khoa-ii-nhiem-ky-2026-2031-2786260225120538456.htm,2026-02-27,wikipedia-ref,
wiki-00493-2,Nghị quyết số 1656/NQ-UBTVQH15 ngày 16 tháng 6 năm 2025 của Ủy ban Thường vụ Quốc hội về việc sắp xếp các đơn vị hành chính cấp xã của thành phố Hà Nội năm 2025,https://datafiles.chinhphu.vn/cpp/files/vbpq/2025/6/1656-nq.signed.pdf,2026-05-13,wikipedia-ref,
wiki-00493-3,"Nghị quyết số 203/2025/QH15 ngày 16 tháng 6 năm 2025 của Quốc hội khóa XV, Kỳ họp thứ 9 về việc sửa đổi, bổ sung một số điều của Hiến pháp nước Cộng hòa xã hội chủ nghĩa Việt Nam",https://datafiles.chinhphu.vn/cpp/files/vbpq/2025/6/nq-sua-doi-hien-phap.pdf,,wikipedia-ref,
wiki-00508-1,"Danh sách chính thức những người ứng cử đại biểu Hội đồng nhân dân xã Vĩnh Thanh khóa II, nhiệm kỳ 2026 – 2031",https://vinhthanh.hanoi.gov.vn/tin-tuc-su-kien/danh-sach-chinh-thucnhung-nguoi-ung-cu-dai-bieu-hoi-dong-nhan-dan-xa-vinh-thanh-khoa-ii-nhiem-ky-2026-2031-2781260302102927279.htm?gidzl=a5l7UWDLPaAKHCDy2KXYH9z0ndyK7Mj4q1QUAHOHCq62IvDu7araHTeKbNmS63b2tnwRUMMbFvG91bHYG0,2026-03-03,wikipedia-ref,
wiki-00508-2,Nghị quyết số 1656/NQ-UBTVQH15 ngày 16 tháng 6 năm 2025 của Ủy ban Thường vụ Quốc hội về việc sắp xếp các đơn vị hành chính cấp xã của thành phố Hà Nội năm 2025,https://datafiles.chinhphu.vn/cpp/files/vbpq/2025/6/1656-nq.signed.pdf,2026-06-30,wikipedia-ref,
wiki-00508-3,,https://m.thuvienphapluat.vn/van-ban/Bo-may-hanh-chinh/Nghi-Quyet-mo-rong-thanh-pho-Ha-Noi-42689.aspx,,wikipedia-ref,
wiki-00541-1,,https://m.thuvienphapluat.vn/van-ban/Bo-may-hanh-chinh/Nghi-quyet-30-NQ-HDND-2020-thanh-lap-dat-ten-thon-to-dan-pho-thanh-pho-Ha-Noi-461372.aspx,2023-12-09,wikipedia-ref,
wiki-00541-2,Nghị quyết số 111/2025/UBTVQH15 ngày 24 tháng 12 năm 2025 của Ủy ban Thường vụ Quốc hội về phân loại đô thị,https://cdn.nhandan.vn/files/f4a4abf7f9a0ba4a91744616546d850872b76917f90d5a74cc9eebef1369fb6f/111.pdf,2026-04-30,wikipedia-ref,
wiki-00541-3,Nghị quyết số 1656/NQ-UBTVQH15 ngày 16 tháng 6 năm 2025 của Ủy ban Thường vụ Quốc hội về việc sắp xếp các đơn vị hành chính cấp xã của thành phố Hà Nội năm 2025,https://datafiles.chinhphu.vn/cpp/files/vbpq/2025/6/1656-nq.signed.pdf,2026-05-13,wikipedia-ref,
wiki-00562-1,"Kỳ họp thứ 2 – Hội đồng nhân dân xã Thuận An khóa II, nhiệm kỳ 2026 – 2031 thành công tốt đẹp",https://thuanan.hanoi.gov.vn/chi-dao-dieu-hanh/ky-hop-thu-2-hoi-dong-nhan-dan-xa-thuan-an-khoa-ii-nhiem-ky-2026-2031-thanh-cong-tot-dep-2840260627054535252.htm?gidzl=ULfu5kb4y1DzHNmGurdq7ND5VHhx3FGQQKTw7AnOzHzkGdrD_W_uJs52S1-XNVXDP4edJMEcBxqqx4Nq4G,2026-06-26,wikipedia-ref,
wiki-00562-2,Nghị quyết số 1656/NQ-UBTVQH15 ngày 16 tháng 6 năm 2025 của Ủy ban Thường vụ Quốc hội về việc sắp xếp các đơn vị hành chính cấp xã của thành phố Hà Nội năm 2025,https://datafiles.chinhphu.vn/cpp/files/vbpq/2025/6/1656-nq.signed.pdf,2026-05-13,wikipedia-ref,
wiki-00562-3,"Thông báo số 599/TB-UBND ngày 5 tháng 6 năm 2026 của Ủy ban nhân dân xã Thuận An về việc công khai dự thảo Đề án sắp xếp thôn, tổ dân phố trên địa bàn xã Thuận An",https://sqhx-hanoi.mediacdn.vn/91579363132710912/2026/6/17/599-thong-bao-cong-khai-va-du-thao-de-an-1781662937848283220920.pdf,2026-07-13,wikipedia-ref,
wiki-00565-1,"Nghị quyết số 25/NQ-HĐND ngày 29 tháng 6 năm 2026 của Hội đồng nhân dân xã Gia Lâm về việc thành lập, sắp xếp các thôn, tổ dân phố trên địa bàn xã Gia Lâm",https://sqhx-hanoi.mediacdn.vn/91579363132710912/2026/7/2/nghi-quyet-25-17829853049231671182577.pdf,2026-07-09,wikipedia-ref,
wiki-00565-2,Nghị quyết số 111/2025/UBTVQH15 ngày 24 tháng 12 năm 2025 của Ủy ban Thường vụ Quốc hội về phân loại đô thị,https://cdn.nhandan.vn/files/f4a4abf7f9a0ba4a91744616546d850872b76917f90d5a74cc9eebef1369fb6f/111.pdf,2026-07-12,wikipedia-ref,
wiki-00565-3,Nghị quyết số 1656/NQ-UBTVQH15 ngày 16 tháng 6 năm 2025 của Ủy ban Thường vụ Quốc hội về việc sắp xếp các đơn vị hành chính cấp xã của thành phố Hà Nội năm 2025,https://datafiles.chinhphu.vn/cpp/files/vbpq/2025/6/1656-nq.signed.pdf,2026-05-13,wikipedia-ref,
wiki-00577-1,Hội đồng nhân dân xã Bát Tràng thông qua 9 Nghị quyết tại kỳ họp cuối năm,https://battrang.hanoi.gov.vn/tin-tuc-su-kien/hdnd-xa-bat-trang-thong-qua-9-nghi-quyet-tai-ky-hop-cuoi-nam-2757251205155819924.htm?gidzl=NiX2CXU4kKfQrqOq7Pc-ILBMHZ83pRnFIDH1D5IPlKfFqKPb1iwm6a3HIpTPdB0OHTaSPMD_VSv94eMzI0,2025-12-05,wikipedia-ref,
wiki-00577-2,,https://m.thuvienphapluat.vn/van-ban/Bo-may-hanh-chinh/Nghi-quyet-30-NQ-HDND-2020-thanh-lap-dat-ten-thon-to-dan-pho-thanh-pho-Ha-Noi-461372.aspx,2023-12-09,wikipedia-ref,
wiki-00577-3,"Hội đồng nhân dân xã Bát Tràng khóa XXII tổ chức Kỳ họp thứ 2, nhiệm kỳ 2026 – 2031",https://battrang.hanoi.gov.vn/hoat-dong-hoi-dong-nhan-dan/hdnd-xa-bat-trang-khoa-xxii-to-chuc-ky-hop-thu-2-nhiem-ky-2026-2031-2757260625163347921.htm?gidzl=bWDMU1GKUHYI759-7Wb-6veTKNq0NNyOW1zMUrS9VXs76b4g1LvpJOWQN7XQ37DFZH8BAcEq9XfH4HLz6W,2026-06-27,wikipedia-ref,
portal-00592,Phường Từ Liêm triển khai phương án sắp xếp Tổ dân phố trên địa bàn phường,https://tuliem.hanoi.gov.vn/tin-tuc-su-kien-66249/phuong-tu-liem-trien-khai-phuong-an-sap-xep-to-dan-pho-trendia-ban-phuong-2695260613074006138.htm,2026-06-13,cong_ttdt,
portal-00598,Thông báo 2736/TB-UBND công bố danh sách tổ dân phố sau sắp xếp — phường Thượng Cát,https://thuongcat.hanoi.gov.vn/chi-tiet-van-ban/tb-ve-viec-cong-bo-danh-sach-to-dan-pho-sau-sap-xep-comma-to-chuc-lai-tren-dia-ban-phuong-thuong-ca-264200,2026-07-01,cong_ttdt,
portal-00602,Sức bật mới từ những tổ dân phố sau sắp xếp — phường Đông Ngạc,https://dongngac.hanoi.gov.vn/thong-tin-cong-khai/suc-bat-moi-tu-nhung-to-dan-pho-sau-sap-xep-2807260721163641348.htm,2026-07-18,cong_ttdt,
portal-00611,"Phường Xuân Đỉnh công bố Nghị quyết số 16/NQ-HĐND về sắp xếp, tổ chức lại tổ dân phố",https://xuandinh.hanoi.gov.vn/tin-tuc-su-kien/phuong-xuan-dinh-cong-bo-cac-quyet-dinh-ve-sap-xep-to-dan-pho-kien-toan-to-chuc-co-so-dang-va-giao-ban-cong-tac-quy-ii-nam-2026-2835260701082539596.htm,2026-06-30,cong_ttdt,
wiki-00613-1,"Phụ lục Danh mục tổ dân phố sắp xếp, tổ chức lại trên địa bàn phường Tây Tựu (Kèm theo Nghị quyết số 28/NQ-HĐND ngày 29 tháng 6 năm 2026 của Hội đồng nhân dân phường Tây Tựu)",https://sqhx-hanoi.mediacdn.vn/91579363132710912/2026/7/2/3-nq-bieu-kem-theo-17829612653611767467584.pdf,2026-08-14,wikipedia-ref,
wiki-00613-2,"Nghị quyết số 28/NQ-HĐND ngày 29 tháng 6 năm 2026 của Hội đồng nhân dân phường Tây Tựu về việc sắp xếp, tổ chức lại tổ dân phố trên địa bàn phường Tây Tựu",https://sqhx-hanoi.mediacdn.vn/91579363132710912/2026/7/2/3-nq-hdnd-phuong-ve-sap-xep-to-dan-pho-1782960762003287089972.pdf,2026-08-15,wikipedia-ref,
wiki-00613-3,"Thông báo số 1971/TB-UBND ngày 30 tháng 6 năm 2026 của Ủy ban nhân dân phường Tây Tựu về việc công khai nội dung Nghị quyết sắp xếp, tổ chức lại tổ dân phố trên địa bàn phường Tây Tựu",https://sqhx-hanoi.mediacdn.vn/91579363132710912/2026/7/2/tay-tuu-thong-bao-1971-cong-khai-nghi-quyet-1782961600161608578189.pdf,2026-08-15,wikipedia-ref,
wiki-00622-1,Nghị quyết số 23/NQ-HĐND ngày 29 tháng 6 năm 2026 của Hội đồng nhân dân phường Xuân Phương về việc sắp xếp tổ dân phố trên địa bàn phường Xuân Phương,https://sqhx-hanoi.mediacdn.vn/91579363132710912/2026/7/2/nghi-quyet-ve-viec-sap-xep-to-dan-pho-tren-dia-ban-phuong-xuan-phuong-1782956919350269275607.pdf,2026-08-14,wikipedia-ref,
wiki-00622-2,"Thông báo số 1897/TB-UBND ngày 1 tháng 7 năm 2026 của Ủy ban nhân dân phường Xuân Phương về việc thực hiện Nghị quyết sắp xếp tổ dân phố trên địa bàn phường Xuân Phương, thành phố Hà Nội",https://sqhx-hanoi.mediacdn.vn/91579363132710912/2026/7/2/document-2026-07-01t153556227-1782956810486969010180.pdf,2026-08-14,wikipedia-ref,
wiki-00622-3,Nghị quyết số 111/2025/UBTVQH15 ngày 24 tháng 12 năm 2025 của Ủy ban Thường vụ Quốc hội về phân loại đô thị,https://cdn.nhandan.vn/files/f4a4abf7f9a0ba4a91744616546d850872b76917f90d5a74cc9eebef1369fb6f/111.pdf,2026-07-12,wikipedia-ref,
wiki-00634-1,"Đề án tháng 6 năm 2026 của Ủy ban nhân dân phường Tây Mỗ về việc sắp xếp tổ dân phố trên địa bàn phường Tây Mỗ, thành phố Hà Nội",https://taymo.hanoi.gov.vn/nghi-quyet-21-2026-nq-hdnd/de-an-sap-xep-to-dan-pho-tren-dia-ban-phuong-tay-mo-thanh-pho-ha-noi-2696260611224822418.htm?gidzl=6g_-CfBpo1KUiFeqcElC5X2n_Z60wiX53UJwQeMudqWBuFfeWRcQHros_MNQuvWLLkYjEcE-RGCMb_BC5m,,wikipedia-ref,
wiki-00634-2,"Báo cáo số 152/BC-HĐND ngày 26 tháng 6 năm 2026 của Hội đồng nhân dân phường Tây Mỗ về kết quả và công tác tổ chức kỳ họp thường lệ giữa năm 2026 (Kỳ họp thứ Tư) Hội đồng nhân dân phường Tây Mỗ khóa II, nhiệm kỳ 2026 – 2031",https://taymo.hanoi.gov.vn/tin-tuc-su-kien/ket-qua-va-cong-tac-to-chuc-ky-hop-ky-hop-thuong-le-giua-nam-2026-ky-hop-thu-tu-hdnd-phuong-tay-mo-khoa-ii-nhiem-ky-2026-2031-2696260702092116616.htm?gidzl=bRYR6mC7fnUHfvyT2H-Z59-ccnyH7gT0WlEVH1HCy4s4zvz644trGjEXc4jB5_SGsV_856EWZWaz1WQZ5G,,wikipedia-ref,
wiki-00634-3,Nghị quyết số 111/2025/UBTVQH15 ngày 24 tháng 12 năm 2025 của Ủy ban Thường vụ Quốc hội về phân loại đô thị,https://cdn.nhandan.vn/files/f4a4abf7f9a0ba4a91744616546d850872b76917f90d5a74cc9eebef1369fb6f/111.pdf,2026-08-14,wikipedia-ref,
wiki-00637-1,Nghị quyết số 23/NQ-UBBC ngày 12 tháng 2 năm 2026 của Ủy ban bầu cử phường Đại Mỗ về công bố danh sách chính thức những người ứng cử đại biểu Hội đồng nhân dân phường Đại Mỗ khóa II nhiệm kỳ 2026 – 2031 theo từng đơn vị bầu cử,https://daimo.hanoi.gov.vn/bau-cu-2026/nghi-quyet-ve-viec-cong-bo-danh-sach-chinh-thuc-nhung-nguoi-ung-cu-dai-bieu-hdnd-phuong-dai-mo-khoa-ii-nhiem-ky-2026-2031-2804260227112613995.htm?gidzl=o2GcJB4C94lCEo9AknGWJiOq946d7YfEqM8lIFmTAngBOYuKfnXw4TusAKBm6ITCtJKa63HF6JSsj0qWIG,,wikipedia-ref,
wiki-00637-2,Nghị quyết số 111/2025/UBTVQH15 ngày 24 tháng 12 năm 2025 của Ủy ban Thường vụ Quốc hội về phân loại đô thị,https://cdn.nhandan.vn/files/f4a4abf7f9a0ba4a91744616546d850872b76917f90d5a74cc9eebef1369fb6f/111.pdf,2026-07-12,wikipedia-ref,
wiki-00637-3,Nghị quyết số 1656/NQ-UBTVQH15 ngày 16 tháng 6 năm 2025 của Ủy ban Thường vụ Quốc hội về việc sắp xếp các đơn vị hành chính cấp xã của thành phố Hà Nội năm 2025,https://datafiles.chinhphu.vn/cpp/files/vbpq/2025/6/1656-nq.signed.pdf,2026-06-30,wikipedia-ref,
wiki-00640-1,"Xã Thanh Trì công bố thành lập, sắp xếp lại 19 thôn, tổ dân phố và kiện toàn tổ chức chi bộ trên địa bàn",https://thanhtri.hanoi.gov.vn/tin-tuc-su-kien/xa-thanh-tri-cong-bo-thanh-lap-sap-xep-lai-19-thon-to-dan-pho-va-kien-toan-to-chuc-chi-bo-tren-dia-ban-2825260701220544819.htm?gidzl=JxeS60Dr8WDBfHWU2Mma1q2Y6niKRoC2MA1E4H1c85e8eHeK56jpN0kaG4T6RtqE2ACIG6Pw_Wig1dGc0G,2026-07-01,wikipedia-ref,
wiki-00640-2,"Xã Thanh Trì lấy ý kiến nhân dân về phương án sắp xếp, tổ chức lại thôn, tổ dân phố năm 2026",https://thanhtri.hanoi.gov.vn/tin-tuc-su-kien/xa-thanh-tri-lay-y-kien-nhan-dan-ve-phuong-an-sap-xep-to-chuc-lai-thon-to-dan-pho-nam-2026-2825260613003546426.htm?gidzl=YXVDO7aBYIEE2CbcSnAF9uKFocTk4OWcdGsVRMeOYtxD3CjeRXNOUCu9aJiy4TOgpGx3F6R5BN5oV0gD8G,2026-06-12,wikipedia-ref,
wiki-00640-3,Nghị quyết số 111/2025/UBTVQH15 ngày 24 tháng 12 năm 2025 của Ủy ban Thường vụ Quốc hội về phân loại đô thị,https://cdn.nhandan.vn/files/f4a4abf7f9a0ba4a91744616546d850872b76917f90d5a74cc9eebef1369fb6f/111.pdf,2026-04-30,wikipedia-ref,
wiki-00643-1,"Nghị quyết số 19/NQ-HĐND ngày 25 tháng 6 năm 2026 của Hội đồng nhân dân phường Thanh Liệt về việc sắp xếp, tổ chức lại các Tổ dân phố trên địa bàn phường Thanh Liệt",https://sqhx-hanoi.mediacdn.vn/91579363132710912/2026/7/16/19nq2026vv-sap-xep-to-chuc-lai-cac-tdp-tren-dia-ban-phuong-thanh-liet0001-1784193337524392974472.pdf,,wikipedia-ref,
wiki-00643-2,Nghị quyết số 111/2025/UBTVQH15 ngày 24 tháng 12 năm 2025 của Ủy ban Thường vụ Quốc hội về phân loại đô thị,https://cdn.nhandan.vn/files/f4a4abf7f9a0ba4a91744616546d850872b76917f90d5a74cc9eebef1369fb6f/111.pdf,2026-04-30,wikipedia-ref,
wiki-00643-3,Nghị quyết số 1656/NQ-UBTVQH15 ngày 16 tháng 6 năm 2025 của Ủy ban Thường vụ Quốc hội về việc sắp xếp các đơn vị hành chính cấp xã của thành phố Hà Nội năm 2025,https://datafiles.chinhphu.vn/cpp/files/vbpq/2025/6/1656-nq.signed.pdf,2026-05-13,wikipedia-ref,
wiki-00664-1,"Kỳ họp thứ Hai Hội đồng nhân dân xã Đại Thanh khóa II, nhiệm kỳ 2026 – 2031 thành công tốt đẹp",https://daithanh.hanoi.gov.vn/tin-tuc-su-kien/ky-hop-thu-hai-hdnd-xa-dai-thanh-khoa-ii-nhiem-ky-2026-2031-thanh-cong-tot-dep-2768260630174459848.htm,2026-07-01,wikipedia-ref,
wiki-00664-2,"Quyết định số 30/QĐ-UBBC ngày 12 tháng 2 năm 2026 của Ủy ban bầu cử xã Đại Thanh về việc công bố danh sách chính thức và phân bổ những người ứng cử đại biểu Hội đồng nhân dân xã Đại Thanh khóa II, nhiệm kỳ 2026 – 2031",https://daithanh.hanoi.gov.vn/hoi-dong-nhan-dan/quyet-dinh-ve-viec-cong-bo-danh-sach-chinh-thuc-va-phan-bo-nhung-nguoi-ung-cu-dai-bieu-hoi-dong-nhan-dan-xa-dai-thanh-khoa-ii-nhiem-ky-2026-2031-2768260226094952956.htm,2026-08-08,wikipedia-ref,
wiki-00664-3,Nghị quyết số 111/2025/UBTVQH15 ngày 24 tháng 12 năm 2025 của Ủy ban Thường vụ Quốc hội về phân loại đô thị,https://cdn.nhandan.vn/files/f4a4abf7f9a0ba4a91744616546d850872b76917f90d5a74cc9eebef1369fb6f/111.pdf,2026-07-12,wikipedia-ref,
wiki-00679-1,"Nghị quyết số 20/NQ-HĐND ngày 27 tháng 8 năm 2025 của Hội đồng nhân dân xã Ngọc Hồi khóa XXII, nhiệm kỳ 2021 – 2026 (Kỳ họp thứ hai) về việc chuyển đổi Tổ Dân phố thành Thôn sau khi sắp xếp đơn vị hành chính cấp xã trên địa bàn xã Ngọc Hồi, thành phố Hà Nội",https://sqhx-hanoi.mediacdn.vn/91579363132710912/2025/9/6/nq-20-chuyen-doi-tdp-27-8-2025-1757144243124688175461.pdf,2026-07-03,wikipedia-ref,
wiki-00679-2,Nghị quyết số 1656/NQ-UBTVQH15 ngày 16 tháng 6 năm 2025 của Ủy ban Thường vụ Quốc hội về việc sắp xếp các đơn vị hành chính cấp xã của thành phố Hà Nội năm 2025,https://datafiles.chinhphu.vn/cpp/files/vbpq/2025/6/1656-nq.signed.pdf,2026-05-13,wikipedia-ref,
wiki-00679-3,"Nghị quyết số 203/2025/QH15 ngày 16 tháng 6 năm 2025 của Quốc hội khóa XV, Kỳ họp thứ 9 về việc sửa đổi, bổ sung một số điều của Hiến pháp nước Cộng hòa xã hội chủ nghĩa Việt Nam",https://datafiles.chinhphu.vn/cpp/files/vbpq/2025/6/nq-sua-doi-hien-phap.pdf,2026-06-13,wikipedia-ref,
wiki-00685-1,Hội đồng nhân dân xã Nam Phù thông qua nhiều Nghị quyết quan trọng trong chặng đường mới,https://namphu.hanoi.gov.vn/tin-tuc-su-kien/hdnd-xa-nam-phu-thong-qua-nhieu-nghi-quyet-quan-trong-trong-chang-duong-moi-2721260620150044205.htm?gidzl=USSnBNRyqdrzs3KhVE7JVt3OD2bdvD8hQjTYAMRkW2uyt6GiOUNHT6ZUDY4oiTLsEzyt93Kv2jPXS_tMVm,2026-06-20,wikipedia-ref,
wiki-00685-2,Nghị quyết số 1656/NQ-UBTVQH15 ngày 16 tháng 6 năm 2025 của Ủy ban Thường vụ Quốc hội về việc sắp xếp các đơn vị hành chính cấp xã của thành phố Hà Nội năm 2025,https://datafiles.chinhphu.vn/cpp/files/vbpq/2025/6/1656-nq.signed.pdf,2026-05-13,wikipedia-ref,
wiki-00685-3,"Nghị quyết số 203/2025/QH15 ngày 16 tháng 6 năm 2025 của Quốc hội khóa XV, Kỳ họp thứ 9 về việc sửa đổi, bổ sung một số điều của Hiến pháp nước Cộng hòa xã hội chủ nghĩa Việt Nam",https://datafiles.chinhphu.vn/cpp/files/vbpq/2025/6/nq-sua-doi-hien-phap.pdf,,wikipedia-ref,
wiki-04930-1,Kỳ họp thứ 4 Hội đồng nhân dân xã Yên Xuân khoá I nhiệm kỳ 2021 – 2026: Thông qua nhiều Nghị quyết quan trọng,https://yenxuan.hanoi.gov.vn/tin-tuc-su-kien/ky-hop-thu-4-hdnd-xa-yen-xuan-khoa-i-nhiem-ky-2021-2026-thong-qua-nhieu-nghi-quyet-quan-trong-276025121117540098.htm,2025-12-09,wikipedia-ref,
wiki-04930-2,Danh sách chính thức những người ứng cử đại biểu Hội đồng nhân dân xã Yên Xuân khóa II nhiệm kỳ 2026 – 2031,https://yenxuan.hanoi.gov.vn/thong-bao/danh-sach-chinh-thuc-nhung-nguoi-ung-cu-dai-bieu-hoi-dong-nhan-dan-xa-yen-xuan-khoa-ii-nhiem-ky-2026-2031-2760260225110108875.htm,2026-02-25,wikipedia-ref,
wiki-04930-3,Nghị quyết số 1656/NQ-UBTVQH15 ngày 16 tháng 6 năm 2025 của Ủy ban Thường vụ Quốc hội về việc sắp xếp các đơn vị hành chính cấp xã của thành phố Hà Nội năm 2025,https://datafiles.chinhphu.vn/cpp/files/vbpq/2025/6/1656-nq.signed.pdf,2026-06-30,wikipedia-ref,
wiki-08974-1,"Nghị quyết số 34/NQ-HĐND ngày 22 tháng 6 năm 2026 của Hội đồng nhân dân xã Quang Minh về việc sắp xếp, sáp nhập thôn trên địa bàn xã Quang Minh",https://sqhx-hanoi.mediacdn.vn/91579363132710912/2026/6/23/nq-sap-xep-sap-nhap-thon-1782191123461616488246.pdf,2026-07-13,wikipedia-ref,
wiki-08974-2,Nghị quyết số 111/2025/UBTVQH15 ngày 24 tháng 12 năm 2025 của Ủy ban Thường vụ Quốc hội về phân loại đô thị,https://cdn.nhandan.vn/files/f4a4abf7f9a0ba4a91744616546d850872b76917f90d5a74cc9eebef1369fb6f/111.pdf,2026-04-30,wikipedia-ref,
wiki-08974-3,Nghị quyết số 1656/NQ-UBTVQH15 ngày 16 tháng 6 năm 2025 của Ủy ban Thường vụ Quốc hội về việc sắp xếp các đơn vị hành chính cấp xã của thành phố Hà Nội năm 2025,https://datafiles.chinhphu.vn/cpp/files/vbpq/2025/6/1656-nq.signed.pdf,2026-05-13,wikipedia-ref,
wiki-08980-1,"Nghị quyết số 26/NQ-HĐND ngày 29 tháng 6 năm 2026 của Hội đồng nhân dân xã Yên Lãng về việc đổi tên đối với các thôn: thôn 1, thôn 2, thôn 3, thôn 4 trên địa bàn xã Yên Lãng",https://sqhx-hanoi.mediacdn.vn/91579363132710912/2026/7/8/26-nq-doi-ten-thon-1234-thach-da-178349744041065472809.pdf,,wikipedia-ref,
wiki-08980-2,Nghị quyết số 25/NQ-HĐND ngày 29 tháng 6 năm 2026 của Hội đồng nhân dân xã Yên Lãng về việc tổ chức sắp xếp thôn trên địa bàn xã Yên Lãng,https://sqhx-hanoi.mediacdn.vn/91579363132710912/2026/7/8/25-nq-to-chuc-sap-xep-thon-17834974264021575820699.pdf,,wikipedia-ref,
wiki-08980-3,"Ủy ban bầu cử xã Yên Lãng công bố danh sách chính thức 47 người ứng cử đại biểu Hội đồng nhân dân xã khóa II, nhiệm kỳ 2026 – 2031",https://yenlang.hanoi.gov.vn/chi-dao-cua-dia-phuong/uy-ban-bau-cu-xa-yen-lang-cong-bo-danh-sach-chinh-thuc-47-nguoi-ung-cu-dai-bieu-hdnd-xa-khoa-ii-nhiem-ky-20262031-284426022619124671.htm,2026-02-26,wikipedia-ref,
wiki-08995-1,Nghị quyết số 1656/NQ-UBTVQH15 ngày 16 tháng 6 năm 2025 của Ủy ban Thường vụ Quốc hội về việc sắp xếp các đơn vị hành chính cấp xã của thành phố Hà Nội năm 2025,https://datafiles.chinhphu.vn/cpp/files/vbpq/2025/6/1656-nq.signed.pdf,2026-05-13,wikipedia-ref,
wiki-08995-2,"Nghị quyết số 203/2025/QH15 ngày 16 tháng 6 năm 2025 của Quốc hội khóa XV, Kỳ họp thứ 9 về việc sửa đổi, bổ sung một số điều của Hiến pháp nước Cộng hòa xã hội chủ nghĩa Việt Nam",https://datafiles.chinhphu.vn/cpp/files/vbpq/2025/6/nq-sua-doi-hien-phap.pdf,,wikipedia-ref,
wiki-08995-3,"Nghị quyết số 19/NQ-CP ngày 8 tháng 5 năm 2009 của Chính phủ về việc xác lập địa giới hành chính xã Đông Xuân thuộc huyện Quốc Oai; các xã Tiến Xuân, Yên Bình, Yên Trung thuộc huyện Thạch Thất; huyện Mê Linh thuộc thành phố Hà Nội; thành lập quận Hà Đông và các phường trực thuộc; chuyển thành phố Sơn Tây thành thị xã Sơn Tây thuộc thành phố Hà Nội",https://chinhphu.vn/default.aspx?pageid=27160&docid=86463,2025-01-20,wikipedia-ref,
wiki-09022-1,Hội đồng nhân dân xã Mê Linh tổ chức Kỳ họp thường lệ giữa năm 2026 thông qua nhiều nội dung quan trọng,https://melinh.hanoi.gov.vn/cong-tac-dang/hdnd-xa-me-linh-to-chuc-ky-hop-thuong-le-giua-nam-2026-thong-qua-nhieu-noi-dung-quan-trong-2833260630082910096.htm?gidzl=97psTuJe31yWO_9nZlKE4IjXzNoJz5mHCc6cBfNsNXGpDlHydFTVH3DbzNp0-5WLOs_sV6EMfSzPWUa87G,2026-06-29,wikipedia-ref,
wiki-09022-2,Nghị quyết số 1656/NQ-UBTVQH15 ngày 16 tháng 6 năm 2025 của Ủy ban Thường vụ Quốc hội về việc sắp xếp các đơn vị hành chính cấp xã của thành phố Hà Nội năm 2025,https://datafiles.chinhphu.vn/cpp/files/vbpq/2025/6/1656-nq.signed.pdf,2026-05-13,wikipedia-ref,
wiki-09022-3,"Danh sách chính thức những người ứng cử đại biểu Hội đồng nhân dân xã Mê Linh khóa XXI, nhiệm kỳ 2026 – 2031",https://sqhx-hanoi.mediacdn.vn/91579363132710912/2026/2/27/file-danh-sach-chuan-1772187171153640970323.pdf,2026-02-24,wikipedia-ref,
wiki-09552-1,Nghị quyết số 20/NQ-HĐND ngày 29 tháng 6 năm 2026 về việc sắp xếp tổ dân phố trên địa bàn phường Kiến Hưng,https://web.facebook.com/photo/?fbid=122204070122923089&set=a.122100499604923089,2026-07-01,wikipedia-ref,
wiki-09552-2,Ủy ban bầu cử phường Kiến Hưng công bố danh sách chính thức 37 người ứng cử Hội đồng nhân dân phường Kiến Hưng nhiệm kỳ 2026 – 2031,https://kienhung.hanoi.gov.vn/bau-cu-quoc-hoi-va-hdnd/uy-ban-bau-cu-phuong-kien-hung-cong-bo-danh-sach-chinh-thuc-37-nguoi-ung-cu-hdnd-phuong-kien-hung-nhiem-ky-2026-2031-281026022623051494.htm?gidzl=RySfNua9JL5hs2rPWn58KclPArwL4Ku0V8fxMPbC4bOjYoPOnK8LKIJR9rd7HHHLBjbmNJNG_r4_Z0X9Km,2026-02-26,wikipedia-ref,
wiki-09552-3,Nghị quyết số 111/2025/UBTVQH15 ngày 24 tháng 12 năm 2025 của Ủy ban Thường vụ Quốc hội về phân loại đô thị,https://cdn.nhandan.vn/files/f4a4abf7f9a0ba4a91744616546d850872b76917f90d5a74cc9eebef1369fb6f/111.pdf,2026-07-12,wikipedia-ref,
wiki-09556-1,"Phường Hà Đông công bố Nghị quyết của Hội đồng nhân dân phường về việc sắp xếp, tổ chức lại các tổ dân phố trên địa bàn",https://hadong.hanoi.gov.vn/dang-doan-the/phuong-ha-dong-cong-bo-nghi-quyet-cua-hdnd-phuong-ve-viec-sap-xep-to-chuc-lai-cac-to-dan-pho-tren-dia-ban-2809260701103914527.htm,2026-06-20,wikipedia-ref,
wiki-09556-2,Nghị quyết số 111/2025/UBTVQH15 ngày 24 tháng 12 năm 2025 của Ủy ban Thường vụ Quốc hội về phân loại đô thị,https://cdn.nhandan.vn/files/f4a4abf7f9a0ba4a91744616546d850872b76917f90d5a74cc9eebef1369fb6f/111.pdf,2026-07-12,wikipedia-ref,
wiki-09556-3,Nghị quyết số 1656/NQ-UBTVQH15 ngày 16 tháng 6 năm 2025 của Ủy ban Thường vụ Quốc hội về việc sắp xếp các đơn vị hành chính cấp xã của thành phố Hà Nội năm 2025,https://datafiles.chinhphu.vn/cpp/files/vbpq/2025/6/1656-nq.signed.pdf,2026-06-30,wikipedia-ref,
wiki-09562-1,Nghị quyết số 13/NQ-HĐND ngày 26 tháng 8 năm 2025 của Hội đồng nhân dân xã Yên Nghĩa về việc đổi tên tổ dân phố sau sắp xếp đơn vị hành chính phường Yên Nghĩa,https://yennghia.hanoi.gov.vn/chi-dao-dieu-hanh/nghi-quyet-cua-hdnd-phuong-ve-viec-doi-ten-tdp-sau-sap-xep-don-vi-hanh-chinh-phuong-yen-nghia-2782250828153506825.htm,,wikipedia-ref,
wiki-09562-2,Nghị quyết số 111/2025/UBTVQH15 ngày 24 tháng 12 năm 2025 của Ủy ban Thường vụ Quốc hội về phân loại đô thị,https://cdn.nhandan.vn/files/f4a4abf7f9a0ba4a91744616546d850872b76917f90d5a74cc9eebef1369fb6f/111.pdf,2026-07-12,wikipedia-ref,
wiki-09562-3,Quyết định số 58/QĐ-UBND ngày 24 tháng 1 năm 2026 của Ủy ban nhân dân phường Yên Nghĩa về việc thành lập khu vực bỏ phiếu bầu cử đại biểu Quốc hội khóa XVI và đại biểu Hội đồng nhân dân các cấp nhiệm kỳ 2026 – 2031 trên địa bàn phường Yên Nghĩa,https://yennghia.hanoi.gov.vn/chi-dao-dieu-hanh/quyet-dinhthanh-lap-khu-vuc-bo-phieu-bau-cu-dai-bieu-quoc-hoi-khoa-xvi-va-dai-bieu-hoi-dong-nhan-dan-cac-cap-nhiem-ky-2026-2031-tren-dia-ban-phuong-yen-nghia-2782260128094536538.htm,,wikipedia-ref,
wiki-09568-1,"Danh sách những người trúng cử đại biểu Hội đồng nhân dân phường Phú Lương khoá II, nhiệm kỳ 2026 – 2031",https://phuluong.hanoi.gov.vn/bau-cu-hdnd-cac-cap-nk-2026-2031/danh-sach-nhung-nguoi-trung-cu-dai-bieu-hdnd-phuong-phu-luong-khoa-ii-nhiem-ky-2026-2031-279226032211095055.htm?gidzl=_8qk1uTPBKluaYe1ZK4jIVIG8mAN5YLBwiOg1i4GAasrmYm7cH1uJUJCUGIS6tmQuymh0M9DvJPzWbWfIG,2026-03-20,wikipedia-ref,
wiki-09568-2,Nghị quyết số 111/2025/UBTVQH15 ngày 24 tháng 12 năm 2025 của Ủy ban Thường vụ Quốc hội về phân loại đô thị,https://cdn.nhandan.vn/files/f4a4abf7f9a0ba4a91744616546d850872b76917f90d5a74cc9eebef1369fb6f/111.pdf,2026-04-30,wikipedia-ref,
wiki-09568-3,Nghị quyết số 1656/NQ-UBTVQH15 ngày 16 tháng 6 năm 2025 của Ủy ban Thường vụ Quốc hội về việc sắp xếp các đơn vị hành chính cấp xã của thành phố Hà Nội năm 2025,https://datafiles.chinhphu.vn/cpp/files/vbpq/2025/6/1656-nq.signed.pdf,2026-05-13,wikipedia-ref,
wiki-09574-1,Phường Sơn Tây lấy ý kiến nhân dân về đề án sắp xếp tổ dân phố,https://sontay.hanoi.gov.vn/tin-tuc-su-kien/phuong-son-tay-lay-y-kien-nhan-dan-ve-de-an-sap-xep-to-dan-pho-269826061507405983.htm,2026-06-15,wikipedia-ref,
wiki-09574-2,"Kỳ họp thứ 2 Hội đồng nhân dân phường Sơn Tây khóa I, nhiệm kỳ 2021 – 2026",https://sontay.hanoi.gov.vn/chi-dao-dieu-hanh/ky-hop-thu-2-hdnd-phuong-son-tay-khoa-i-nhiem-ky-2021-2026-2698250718211815762.htm?gidzl=fg762yJ5TWoYli8Dpjrp3gcynGpJtdHRlk-L2z-3A0tlxiWAWuql2kQ-oGk1YYuExBoU3pLKLOKsmSHo3W,2026-07-13,wikipedia-ref,
wiki-09574-3,Nghị quyết số 111/2025/UBTVQH15 ngày 24 tháng 12 năm 2025 của Ủy ban Thường vụ Quốc hội về phân loại đô thị,https://cdn.nhandan.vn/files/f4a4abf7f9a0ba4a91744616546d850872b76917f90d5a74cc9eebef1369fb6f/111.pdf,2026-08-14,wikipedia-ref,
wiki-09604-1,Hội đồng nhân dân phường Tùng Thiện khóa II thông qua 05 nghị quyết quan trọng tại kỳ họp thường lệ giữa năm 2026,https://dbndhanoi.gov.vn/bai-viet/hdnd-phuong-tung-thien-khoa-ii-thong-qua-05-nghi-quyet-quan-trong-tai-ky-hop-thuong-le-giua-nam-2026,2026-06-30,wikipedia-ref,
wiki-09604-2,"Nghị quyết số 11/NQ-HĐND ngày 29 tháng 7 năm 2025 của Hội đồng nhân dân phường Tùng Thiện về việc chuyển đổi thôn thành tổ dân phố, đổi tên tổ dân phố do trùng số tự nhiên và sắp xếp các tổ dân phố còn 1 phần thuộc phường Tùng Thiện sau sắp xếp đơn vị hành chính tại phường Tùng Thiện, thành phố Hà Nội",https://storage-vnportal.vnpt.vn/gov-hni/7047/VanBan/2025/8/2/nq11%2029.7.2025%20H%C4%90ND%20ph%C6%B0%E1%BB%9Dng%20v%E1%BB%81%20%C4%91%E1%BB%95i%20t%C3%AAn%20TDP.pdf,2026-07-13,wikipedia-ref,
wiki-09604-3,Phường Tùng thiện lấy ý kiến nhân dân về đề án sắp xếp tổ dân phố,https://tungthien.hanoi.gov.vn/tin-tuc-su-kien/phuong-tung-thien-lay-y-kien-nhan-dan-ve-de-an-sap-xep-to-dan-pho-2694260617155201594.htm,2026-06-17,wikipedia-ref,
wiki-09616-1,"Nghị quyết ngày 18/NQ-HĐND ngày 29 tháng 6 năm 2026 của Hội đồng nhân dân xã Đoài Phương về việc thành lập, sắp xếp, tổ chức lại thôn, đổi tên thôn trên địa bàn xã Đoài Phương, thành phố Hà Nội",https://datafiles.hanoi.gov.vn/gov-hni/7045/VanBan/2026/7/1/NQ%2018%20s%E1%BA%AFp%20x%E1%BA%BFp%20th%C3%B4n.pdf,2026-07-14,wikipedia-ref,
wiki-09616-2,"Công bố danh sách trích ngang 37 người ứng cử đại biểu Hội đồng nhân dân xã Đoài Phương khóa II, nhiệm kỳ 2026 – 2031",https://doaiphuong.hanoi.gov.vn/bau-cu-dbqh-hdnd-cac-cap/cong-bo-danh-sach-trich-ngang-37-nguoi-ung-cu-dai-bieu-hdnd-xa-doai-phuong-khoa-ii-nhiem-ky-2026-2031-2774260301212840892.htm?gidzl=15k_2jcaw140HBiCqxdW4m11km_5kxf06HRW2SgxuK90JR1UoBkpG44KibEJwB996nxZLpJhpc8gtANi4m,2026-03-01,wikipedia-ref,
wiki-09616-3,Nghị quyết số 111/2025/UBTVQH15 ngày 24 tháng 12 năm 2025 của Ủy ban Thường vụ Quốc hội về phân loại đô thị,https://cdn.nhandan.vn/files/f4a4abf7f9a0ba4a91744616546d850872b76917f90d5a74cc9eebef1369fb6f/111.pdf,2026-07-12,wikipedia-ref,
wiki-09619-1,"Quảng Oai tổ chức kỳ họp thứ 3 Hội đồng nhân dân xã, quyết nghị nhiều nội dung quan trọng về phát triển kinh tế – xã hội",https://quangoai.hanoi.gov.vn/tin-tuc-su-kien/quang-oai-to-chuc-ky-hop-thu-3-hdnd-xa-quyet-nghi-nhieu-noi-dung-quan-trong-ve-phat-trien-kinh-te-xa-hoi-267826062615052476.htm?gidzl=q44cPGXxzdZKNY9Z0c3pVTnP8cGSOF5nmLfnQ1zdf7V5MNPg4sNsTSmB9ciHPg8XdLX_E6Bk2-Ki3NhoUW,2026-06-26,wikipedia-ref,
wiki-09619-2,Nghị quyết số 111/2025/UBTVQH15 ngày 24 tháng 12 năm 2025 của Ủy ban Thường vụ Quốc hội về phân loại đô thị,https://cdn.nhandan.vn/files/f4a4abf7f9a0ba4a91744616546d850872b76917f90d5a74cc9eebef1369fb6f/111.pdf,2026-04-30,wikipedia-ref,
wiki-09619-3,Nghị quyết số 1656/NQ-UBTVQH15 ngày 16 tháng 6 năm 2025 của Ủy ban Thường vụ Quốc hội về việc sắp xếp các đơn vị hành chính cấp xã của thành phố Hà Nội năm 2025,https://datafiles.chinhphu.vn/cpp/files/vbpq/2025/6/1656-nq.signed.pdf,2026-05-13,wikipedia-ref,
wiki-09634-1,"Hội đồng nhân dân xã Cổ Đô tổ chức Kỳ họp thứ 3, thông qua nhiều nghị quyết quan trọng",https://hanoimoi.vn/hdnd-xa-co-do-to-chuc-ky-hop-thu-3-thong-qua-nhieu-nghi-quyet-quan-trong-1209717.html?gidzl=CU7nTCw0ebOr_lLon9kdKpZ-zddVdAPJ9VsbTToRyrKX_g9tq9cXLoYiydRIclK3UV-h9MB9K6OJou6cL0,2026-06-29,wikipedia-ref,
wiki-09634-2,Nghị quyết số 1656/NQ-UBTVQH15 ngày 16 tháng 6 năm 2025 của Ủy ban Thường vụ Quốc hội về việc sắp xếp các đơn vị hành chính cấp xã của thành phố Hà Nội năm 2025,https://datafiles.chinhphu.vn/cpp/files/vbpq/2025/6/1656-nq.signed.pdf,2026-06-30,wikipedia-ref,
wiki-09634-3,Nghị quyết số 1286/NQ-UBTVQH15 ngày 14 tháng 11 năm 2024 của Ủy ban Thường vụ Quốc hội về việc sắp xếp đơn vị hành chính cấp xã của thành phố Hà Nội giai đoạn 2023 – 2025,https://datafiles.chinhphu.vn/cpp/files/vbpq/2024/11/1286-qh.signed.pdf,2026-07-24,wikipedia-ref,
wiki-09661-1,Nghị quyết số 111/2025/UBTVQH15 ngày 24 tháng 12 năm 2025 của Ủy ban Thường vụ Quốc hội về phân loại đô thị,https://cdn.nhandan.vn/files/f4a4abf7f9a0ba4a91744616546d850872b76917f90d5a74cc9eebef1369fb6f/111.pdf,2026-07-12,wikipedia-ref,
wiki-09661-2,Nghị quyết số 1656/NQ-UBTVQH15 ngày 16 tháng 6 năm 2025 của Ủy ban Thường vụ Quốc hội về việc sắp xếp các đơn vị hành chính cấp xã của thành phố Hà Nội năm 2025,https://datafiles.chinhphu.vn/cpp/files/vbpq/2025/6/1656-nq.signed.pdf,2026-05-13,wikipedia-ref,
wiki-09661-3,Minh Châu hoàn tất bầu cử sớm: 100% cử tri tham gia bỏ phiếu,https://minhchau.hanoi.gov.vn/chuyen-muc-bau-cu/minh-chau-hoan-tat-bau-cu-som-100-cu-tri-tham-gia-bo-phieu-2722260316215955749.htm,2026-03-15,wikipedia-ref,
wiki-09664-1,"Hội đồng nhân dân xã Vật Lại khóa XXI tổ chức thành công Kỳ họp thứ Ba, thông qua nhiều nghị quyết quan trọng",https://vatlai.hanoi.gov.vn/tin-tuc-su-kien-noi-bat/hdnd-xa-vat-lai-khoa-xxi-to-chuc-thanh-cong-ky-hop-thu-ba-thong-qua-nhieu-nghi-quyet-quan-trong-2730260702073317489.htm?gidzl=Q7K-DOlWP1LiQZepWVjX46PcEJMTy60TUsLgEPxtDHj_PcqxalLd6NOqFJgGzZDD9sTaQMBLf6yHZk5W5m,2026-07-02,wikipedia-ref,
wiki-09664-2,"Xã Vật Lại tổ chức hội nghị phổ biến, quán triệt nghị quyết về Đề án sáp nhập thôn",https://vatlai.hanoi.gov.vn/tin-tuc-su-kien-noi-bat/xa-vat-lai-to-chuc-hoi-nghi-pho-bien-quan-triet-nghi-quyet-ve-de-an-sap-nhap-thon-2730260615152424766.htm?gidzl=y_P61DOPY5xtwK82t0ADM_tbGGF02OnHuEOI3yCEsLVavHKDpmoBLUstHGpD3zy1lEGSNs8JtljhqnYCN0,2026-06-15,wikipedia-ref,
wiki-09664-3,"Danh sách 15 thôn sau sắp xếp, tổ chức lại thôn theo nghị quyết của Ban Chấp hành Đảng bộ xã Vật Lại",https://web.facebook.com/story.php?story_fbid=1496824859150272&id=100064683157439&rdid=k76Qi7olKd3vAn2M#,2026-07-04,wikipedia-ref,
wiki-09676-1,"Hội đồng nhân dân xã Bất Bạt khai mạc kỳ họp thứ 3, xem xét quyết định nhiều nội dung quan trọng về phát triển địa phương",https://batbat.hanoi.gov.vn/hoat-dong-cua-hdnd-xa-bat-bat/hdnd-xa-bat-bat-khai-mac-ky-hop-thu-3-xem-xet-quyet-dinh-nhieu-noi-dung-quan-trong-ve-phat-trien-dia-phuong-2759260629084650803.htm,2026-06-29,wikipedia-ref,
wiki-09676-2,"Ủy ban bầu cử xã Bất Bạt công bố danh sách những người trúng cử đại biểu Hội đồng nhân dân xã Bất Bạt, nhiệm kỳ 2026 – 2031",https://batbat.hanoi.gov.vn/hoat-dong-cua-hdnd-xa-bat-bat/ubbc-xa-bat-bat-cong-bo-danh-sach-nhung-nguoi-trung-cu-dai-bieu-hdnd-xa-bat-bat-nhiem-ky-2026-2031-2759260320125613804.htm,2026-03-18,wikipedia-ref,
wiki-09676-3,Nghị quyết số 1656/NQ-UBTVQH15 ngày 16 tháng 6 năm 2025 của Ủy ban Thường vụ Quốc hội về việc sắp xếp các đơn vị hành chính cấp xã của thành phố Hà Nội năm 2025,https://datafiles.chinhphu.vn/cpp/files/vbpq/2025/6/1656-nq.signed.pdf,2026-06-30,wikipedia-ref,
wiki-09694-1,Nghị quyết số 1656/NQ-UBTVQH15 ngày 16 tháng 6 năm 2025 của Ủy ban Thường vụ Quốc hội về việc sắp xếp các đơn vị hành chính cấp xã của thành phố Hà Nội năm 2025,https://datafiles.chinhphu.vn/cpp/files/vbpq/2025/6/1656-nq.signed.pdf,2026-05-13,wikipedia-ref,
wiki-09694-2,"Danh sách chính thức người ứng cử đại biểu Hội đồng nhân dân xã Suối Hai nhiệm kỳ 2026 – 2031 (theo Quyết định số 26/QĐ-UBBC, ngày 23/02/2026 của Ủy ban bầu cử xã Suối Hai)",https://www.facebook.com/story.php?story_fbid=1318213100339348&id=100064520119493&rdid=VgfXEBlUte8DPPkF#,2026-02-25,wikipedia-ref,
wiki-09694-3,"Danh sách Thôn vùng đồng bào dân tộc thiểu số và miền núi, thôn đặc biệt khó khăn giai đoạn 2026 – 2030 trên địa bàn thành phố Hà Nội (Kèm theo Quyết định số 104/QĐ-BDTTG ngày 27 tháng 02 năm 2026 của Bộ trưởng Bộ Dân tộc và Tôn giáo)",http://files.ubdt.gov.vn/files/ecm/source_files/2026/03/09/11023866_2.%20H%C3%A0%20N%E1%BB%99i%20(th%C3%B4n).signed_26-03-09.pdf,2026-08-12,wikipedia-ref,
wiki-09700-1,"Hội đồng nhân dân xã Ba Vì tổ chức Kỳ họp thứ Hai khóa XXII, nhiệm kỳ 2026 – 2031",https://bavi.hanoi.gov.vn/tin-tuc-su-kien/hoi-dong-nhan-dan-xa-ba-vi-to-chuc-ky-hop-thu-hai-khoa-xxii-nhiem-ky-2026-2031-2756260630102852165.htm?gidzl=LGeMB5UjBmPH5H8gNROg25mN4o96jYnRInCHS4goU5j64H5o4B0a21r7IoGRud087qD4SZ0qbWmRKgmh10,2026-06-30,wikipedia-ref,
wiki-09700-2,"Danh sách chính thức những người ứng cử đại biểu Hội đồng nhân dân xã Ba Vì khóa XXII, nhiệm kỳ 2026 – 2031",https://bavi.hanoi.gov.vn/tin-tuc-su-kien/danh-sach-chinh-thuc-nhung-nguoi-ung-cu-dai-bieu-hdnd-xa-ba-vi-khoa-xxii-nhiem-ky-2026-2031-2756260226172743238.htm?gidzl=s4lXUF-NoJdSLEL-zOpCDz5MvN7kZCjZnbBd8-A8dsFBKESXk8h3C906lNUps9SmaWAo8J0HxHrm-fRDEm,2026-02-26,wikipedia-ref,
wiki-09700-3,Nghị quyết số 1656/NQ-UBTVQH15 ngày 16 tháng 6 năm 2025 của Ủy ban Thường vụ Quốc hội về việc sắp xếp các đơn vị hành chính cấp xã của thành phố Hà Nội năm 2025,https://datafiles.chinhphu.vn/cpp/files/vbpq/2025/6/1656-nq.signed.pdf,2026-06-30,wikipedia-ref,
wiki-09706-1,Nghị quyết số 1656/NQ-UBTVQH15 ngày 16 tháng 6 năm 2025 của Ủy ban Thường vụ Quốc hội về việc sắp xếp các đơn vị hành chính cấp xã của thành phố Hà Nội năm 2025,https://datafiles.chinhphu.vn/cpp/files/vbpq/2025/6/1656-nq.signed.pdf,2026-06-30,wikipedia-ref,
wiki-09706-2,"Hội đồng nhân dân xã Yên Bài tổ chức thành công Kỳ họp thường lệ giữa năm 2026 (Kỳ họp thứ Ba), khóa XXII, nhiệm kỳ 2026 – 2031",https://web.facebook.com/story.php?story_fbid=1023491040263872&id=100078089572480&rdid=fJr99rs13Raqw9Jg#,2026-06-24,wikipedia-ref,
wiki-09706-3,"Danh sách Thôn vùng đồng bào dân tộc thiểu số và miền núi, thôn đặc biệt khó khăn giai đoạn 2026 – 2030 trên địa bàn thành phố Hà Nội (Kèm theo Quyết định số 104/QĐ-BDTTG ngày 27 tháng 02 năm 2026 của Bộ trưởng Bộ Dân tộc và Tôn giáo)",http://files.ubdt.gov.vn/files/ecm/source_files/2026/03/09/11023866_2.%20H%C3%A0%20N%E1%BB%99i%20(th%C3%B4n).signed_26-03-09.pdf,2026-08-12,wikipedia-ref,
wiki-09715-1,"Nghị quyết số 11/NQ-HĐND ngày 26 tháng 6 năm 2026 của Hội đồng nhân dân xã Phúc Thọ về việc sắp xếp, đổi tên thôn trên địa bàn xã Phúc Thọ",https://datafiles.hanoi.gov.vn/gov-hni/7529/VanBan/2026/6/30/NQ%20%C4%91%E1%BB%95i%20t%C3%AAn%20th%C3%B4n%20s%E1%BB%91%2011.pdf,2026-07-27,wikipedia-ref,
wiki-09715-2,"Công bố danh sách chính thức những người ứng cử đại biểu Hội đồng nhân dân xã Phúc Thọ, khóa II, Nhiệm kỳ 2026 – 2031",https://phuctho.hanoi.gov.vn/hoat-dong-hoi-dong-nhan-dan/cong-bo-danh-sach-chinh-thuc-nhung-nguoi-ung-cu-dai-bieu-hdnd-xa-phuc-tho-khoa-ii-nhiem-ky-2026-2031-26882603032011564.htm?gidzl=SV1JVJFWXbDrxrTxEVk6K7ZYNdeYzuzLOh1MUI2drrLXlW1u8lxLKc6v1tydheC2QxbJ9MLq8U0VDk62KG,2026-03-03,wikipedia-ref,
wiki-09715-3,Nghị quyết số 111/2025/UBTVQH15 ngày 24 tháng 12 năm 2025 của Ủy ban Thường vụ Quốc hội về phân loại đô thị,https://cdn.nhandan.vn/files/f4a4abf7f9a0ba4a91744616546d850872b76917f90d5a74cc9eebef1369fb6f/111.pdf,2026-04-30,wikipedia-ref,
wiki-09739-1,Hội đồng nhân dân xã Phúc Lộc thông qua Nghị quyết sắp xếp 46 thôn thành 17 thôn mới,https://thanhuyhanoi.vn/tin-tuc/hanoi-portal/hdnd-xa-phuc-loc-thong-qua-nghi-quyet-sap-xep-46-thon-thanh-17-thon-moi--50047279.html,2026-06-27,wikipedia-ref,
wiki-09739-2,"Nghị quyết số 10/NQ-HĐND ngày 15 tháng 7 năm 2025 của Hội đồng nhân dân xã Phúc Lộc về việc đổi tên thôn trên địa bàn xã Phúc Lộc, thành phố Hà Nội",https://sqhx-hanoi.mediacdn.vn/91579363132710912/2025/8/11/nq-10-17549174511781147234658.pdf,2026-07-27,wikipedia-ref,
wiki-09739-3,Nghị quyết số 1656/NQ-UBTVQH15 ngày 16 tháng 6 năm 2025 của Ủy ban Thường vụ Quốc hội về việc sắp xếp các đơn vị hành chính cấp xã của thành phố Hà Nội năm 2025,https://datafiles.chinhphu.vn/cpp/files/vbpq/2025/6/1656-nq.signed.pdf,2026-05-13,wikipedia-ref,
wiki-09772-1,"Ngày 25/6/2026, Hội đồng nhân dân xã Hát Môn đã ban hành Nghị quyết số 20/NQ-HĐND về việc sắp xếp thôn trên địa bàn xã",https://web.facebook.com/story.php?story_fbid=122168322722971054&id=61579131628199&rdid=CGnCXn0CPGs3wVCF#,2026-07-01,wikipedia-ref,
wiki-09772-2,Danh sách chính thức Người ứng cử đại biểu Hội đồng nhân dân xã Hát Môn nhiệm kỳ 2026 – 2031,https://hatmon.hanoi.gov.vn/bau-cu-hdnd-cac-cap/danh-sach-chinh-thuc-nguoi-ung-cu-dai-bieu-hoi-dong-nhan-dan-xa-hat-mon-nhiem-ky-2026-2031-2705260226135335582.htm?gidzl=iIfMJ9mGprArDL9AbWlEKhumMqYB2Cu3ys1JJObSoGQdRbHDYbQT1w5l016ANPe9g305GcGR2wmlcH7BK0,2026-02-26,wikipedia-ref,
wiki-09772-3,"Kỳ họp thứ 15 Hội đồng nhân dân xã Hát Môn khoá XXIII, nhiệm kỳ 2021 – 2026",https://hatmon.hanoi.gov.vn/hoi-dong-nhan-dan/ky-hop-thu-15-hdnd-xa-hat-mon-khoa-xxiii-nhiem-ky-2021-2026-2705250721093045683.htm?gidzl=W16OK70PMM643fnMUW9OOOyBbL9d0LWsmbkTLsLLNpEMLPfNPbyBCf1KpWjcL0mycGlBM6J6EVG0THXTOm,2025-07-21,wikipedia-ref,
wiki-09784-1,Nghị quyết số 45/NQ-UBBC ngày 20 tháng 3 năm 2026 của Ủy ban bầu cử xã Đan Phượng về việc công bố kết quả bầu cử và danh sách những người trúng cử đại biểu Hội đồng nhân dân xã Đan Phượng khóa XXIII nhiệm kỳ 2026 – 2031,https://danphuong.hanoi.gov.vn/chi-dao-dieu-hanh/nghi-quyet-ve-viec-cong-bo-ket-qua-bau-cu-va-danh-sach-nhung-nguoi-trung-cu-dai-bieu-hoi-dong-nhan-dan-xa-dan-phuong-khoa-xxiii-nhiem-ky-2026-2031-2845260320145604966.htm,,wikipedia-ref,
wiki-09784-2,Nghị quyết số 111/2025/UBTVQH15 ngày 24 tháng 12 năm 2025 của Ủy ban Thường vụ Quốc hội về phân loại đô thị,https://cdn.nhandan.vn/files/f4a4abf7f9a0ba4a91744616546d850872b76917f90d5a74cc9eebef1369fb6f/111.pdf,2026-07-12,wikipedia-ref,
wiki-09784-3,Nghị quyết số 1656/NQ-UBTVQH15 ngày 16 tháng 6 năm 2025 của Ủy ban Thường vụ Quốc hội về việc sắp xếp các đơn vị hành chính cấp xã của thành phố Hà Nội năm 2025,https://datafiles.chinhphu.vn/cpp/files/vbpq/2025/6/1656-nq.signed.pdf,2026-06-30,wikipedia-ref,
wiki-09787-1,Nghị quyết số 1656/NQ-UBTVQH15 ngày 16 tháng 6 năm 2025 của Ủy ban Thường vụ Quốc hội về việc sắp xếp các đơn vị hành chính cấp xã của thành phố Hà Nội năm 2025,https://datafiles.chinhphu.vn/cpp/files/vbpq/2025/6/1656-nq.signed.pdf,2026-05-13,wikipedia-ref,
wiki-09787-2,Hội đồng nhân dân xã Liên Minh quyết nghị nhiều nội dung định hướng phát triển giai đoạn 2026 – 2030,https://hanoimoi.vn/hdnd-xa-lien-minh-quyet-nghi-nhieu-noi-dung-dinh-huong-phat-trien-giai-doan-2026-2030-1209080.html,2026-06-25,wikipedia-ref,
wiki-09787-3,"Nghị quyết số 203/2025/QH15 ngày 16 tháng 6 năm 2025 của Quốc hội khóa XV, Kỳ họp thứ 9 về việc sửa đổi, bổ sung một số điều của Hiến pháp nước Cộng hòa xã hội chủ nghĩa Việt Nam",https://datafiles.chinhphu.vn/cpp/files/vbpq/2025/6/nq-sua-doi-hien-phap.pdf,,wikipedia-ref,
wiki-09817-1,Nghị quyết số 1656/NQ-UBTVQH15 ngày 16 tháng 6 năm 2025 của Ủy ban Thường vụ Quốc hội về việc sắp xếp các đơn vị hành chính cấp xã của thành phố Hà Nội năm 2025,https://datafiles.chinhphu.vn/cpp/files/vbpq/2025/6/1656-nq.signed.pdf,2026-06-30,wikipedia-ref,
wiki-09817-2,"Nghị quyết số 19/NQ-CP ngày 8 tháng 5 năm 2009 của Chính phủ về việc xác lập địa giới hành chính xã Đông Xuân thuộc huyện Quốc Oai; các xã Tiến Xuân, Yên Bình, Yên Trung thuộc huyện Thạch Thất; huyện Mê Linh thuộc thành phố Hà Nội; thành lập quận Hà Đông và các phường trực thuộc; chuyển thành phố Sơn Tây thành thị xã Sơn Tây thuộc thành phố Hà Nội",https://chinhphu.vn/default.aspx?pageid=27160&docid=86463,2026-07-06,wikipedia-ref,
wiki-09817-3,"Bản đồ ranh giới thôn, tổ dân phố trước và sau sắp xếp xã Ô Diên, thành phố Hà Nội",https://sqhx-hanoi.mediacdn.vn/91579363132710912/2026/6/16/dien-tich-23-cum-model-p-1781641212214349237838.pdf,2026-06-16,wikipedia-ref,
wiki-09832-1,"Thông báo số 798/TB-UBND ngày 1 tháng 7 năm 2026 của Ủy ban nhân dân xã Hoài Đức về việc sắp xếp thôn, tổ dân phố theo Nghị quyết của Hội đồng nhân dân xã Hoài Đức",https://sqhx-hanoi.mediacdn.vn/91579363132710912/2026/7/3/thong-bao-cong-khai-danh-sach-cac-thon-sau-sap-xep-17830387482731638752566.pdf,,wikipedia-ref,
wiki-09832-2,Danh sách chính thức những người ứng cử đại biểu Hội đồng Nhân dân xã Hoài Đức nhiệm kỳ 2026 – 2031,https://hoaiduc.hanoi.gov.vn/thong-bao/danh-sach-chinh-thuc-nhung-nguoi-ung-cudai-bieu-hoi-dong-nhan-dan-xa-hoai-duc-nhiem-ky-2026-2031-2784260226140627576.htm?gidzl=CF8N4uq5mrGqxHCLXnt5KZhh716VIvvU8-z9IiiVcWKZuHX6aHQO0YApJn6THCjK8hCSHpMBnk5sY0J7LW,2026-02-13,wikipedia-ref,
wiki-09832-3,Nghị quyết số 111/2025/UBTVQH15 ngày 24 tháng 12 năm 2025 của Ủy ban Thường vụ Quốc hội về phân loại đô thị,https://cdn.nhandan.vn/files/f4a4abf7f9a0ba4a91744616546d850872b76917f90d5a74cc9eebef1369fb6f/111.pdf,2026-07-12,wikipedia-ref,
wiki-09856-1,"Nghị quyết số 18/NQ-HĐND ngày 24 tháng 6 năm 2026 của Hội đồng nhân dân xã Dương Hòa về việc sắp xếp, tổ chức lại thôn trên địa bàn xã Dương Hòa",https://duonghoa.hanoi.gov.vn/sap-xep-thon/nghi-quyet-so-18-nq-hdnd-ngay-24-6-2026-ve-viec-sap-xep-to-chuc-lai-thon-tren-dia-ban-xa-duong-hoa-2779260702092120507.htm?gidzl=dqjSJgtHM2IRL5X8fybU8vHKLas-cGGlZL035khD07IDNb8QiCG2SumC1Ksybb4bZ0nM6pK4gp5RgD1S9W,2026-08-14,wikipedia-ref,
wiki-09856-2,Nghị quyết số 1656/NQ-UBTVQH15 ngày 16 tháng 6 năm 2025 của Ủy ban Thường vụ Quốc hội về việc sắp xếp các đơn vị hành chính cấp xã của thành phố Hà Nội năm 2025,https://datafiles.chinhphu.vn/cpp/files/vbpq/2025/6/1656-nq.signed.pdf,2026-06-30,wikipedia-ref,
wiki-09856-3,"Nghị quyết số 203/2025/QH15 ngày 16 tháng 6 năm 2025 của Quốc hội khóa XV, Kỳ họp thứ 9 về việc sửa đổi, bổ sung một số điều của Hiến pháp nước Cộng hòa xã hội chủ nghĩa Việt Nam",https://datafiles.chinhphu.vn/cpp/files/vbpq/2025/6/nq-sua-doi-hien-phap.pdf,2026-06-13,wikipedia-ref,
wiki-09871-1,"Danh sách chính thức những người ứng cử đại biểu Hội đồng Nhân dân xã Sơn Đồng khóa XXI, nhiệm kỳ 2026 – 2031",https://sondong.hanoi.gov.vn/tin-tuc-su-kien/danh-sach-chinh-thuc-nhan-su-ung-cu-dai-bieu-hoi-dong-nhan-dan-xa-son-dong-279026030209394042.htm?gidzl=oB_s81ZfH0tCeF8c4l533Csk_2K5-1aCqlwiT5Rz4bdK_w8aKQ0GMzRszdO2eqLVWgRnT3RcPuSS7UX03m,2026-02-24,wikipedia-ref,
wiki-09871-2,Nghị quyết số 1656/NQ-UBTVQH15 ngày 16 tháng 6 năm 2025 của Ủy ban Thường vụ Quốc hội về việc sắp xếp các đơn vị hành chính cấp xã của thành phố Hà Nội năm 2025,https://datafiles.chinhphu.vn/cpp/files/vbpq/2025/6/1656-nq.signed.pdf,2026-06-30,wikipedia-ref,
wiki-09871-3,"Nghị quyết số 203/2025/QH15 ngày 16 tháng 6 năm 2025 của Quốc hội khóa XV, Kỳ họp thứ 9 về việc sửa đổi, bổ sung một số điều của Hiến pháp nước Cộng hòa xã hội chủ nghĩa Việt Nam",https://datafiles.chinhphu.vn/cpp/files/vbpq/2025/6/nq-sua-doi-hien-phap.pdf,,wikipedia-ref,
wiki-09877-1,Danh sách người ứng cử Đại biểu Hội đồng Nhân dân xã An Khánh nhiệm kỳ 2026 – 2031,https://ankhanh.hanoi.gov.vn/thong-bao/danh-sach-nguoi-ung-cu-dai-bieu-hoi-dong-nhan-dan-xa-an-khanh-nhiem-ky-2026-2031-2777260228002756727.htm,2026-03-15,wikipedia-ref,
wiki-09877-2,Nghị quyết số 111/2025/UBTVQH15 ngày 24 tháng 12 năm 2025 của Ủy ban Thường vụ Quốc hội về phân loại đô thị,https://cdn.nhandan.vn/files/f4a4abf7f9a0ba4a91744616546d850872b76917f90d5a74cc9eebef1369fb6f/111.pdf,2026-07-12,wikipedia-ref,
wiki-09877-3,"Kỳ họp thứ ba (Kỳ họp thường lệ) Hội đồng nhân dân xã An Khánh khóa XXI, nhiệm kỳ 2021 – 2026",https://ankhanh.hanoi.gov.vn/hoat-dong-khoi-chinh-quyen/ky-hop-thu-ba-ky-hop-thuong-le-hdnd-xa-an-khanh-khoa-xxi-nhiem-ky-2021-2026-2777251209101129734.htm,2025-12-08,wikipedia-ref,
wiki-09886-1,"Nghị quyết số 13/NQ-HĐND ngày 12 tháng 9 năm 2025 của Hội đồng nhân dân phường Dương Nội về việc ghép khu dân cư, đổi tên tổ dân phố sau sắp xếp đơn vị hành chính phường Dương Nội",https://web.facebook.com/story.php?story_fbid=830903552598472&id=100070365031123&rdid=OoSOu5rAljETVsXF#,,wikipedia-ref,
wiki-09886-2,Phường Dương Nội công bố danh sách 20 đại biểu trúng cử Hội đồng nhân dân phường nhiệm kỳ 2026 – 2031,https://duongnoi.hanoi.gov.vn/tin-tuc-su-kien/phuong-duong-noi-cong-bo-danh-sach-20-dai-bieu-trung-cu-hdnd-phuong-nhiem-ky-2026-2031-2787260320112717204.htm,2026-03-20,wikipedia-ref,
wiki-09886-3,"Phường Dương Nội dự kiến sắp xếp, tổ chức lại 21 tổ dân phố phù hợp yêu cầu quản lý trong giai đoạn mới",https://duongnoi.hanoi.gov.vn/van-hoa-xa-hoi/phuong-duong-noi-du-kien-sap-xep-to-chuc-lai-21-to-dan-pho-phu-hop-yeu-cau-quan-ly-trong-giai-doan-moi-2787260616233943052.htm,2026-06-10,wikipedia-ref,
wiki-09895-1,Kỳ họp thứ Ba Hội đồng nhân dân xã Quốc Oai thông qua nhiều nghị quyết quan trọng vì sự phát triển địa phương,https://thanhuyhanoi.vn/tin-tuc/xa-quoc-oai/ky-hop-thu-ba-hdnd-xa-quoc-oai-thong-qua-nhieu-nghi-quyet-quan-trong-vi-su-phat-trien-dia-phuong-50046724.html,2026-06-18,wikipedia-ref,
wiki-09895-2,"Xã Quốc Oai triển khai kế hoạch lấy ý kiến cử tri về đề án sắp xếp, sáp nhập, đổi tên thôn trên địa bàn",https://quocoai.hanoi.gov.vn/dang-uy-hdnd-ubnd-ub-mttq/xa-quoc-oai-trien-khai-ke-hoach-lay-y-kien-cu-tri-ve-de-an-sap-xep-sap-nhap-doi-ten-thon-tren-dia-ban-2770260606095942765.htm,2026-06-06,wikipedia-ref,
wiki-09895-3,Nghị quyết số 111/2025/UBTVQH15 ngày 24 tháng 12 năm 2025 của Ủy ban Thường vụ Quốc hội về phân loại đô thị,https://cdn.nhandan.vn/files/f4a4abf7f9a0ba4a91744616546d850872b76917f90d5a74cc9eebef1369fb6f/111.pdf,2026-04-30,wikipedia-ref,
wiki-09910-1,"Nghị quyết số 20/NQ-HĐND ngày 23 tháng 6 năm 2026 của Hội đồng nhân dân xã Kiều Phú về việc sắp xếp, tổ chức lại, đổi tên thôn trên địa bàn xã Kiều Phú",https://datafiles.hanoi.gov.vn/gov-hni/7020/VanBan/2026/6/29/NQ-20-H%C4%90ND.pdf,,wikipedia-ref,
wiki-09910-2,Nghị quyết số 1656/NQ-UBTVQH15 ngày 16 tháng 6 năm 2025 của Ủy ban Thường vụ Quốc hội về việc sắp xếp các đơn vị hành chính cấp xã của thành phố Hà Nội năm 2025,https://datafiles.chinhphu.vn/cpp/files/vbpq/2025/6/1656-nq.signed.pdf,2026-05-13,wikipedia-ref,
wiki-09910-3,"Nghị quyết số 203/2025/QH15 ngày 16 tháng 6 năm 2025 của Quốc hội khóa XV, Kỳ họp thứ 9 về việc sửa đổi, bổ sung một số điều của Hiến pháp nước Cộng hòa xã hội chủ nghĩa Việt Nam",https://datafiles.chinhphu.vn/cpp/files/vbpq/2025/6/nq-sua-doi-hien-phap.pdf,,wikipedia-ref,
wiki-09931-1,"Xã Hưng Đạo công bố nghị quyết thành lập, sắp xếp, tổ chức lại thôn và quyết định thành lập chi bộ thôn",https://hungdao.hanoi.gov.vn/tin-tuc-su-kien/xa-hung-dao-cong-bo-nghi-quyet-thanh-lap-sap-xep-to-chuc-lai-thon-va-quyet-dinh-thanh-lap-chi-bo-thon-2772260630215911841.htm,2026-06-30,wikipedia-ref,
wiki-09931-2,Nghị quyết số 1656/NQ-UBTVQH15 ngày 16 tháng 6 năm 2025 của Ủy ban Thường vụ Quốc hội về việc sắp xếp các đơn vị hành chính cấp xã của thành phố Hà Nội năm 2025,https://datafiles.chinhphu.vn/cpp/files/vbpq/2025/6/1656-nq.signed.pdf,2026-06-30,wikipedia-ref,
wiki-09931-3,"Nghị quyết số 203/2025/QH15 ngày 16 tháng 6 năm 2025 của Quốc hội khóa XV, Kỳ họp thứ 9 về việc sửa đổi, bổ sung một số điều của Hiến pháp nước Cộng hòa xã hội chủ nghĩa Việt Nam",https://datafiles.chinhphu.vn/cpp/files/vbpq/2025/6/nq-sua-doi-hien-phap.pdf,,wikipedia-ref,
wiki-09952-1,Nghị quyết số 1656/NQ-UBTVQH15 ngày 16 tháng 6 năm 2025 của Ủy ban Thường vụ Quốc hội về việc sắp xếp các đơn vị hành chính cấp xã của thành phố Hà Nội năm 2025,https://datafiles.chinhphu.vn/cpp/files/vbpq/2025/6/1656-nq.signed.pdf,2026-05-13,wikipedia-ref,
wiki-09952-2,"Ban Chấp hành Đảng bộ xã Phú Cát thảo luận, thống nhất nhiều nội dung quan trọng về sắp xếp thôn và đầu tư phát triển",https://phucat.hanoi.gov.vn/cong-tac-dang/ban-chap-hanh-dang-bo-xa-phu-cat-thao-luan-thong-nhat-nhieu-noi-dung-quan-trong-ve-sap-xep-thon-va-dau-tu-phat-trien-2767260623092653599.htm,2026-06-23,wikipedia-ref,
wiki-09952-3,"Danh sách Thôn vùng đồng bào dân tộc thiểu số và miền núi, thôn đặc biệt khó khăn giai đoạn 2026 – 2030 trên địa bàn thành phố Hà Nội (Kèm theo Quyết định số 104/QĐ-BDTTG ngày 27 tháng 02 năm 2026 của Bộ trưởng Bộ Dân tộc và Tôn giáo)",http://files.ubdt.gov.vn/files/ecm/source_files/2026/03/09/11023866_2.%20H%C3%A0%20N%E1%BB%99i%20(th%C3%B4n).signed_26-03-09.pdf,2026-08-12,wikipedia-ref,
wiki-09955-1,"Hội đồng nhân dân xã Thạch Thất khóa II, nhiệm kỳ 2026 – 2031 tổ chức thành công kỳ họp thứ hai, thông qua 12 nghị quyết quan trọng",https://thachthat.hanoi.gov.vn/tin-tuc-su-kien/hdnd-xa-thach-that-khoa-ii-nhiem-ky-2026-2031-to-chuc-thanh-cong-ky-hop-thu-hai-thong-qua-12-nghi-quyet-quan-trong-2679260626180119617.htm?gidzl=wSQiO921KYhjsQXccffGB-BThMM3d5Pu-TEaCDAJ3IdyrgKsriGCAws5_ZE6ab1x_e3zCp1FTijxbO1MA0,2026-06-25,wikipedia-ref,
wiki-09955-2,"Danh sách chính thức những người ứng cử đại biểu Hội đồng nhân dân xã Thạch Thất khóa II, nhiệm kỳ 2026 – 2031 theo từng đơn vị bầu cử",https://thachthat.hanoi.gov.vn/bau-cu-2026-2031/danh-sach-chinh-thuc-nhung-nguoi-ung-cu-dai-bieu-hdnd-xa-thach-that-khoa-ii-nhiem-ky-2026-2031-theo-tung-don-vi-bau-cu-2679260302170627406.htm,2026-02-26,wikipedia-ref,
wiki-09955-3,Nghị quyết số 111/2025/UBTVQH15 ngày 24 tháng 12 năm 2025 của Ủy ban Thường vụ Quốc hội về phân loại đô thị,https://cdn.nhandan.vn/files/f4a4abf7f9a0ba4a91744616546d850872b76917f90d5a74cc9eebef1369fb6f/111.pdf,2026-08-14,wikipedia-ref,
wiki-09982-1,"Hội đồng nhân dân xã Hạ Bằng thông qua 10 nghị quyết, định hướng phát triển 6 tháng cuối năm 2026",https://hanoimoi.vn/hdnd-xa-ha-bang-thong-qua-10-nghi-quyet-dinh-huong-phat-trien-6-thang-cuoi-nam-2026-1209314.html?gidzl=FGYFDHFWZXav5uip6VkE638JWZ04_eSTA46ACmQktnqhJzmo1FVT6Yj8spK1fujA8KYFRsKOsJGT5k6A6m,2026-06-26,wikipedia-ref,
wiki-09982-2,Nghị quyết số 1656/NQ-UBTVQH15 ngày 16 tháng 6 năm 2025 của Ủy ban Thường vụ Quốc hội về việc sắp xếp các đơn vị hành chính cấp xã của thành phố Hà Nội năm 2025,https://datafiles.chinhphu.vn/cpp/files/vbpq/2025/6/1656-nq.signed.pdf,2026-05-13,wikipedia-ref,
wiki-09982-3,Danh sách chính thức những người ứng cử đại biểu Hội đồng nhân dân xã Hạ Bằng nhiệm kỳ 2026 – 2031 theo từng đơn vị bầu cử,https://web.facebook.com/story.php?story_fbid=122176317620925980&id=61577779402625&rdid=0R25PV1E74MVg4yp#,2026-02-26,wikipedia-ref,
wiki-09988-1,Nghị quyết ngày 24/NQ-HĐND ngày 25 tháng 6 năm 2026 của Hội đồng nhân dân xã Hòa Lạc về việc sắp xếp thôn trên địa bàn xã Hòa Lạc,https://datafiles.hanoi.gov.vn/gov-hni/8341/VanBan/2026/7/9/24.%20%20Ngh%E1%BB%8B%20quy%E1%BA%BFt%20s%E1%BA%AFp%20x%E1%BA%BFp%20th%C3%B4n%202026.pdf,2026-07-14,wikipedia-ref,
wiki-09988-2,Nghị quyết số 111/2025/UBTVQH15 ngày 24 tháng 12 năm 2025 của Ủy ban Thường vụ Quốc hội về phân loại đô thị,https://cdn.nhandan.vn/files/f4a4abf7f9a0ba4a91744616546d850872b76917f90d5a74cc9eebef1369fb6f/111.pdf,2026-07-12,wikipedia-ref,
wiki-09988-3,Nghị quyết số 1656/NQ-UBTVQH15 ngày 16 tháng 6 năm 2025 của Ủy ban Thường vụ Quốc hội về việc sắp xếp các đơn vị hành chính cấp xã của thành phố Hà Nội năm 2025,https://datafiles.chinhphu.vn/cpp/files/vbpq/2025/6/1656-nq.signed.pdf,2026-05-13,wikipedia-ref,
wiki-10003-1,"Thông báo số 392/TB-UBND ngày 29 tháng 6 năm 2026 của Ủy ban nhân dân xã Tây Phương về việc công bố Nghị quyết số 28/NQ-HĐND ngày 25/6/2026 của Hội đồng nhân dân xã Tây Phương về thành lập, sắp xếp, đổi tên thôn và danh sách các thôn sau thành lập, sắp xếp, đổi tên trên địa bàn xã Tây Phương",https://sqhx-hanoi.mediacdn.vn/91579363132710912/2026/6/30/tb-cong-bo-nghi-quyet-cua-hdnd-xa-ve-sap-xep-thon-1782815182481876369142.pdf,2026-07-28,wikipedia-ref,
wiki-10003-2,"Nghị quyết số 1/NQ-UBBC ngày 15 tháng 12 năm 2025 của Ủy ban bầu cử xã Tây Phương về việc ấn định và công bố số đơn vị bầu cử, danh sách các đơn vị bầu cử và số đại biểu được bầu ở mỗi đơn vị bầu cử đại biểu Hội đồng nhân dân xã Tây Phương nhiệm kỳ 2026 – 2031",https://sqhx-hanoi.mediacdn.vn/91579363132710912/2025/12/17/ubbc-nq-01-an-dinh-cong-bo-danh-sach-dvbc-so-luong-db-moi-dvbc-xa-tay-phuong0001-17659323388571147090568.pdf,2026-07-28,wikipedia-ref,
wiki-10003-3,Nghị quyết số 111/2025/UBTVQH15 ngày 24 tháng 12 năm 2025 của Ủy ban Thường vụ Quốc hội về phân loại đô thị,https://cdn.nhandan.vn/files/f4a4abf7f9a0ba4a91744616546d850872b76917f90d5a74cc9eebef1369fb6f/111.pdf,2026-08-14,wikipedia-ref,
wiki-10015-1,"Nghị quyết số 18/NQ-HĐND ngày 29 tháng 6 năm 2026 của Hội đồng nhân dân phường Chương Mỹ về việc phê chuẩn Đề án thành lập, sắp xếp, tổ chức lại tổ dân phố trên địa bàn phường Chương Mỹ",https://sqhx-hanoi.mediacdn.vn/91579363132710912/2026/6/30/18-nq-hdnd-17827851850562080718690.pdf,2026-08-05,wikipedia-ref,
wiki-10015-2,"Nghị quyết số 17/NQ-HĐND ngày 6 tháng 12 năm 2025 của Hội đồng nhân dân phường Chương Mỹ về chuyển đổi thôn thành tổ dân phố trên địa bàn phường Chương Mỹ, thành phố Hà Nội",https://chuongmy.hanoi.gov.vn/tin-tuc-su-kien/chuong-my-chuyen-doi-27-thon-thanh-to-dan-pho-2803251210143235823.htm?gidzl=P-ktM2lTGnXZzBDU8SPB66tribivb4CPSAVa2J-I5KrtfxO9F9X5Jd-flLaoc4XBSAcnNsLw1y5nBjn76W,2026-08-06,wikipedia-ref,
wiki-10015-3,"Nghị quyết số 2/NQ-UBBC ngày 20 tháng 3 năm 2026 của Ủy ban bầu cử phường Chương Mỹ về việc xác nhận tư cách đại biểu Hội đồng nhân dân phường Chương Mỹ khóa II, nhiệm kỳ 2026 – 2031",https://sqhx-hanoi.mediacdn.vn/91579363132710912/2026/3/21/nghi-quyet-xac-nhan-tu-cach-dai-bieu-17740565460162121995429.pdf,2026-08-06,wikipedia-ref,
wiki-10030-1,Nghị quyết số 13/NQ-HĐND ngày 25 tháng 6 năm 2026 của Hội đồng nhân dân xã Phú Nghĩa về việc sắp xếp thôn trên địa bàn xã Phú Nghĩa,https://web.facebook.com/story.php?story_fbid=122175174008934288&id=61578028641582&rdid=UCprMkSfIjjPwvws#,2026-08-05,wikipedia-ref,
wiki-10030-2,Thông báo số 27/TB-UBBC ngày 26 tháng 2 năm 2026 của Ủy ban bầu cử xã Phú Nghĩa về Chương trình tổ chức hội nghị tiếp xúc cử tri để vận động bầu cử của người ứng cử đại biểu Hội đồng nhân dân xã Phú Nghĩa nhiệm kỳ 2026 – 2031,https://phunghia.hanoi.gov.vn/thong-bao/thong-bao-chuong-trinh-to-chuc-hoi-nghi-tiep-xuc-cu-tri-de-van-dong-bau-cu-cua-nguoi-ung-cu-dai-bieu-hoi-dong-nhan-dan-xa-phu-nghia-nhiem-ky-2026-2031-2713260226151832482.htm?gidzl=jTIrBBW-Ac-nox4giYKYRBdAkYQiTo1df9ZiTAfnTZEZcBvqgNicCAkMjIIdUoirf9Qv8cKxswfolJykRG,,wikipedia-ref,
wiki-10030-3,Nghị quyết số 1656/NQ-UBTVQH15 ngày 16 tháng 6 năm 2025 của Ủy ban Thường vụ Quốc hội về việc sắp xếp các đơn vị hành chính cấp xã của thành phố Hà Nội năm 2025,https://datafiles.chinhphu.vn/cpp/files/vbpq/2025/6/1656-nq.signed.pdf,2026-05-13,wikipedia-ref,
wiki-10045-1,Nghị quyết số 7/NQ-HĐND ngày 1 tháng 7 năm 2025 của Hội đồng nhân dân xã Xuân Mai về việc đổi tên thôn Tiên Trượng thành thôn Tiên Xuân trên địa bàn xã Xuân Mai,https://web.facebook.com/photo?fbid=2951579461704436&set=pcb.2489522124753863,2026-08-05,wikipedia-ref,
wiki-10045-2,Nghị quyết số 6/NQ-HĐND ngày 1 tháng 7 năm 2025 của Hội đồng nhân dân xã Xuân Mai về việc chuyển đổi tổ dân phố thành thôn trên địa bàn xã Xuân Mai,https://web.facebook.com/photo?fbid=2951579438371105&set=pcb.2489522124753863,2026-08-05,wikipedia-ref,
wiki-10045-3,Nghị quyết số 25/NQ-HĐND ngày 26 tháng 6 năm 2026 của Hội đồng nhân dân xã Xuân Mai về việc sắp xếp thôn trên địa bàn xã Xuân Mai,https://sqhx-hanoi.mediacdn.vn/91579363132710912/2026/6/27/25-nq-ve-sap-xep-thon-tren-dia-ban-xa-c-17825273502162099132194.pdf,,wikipedia-ref,
wiki-10072-1,Ủy ban bầu cử xã Quảng Bị công bố và niêm yết công khai danh sách chính thức 45 người ứng cử đại biểu HĐND xã nhiệm kỳ 2026 – 2031,https://quangbi.hanoi.gov.vn/tin-tuc-su-kien/uy-ban-bau-cu-xa-quang-bi-da-cong-bo-va-niem-yet-cong-khai-danh-sach-chinh-thuc-45-nguoi-ung-cu-dai-bieu-hdnd-xa-nhiem-ky-2026-2031-2684260226182154662.htm?gidzl=T0doITsu52fm5lPFrwCT97iR-qJA_aeYPKtuGywlI7Co5wqIdAP9SJKVhXl9gXnwPK_xIpEVWDDIsBaGA0,2026-02-26,wikipedia-ref,
wiki-10072-2,Nghị quyết số 1656/NQ-UBTVQH15 ngày 16 tháng 6 năm 2025 của Ủy ban Thường vụ Quốc hội về việc sắp xếp các đơn vị hành chính cấp xã của thành phố Hà Nội năm 2025,https://datafiles.chinhphu.vn/cpp/files/vbpq/2025/6/1656-nq.signed.pdf,2026-05-13,wikipedia-ref,
wiki-10072-3,"Thông báo số 269/TB-UBND ngày 30 tháng 6 năm 2026 của Ủy ban nhân dân xã Quảng Bị về việc công khai Nghị quyết về sắp xếp, đặt tên, đổi tên thôn trên địa bàn xã Quảng Bị",https://sqhx-hanoi.mediacdn.vn/91579363132710912/2026/7/2/thong-bao-nq-sap-xep-thon-1782987257991528023477.pdf,,wikipedia-ref,
wiki-10081-1,"Hội đồng nhân dân xã Trần Phú thông qua nghị quyết sắp xếp, sáp nhập thôn",https://hanoimoi.vn/hdnd-xa-tran-phu-thong-qua-nghi-quyet-sap-xep-sap-nhap-thon-1209139.html?gidzl=vH5hNZW8Fb3X3czOCXCuKkeBRLmlGZLGeGmtM7uGPrNqNZHJUa5iMALRRr0j4cbRy09iLZJhA60_FGawKW,2026-06-25,wikipedia-ref,
wiki-10081-2,"Nghị quyết số 1/NQ-UBBC ngày 13 tháng 2 năm 2026 của Ủy ban bầu cử xã Trần Phú về việc công bố danh sách chính thức những người ứng cử đại biểu Hội đồng nhân dân xã Trần Phú khóa XXI, nhiệm kỳ 2026 – 2031 theo từng đơn vị bầu cử",https://sqhx-hanoi.mediacdn.vn/91579363132710912/2026/2/25/01-nghi-quyet-cong-bo-danh-sach-chinh-thuc-nguoi-ung-cu-dai-bieu-hdnd-xa-1772024942990177685118.pdf,,wikipedia-ref,
wiki-10081-3,Nghị quyết số 1656/NQ-UBTVQH15 ngày 16 tháng 6 năm 2025 của Ủy ban Thường vụ Quốc hội về việc sắp xếp các đơn vị hành chính cấp xã của thành phố Hà Nội năm 2025,https://datafiles.chinhphu.vn/cpp/files/vbpq/2025/6/1656-nq.signed.pdf,2026-05-13,wikipedia-ref,
wiki-10096-1,Nghị quyết số 1656/NQ-UBTVQH15 ngày 16 tháng 6 năm 2025 của Ủy ban Thường vụ Quốc hội về việc sắp xếp các đơn vị hành chính cấp xã của thành phố Hà Nội năm 2025,https://datafiles.chinhphu.vn/cpp/files/vbpq/2025/6/1656-nq.signed.pdf,2026-06-30,wikipedia-ref,
wiki-10096-2,"Hội đồng nhân dân xã Hòa Phú xem xét nhiều nội dung quan trọng tại Kỳ họp thứ Ba, quyết nghị các giải pháp phát triển 6 tháng cuối năm",https://sqhx-hanoi.mediacdn.vn/91579363132710912/2026/7/2/thong-bao-nq-sap-xep-thon-1782987257991528023477.pdf,2026-06-30,wikipedia-ref,
wiki-10096-3,"Bài tuyên truyền về Đề án sắp xếp, tổ chức lại Thôn trên địa bàn xã Hòa Phú năm 2026",https://hoaphu.hanoi.gov.vn/thong-tin-tuyen-truyen/bai-tuyen-truyen-ve-de-an-sap-xep-to-chuc-lai-thon-tren-dia-ban-xa-hoa-phu-nam-2026-2715260618110247206.htm?gidzl=U06aEh8GBp9y7g0yk0icF7qReJQlNdqxOqsYCQiFVseq5_TW-GP-Q3CVz6ci2YjZOq-XEJFy8Buvjn4hC0,2026-06-18,wikipedia-ref,
wiki-10114-1,"Xã Thanh Oai công bố các Nghị quyết, quyết định về việc sắp xếp thôn, tổ dân phố",https://thanhoai.hanoi.gov.vn/tin-tuc-su-kien/xa-thanh-oai-cong-bo-cac-nghi-quyet-quyet-dinh-ve-viec-sap-xep-thon-tdp-2838260630183104478.htm?gidzl=FuMf1fFHUJexcgq0cSbvE3gSg02Ecdqv9CgX1DYSSZzxpgS5W9mWFoh0yWQ5boHeBS2W0sAQPUKDbj1zE0,2026-06-30,wikipedia-ref,
wiki-10114-2,"Xã Thanh Oai thông qua dự thảo phương án sắp xếp lại các thôn, tổ dân phố trên địa bàn",https://thanhoai.hanoi.gov.vn/tin-tuc-su-kien/xa-thanh-oai-thong-qua-du-thao-phuong-an-sap-xep-lai-cac-thon-to-dan-pho-tren-dia-ban-2838260602172145824.htm?gidzl=wLO3GF9xmLRjIGT6-6F3LkLE1qBcPvHS_1q1JU5Zmmwe6L9Di6QNNgz3Kq-nPv5OfKXGHpaj7FSdzth5L0,2026-06-02,wikipedia-ref,
wiki-10114-3,Nghị quyết số 111/2025/UBTVQH15 ngày 24 tháng 12 năm 2025 của Ủy ban Thường vụ Quốc hội về phân loại đô thị,https://cdn.nhandan.vn/files/f4a4abf7f9a0ba4a91744616546d850872b76917f90d5a74cc9eebef1369fb6f/111.pdf,2026-04-30,wikipedia-ref,
wiki-10126-1,Nghị quyết số 111/2025/UBTVQH15 ngày 24 tháng 12 năm 2025 của Ủy ban Thường vụ Quốc hội về phân loại đô thị,https://cdn.nhandan.vn/files/f4a4abf7f9a0ba4a91744616546d850872b76917f90d5a74cc9eebef1369fb6f/111.pdf,2026-07-12,wikipedia-ref,
wiki-10126-2,Nghị quyết số 1656/NQ-UBTVQH15 ngày 16 tháng 6 năm 2025 của Ủy ban Thường vụ Quốc hội về việc sắp xếp các đơn vị hành chính cấp xã của thành phố Hà Nội năm 2025,https://datafiles.chinhphu.vn/cpp/files/vbpq/2025/6/1656-nq.signed.pdf,2026-06-30,wikipedia-ref,
wiki-10126-3,"Xã Bình Minh: Chính thức đưa các thôn, tổ dân phố mới vào hoạt động từ ngày 01/7/2026",https://binhminh.hanoi.gov.vn/tin-tuc-su-kien/xa-binh-minh-chinh-thuc-dua-cac-thon-to-dan-pho-moi-vao-hoat-dong-tu-ngay-01-7-2026-2761260701145944621.htm?gidzl=O6UhBxCa2Z1aUAyfkJy2C6vrhYQbOGexSoVuTADdN6zq9wfqe6qCR7mfeIIkRG5fSocj8cNbSfGkjYKECW,2026-07-01,wikipedia-ref,
wiki-10144-1,Nghị quyết số 1656/NQ-UBTVQH15 ngày 16 tháng 6 năm 2025 của Ủy ban Thường vụ Quốc hội về việc sắp xếp các đơn vị hành chính cấp xã của thành phố Hà Nội năm 2025,https://datafiles.chinhphu.vn/cpp/files/vbpq/2025/6/1656-nq.signed.pdf,2026-05-13,wikipedia-ref,
wiki-10144-2,Thống nhất đề xuất tên gọi mới sau sáp nhập thôn Rùa Thượng và thôn Từ Am,https://tamhung.hanoi.gov.vn/tin-tuc-su-kien/thong-nhat-de-xuat-ten-goi-moi-sau-sap-nhap-thon-rua-thuong-va-thon-tu-am-2682260623122823114.htm,2026-06-23,wikipedia-ref,
wiki-10144-3,Thông báo số 410/TB-UBND ngày 29 tháng 6 năm 2026 của Ủy ban nhân dân xã Tam Hưng về việc công khai Nghị quyết sắp xếp thôn trên địa bàn xã Tam Hưng,https://sqhx-hanoi.mediacdn.vn/91579363132710912/2026/6/29/tb-410-13thong-bao-cong-khai-nq-sap-xep-thon-17827046575532024059434.pdf,,wikipedia-ref,
wiki-10180-1,Kỳ họp thứ ba Hội đồng nhân dân xã Dân Hòa khóa XXIV: ngày làm việc thứ hai hoàn thành toàn bộ chương trình,https://danhoa.hanoi.gov.vn/tin-tuc-su-kien/ky-hop-thu-ba-hdnd-xa-dan-hoa-khoa-xxiv-ngay-lam-viec-thu-hai-hoan-thanh-toan-bo-chuong-trinh-2765260630193033066.htm?gidzl=Ok2xDOQYZXnc_xypZBgE7MVylJsRx8qHUQgqEStgWXSchh8ubUhG5tUWvpkGuTH0SA2rFcBISm0OWwEA7W,2026-06-30,wikipedia-ref,
wiki-10180-2,Nghị quyết số 1656/NQ-UBTVQH15 ngày 16 tháng 6 năm 2025 của Ủy ban Thường vụ Quốc hội về việc sắp xếp các đơn vị hành chính cấp xã của thành phố Hà Nội năm 2025,https://datafiles.chinhphu.vn/cpp/files/vbpq/2025/6/1656-nq.signed.pdf,2026-06-30,wikipedia-ref,
wiki-10180-3,"Bài tuyên truyền về Đề án sắp xếp, tổ chức lại Thôn trên địa bàn xã Hòa Phú năm 2026",https://danhoa.hanoi.gov.vn/thong-tin-tuyen-truyen/du-thao-phuong-an-sap-xep-thon-to-dan-pho-tren-dia-ban-xa-dan-hoa-2765260615173046462.htm?gidzl=rd7L4DfD4rVIRj4Mq5KJLjDjqnV70n1LpJlQ4v457rEIFzmIoGLDKyCnYH7C3aa4n37R568w3VDstqmNLG,2026-06-18,wikipedia-ref,
wiki-10183-1,"Nghị quyết số 11/NQ-HĐND ngày 31 tháng 7 năm 2025 của Hội đồng nhân dân xã Thường Tín khóa I, Kỳ họp thứ hai về việc chuyển đổi ""Tổ dân phố"" thành ""Thôn"" trên địa bàn xã Thường Tín, thành phố Hà Nội",https://storage-vnportal.vnpt.vn/gov-hni/6995/VanBan/2025/8/13/15.%20NQ%20s%E1%BB%91%2011.pdf,2026-07-03,wikipedia-ref,
wiki-10183-2,"Uỷ ban bầu cử xã Thường Tín công bố danh sách chính thức những người ứng cử đại biểu Hội đồng nhân dân xã Thường Tín khóa II, nhiệm kỳ 2026 – 2031",https://thuongtin.hanoi.gov.vn/bau-cu-dai-bieu-quoc-hoi-khoa-xvi-va-dai-bieu-hoi-dong-nhan-dan-cac-cap/uy-ban-bau-cu-xa-thuong-tin-cong-bo-danh-sach-chinh-thuc-nhung-nguoi-ung-cu-dai-bieu-hoi-dong-nhan-dan-xa-thuong-tin-khoa-ii-nhiem-ky-20262031-2843260227152556643.htm,2026-07-02,wikipedia-ref,
wiki-10183-3,Nghị quyết số 111/2025/UBTVQH15 ngày 24 tháng 12 năm 2025 của Ủy ban Thường vụ Quốc hội về phân loại đô thị,https://cdn.nhandan.vn/files/f4a4abf7f9a0ba4a91744616546d850872b76917f90d5a74cc9eebef1369fb6f/111.pdf,2026-08-14,wikipedia-ref,
wiki-10210-1,"Nghị quyết số 20/NQ-HĐND ngày 29 tháng 6 năm 2026 của Hội đồng nhân dân xã Hồng Vân về việc thành lập, sắp xếp, tổ chức lại thôn trên địa bàn xã Hồng Vân",https://datafiles.hanoi.gov.vn/gov-hni/7166/VanBan/2026/7/3/Ngh%E1%BB%8B%20Quy%E1%BA%BFt%20s%E1%BB%91%2020%20v%E1%BB%81%20s%E1%BA%AFp%20x%E1%BA%BFp%20Th%C3%B4n_1.pdf,2026-07-19,wikipedia-ref,
wiki-10210-2,"Quyết định số 9/QĐ-UBND ngày 22 tháng 2 năm 2026 của Ủy ban bầu cử xã Hồng Vân về việc Công bố Danh sách những người ứng cử đại biểu Hội đồng nhân dân xã Hồng Vân, nhiệm kỳ 2026 – 2031 theo từng đơn vị bầu cử",https://datafiles.hanoi.gov.vn/gov-hni/7166/VanBan/2026/2/24/Q%C4%90%20-%20C%C3%B4ng%20b%E1%BB%91%20danh%20s%C3%A1ch%20ch%C3%ADnh%20th%E1%BB%A9c%20nh%E1%BB%AFng%20ng%C6%B0%E1%BB%9Di%20%E1%BB%A9ng%20c%E1%BB%AD-trang.pdf,,wikipedia-ref,
wiki-10210-3,Nghị quyết số 1656/NQ-UBTVQH15 ngày 16 tháng 6 năm 2025 của Ủy ban Thường vụ Quốc hội về việc sắp xếp các đơn vị hành chính cấp xã của thành phố Hà Nội năm 2025,https://datafiles.chinhphu.vn/cpp/files/vbpq/2025/6/1656-nq.signed.pdf,2026-05-13,wikipedia-ref,
wiki-10231-1,Kỳ họp thứ Hai Hội đồng nhân dân xã khóa II thông qua nhiều Nghị quyết quan trọng,https://thuongphuc.hanoi.gov.vn/tin-tuc-su-kien/ky-hop-thu-hai-hdnd-xa-khoa-ii-thong-qua-nhieu-nghi-quyet-quan-trong-2841260628002916646.htm?gidzl=UYHiAXwZ41P-EsWi5ByO6NymPoK3u1aVQMGpT0-nIHXiPJTmMEH8IsjgOt4DxabEFMymSs9IjaaD6w8K50,2026-06-28,wikipedia-ref,
wiki-10231-2,"Ủy ban bầu cử xã Thượng Phúc công bố danh sách chính thức những người ứng cử đại biểu Hội đồng nhân dân xã khoá II, nhiệm kỳ 2026 – 2031 theo từng đơn vị bầu cử trên địa bàn xã",https://thuongphuc.hanoi.gov.vn/tin-tuc-su-kien/uy-ban-bau-cu-xa-thuong-phuc-cong-bo-danh-sach-chinh-thuc-nhung-nguoi-ung-cu-dai-bieu-hdnd-xa-khoa-ii-nhiem-ky-2026-2031-theo-tung-don-vi-bau-cu-tren-dia-ban-xa-2841260225190818303.htm,2026-03-03,wikipedia-ref,
wiki-10231-3,Nghị quyết số 1656/NQ-UBTVQH15 ngày 16 tháng 6 năm 2025 của Ủy ban Thường vụ Quốc hội về việc sắp xếp các đơn vị hành chính cấp xã của thành phố Hà Nội năm 2025,https://datafiles.chinhphu.vn/cpp/files/vbpq/2025/6/1656-nq.signed.pdf,2026-05-13,wikipedia-ref,
wiki-10237-1,"Hội đồng nhân dân xã Chương Dương tổ chức thành công kỳ họp thứ Hai Hội đồng nhân dân xã khóa XXIII, nhiệm kỳ 2026 – 2031",https://chuongduong.hanoi.gov.vn/tin-tuc-cua-hdnd/hdnd-xa-chuong-duong-to-chuc-thanh-cong-ky-hop-thu-hai-hdnd-xa-khoa-xxiii-nhiem-ky-2026-2031-2799260629103937026.htm,2026-06-29,wikipedia-ref,
wiki-10237-2,"Quyết định số 2/QĐ-UBBC ngày 22 tháng 12 năm 2025 của Ủy ban bầu cử xã Chương Dương về việc ấn định số đơn vị bầu cử, danh sách các đơn vị bầu cử và số lượng đại biểu được bầu ở mỗi đơn vị bầu cử đại biểu Hội đồng nhân dân xã Chương Dương nhiệm kỳ 2026 – 2031",https://datafiles.hanoi.gov.vn/gov-hni/6999/VanBan/2025/12/22/Q%C4%90%20s%E1%BB%91%2002.pdf,2026-07-02,wikipedia-ref,
wiki-10237-3,Nghị quyết số 1656/NQ-UBTVQH15 ngày 16 tháng 6 năm 2025 của Ủy ban Thường vụ Quốc hội về việc sắp xếp các đơn vị hành chính cấp xã của thành phố Hà Nội năm 2025,https://datafiles.chinhphu.vn/cpp/files/vbpq/2025/6/1656-nq.signed.pdf,2026-06-30,wikipedia-ref,
wiki-10273-1,Danh sách chính thức những người ứng cử đại biểu Hội đồng nhân dân xã Phú Xuyên nhiệm kỳ 2026 – 2031,https://phuxuyen.hanoi.gov.vn/bau-cu-dai-bieu-hdnd-nhiem-ky-2026-2031/danh-sach-chinh-thuc-nhung-nguoi-ung-cu-dai-bieu-hoi-dong-nhan-dan-xa-phu-xuyen-nhiem-ky-2026-2031-2656260228234951782.htm,2026-06-30,wikipedia-ref,
wiki-10273-2,Nghị quyết số 111/2025/UBTVQH15 ngày 24 tháng 12 năm 2025 của Ủy ban Thường vụ Quốc hội về phân loại đô thị,https://cdn.nhandan.vn/files/f4a4abf7f9a0ba4a91744616546d850872b76917f90d5a74cc9eebef1369fb6f/111.pdf,2026-04-30,wikipedia-ref,
wiki-10273-3,Nghị quyết số 1656/NQ-UBTVQH15 ngày 16 tháng 6 năm 2025 của Ủy ban Thường vụ Quốc hội về việc sắp xếp các đơn vị hành chính cấp xã của thành phố Hà Nội năm 2025,https://datafiles.chinhphu.vn/cpp/files/vbpq/2025/6/1656-nq.signed.pdf,2026-05-13,wikipedia-ref,
wiki-10279-1,"Ủy ban bầu cử xã Phượng Dực công bố danh sách chính thức những người ứng cử đại biểu Hội đồng nhân dân xã Phượng Dực khóa II, nhiệm kỳ 2026 – 2031",https://phuongduc.hanoi.gov.vn/hoi-dong-nhan-dan/uy-ban-bau-cu-xa-phuong-duc-cong-bo-danh-sach-chinh-thuc-nhung-nguoi-ung-cu-dai-bieu-hdnd-xa-phuong-duc-khoa-ii-nhiem-ky-2026-2031-268726022514381062.htm,2026-07-01,wikipedia-ref,
wiki-10279-2,Nghị quyết số 1656/NQ-UBTVQH15 ngày 16 tháng 6 năm 2025 của Ủy ban Thường vụ Quốc hội về việc sắp xếp các đơn vị hành chính cấp xã của thành phố Hà Nội năm 2025,https://datafiles.chinhphu.vn/cpp/files/vbpq/2025/6/1656-nq.signed.pdf,2026-05-13,wikipedia-ref,
wiki-10279-3,Xã Phượng Dực: Định hình 19 danh xưng thôn mới sau hành trình sắp xếp,https://phuongduc.hanoi.gov.vn/hoat-dong-thon-va-cac-don-vi-hiep-quan/xa-phuong-duc-dinh-hinh-19-danh-xung-thon-moi-sau-hanh-trinh-sap-xep-2687260701151258759.htm,2026-07-01,wikipedia-ref,
wiki-10330-1,"Ngày làm việc thứ hai Hội đồng nhân dân xã Chuyên Mỹ khóa XXIII, nhiệm kỳ 2026 – 2031",https://chuyenmy.hanoi.gov.vn/tin-tuc-su-kien/ngay-lam-viec-thu-hai-hdnd-xa-chuyen-my-khoa-xxiii-nhiem-ky-2026-2031-2701260629084404759.htm,2026-06-29,wikipedia-ref,
wiki-10330-2,"Uỷ ban Bầu cử xã Chuyên Mỹ công bố danh sách chính thức người ứng cử Đại biểu Hội đồng nhân dân xã Chuyên Mỹ, nhiệm kỳ 2026 – 2031",https://chuyenmy.hanoi.gov.vn/tin-tuc-su-kien/uy-ban-bau-cu-xa-chuyen-my-cong-bo-danh-sach-chinh-thuc-nguoi-ung-cu-dai-bieu-hdnd-xa-chuyen-my-nhiem-ky-2026-2031-2701260227151805247.htm,2026-02-27,wikipedia-ref,
wiki-10330-3,"Hội đồng nhân dân xã Chuyên Mỹ khoá XXII, nhiệm kỳ 2021 – 2026 tổ chức kỳ họp thứ hai (Kỳ họp chuyên đề)",https://chuyenmy.hanoi.gov.vn/tin-tuc-su-kien/hdnd-xa-chuyen-my-khoa-xxii-nhiem-ky-2021-2026-to-chuc-ky-hop-thu-hai-ky-hop-chuyen-de-270125090815385335.htm,2025-09-08,wikipedia-ref,
wiki-10342-1,"Quyết định số 6/QĐ-UBBC ngày 18 tháng 12 năm 2025 của Ủy ban bầu cử xã Đại Xuyên về việc ấn định số đơn vị bầu cử, danh sách các đơn vị bầu cử và số lượng đại biểu được bầu ở mỗi đơn vị bầu cử đại biểu Hội đồng nhân dân xã Đại Xuyên nhiệm kỳ 2026 - 2031",https://datafiles.hanoi.gov.vn/gov-hni/7006/VanBan/2026/1/13/Q%C4%90%20C%C3%94NG%20BO%20CAC%20DON%20VI%20BC%20X%C3%83%20%C4%90%E1%BA%A0I%20XUY%C3%8AN%20(1).pdf,2026-07-02,wikipedia-ref,
wiki-10342-2,Nghị quyết số 1656/NQ-UBTVQH15 ngày 16 tháng 6 năm 2025 của Ủy ban Thường vụ Quốc hội về việc sắp xếp các đơn vị hành chính cấp xã của thành phố Hà Nội năm 2025,https://datafiles.chinhphu.vn/cpp/files/vbpq/2025/6/1656-nq.signed.pdf,2026-06-30,wikipedia-ref,
wiki-10342-3,"Xã Đại Xuyên chính thức có 23 thôn sau khi sắp xếp, tổ chức lại",https://daixuyen.hanoi.gov.vn/thong-tin-tuyen-truyen/xa-dai-xuyen-chinh-thuc-co-23-thon-sau-khi-sap-xep-to-chuc-lai-2699260706101554813.htm?gidzl=x5Fo7Gm1h7_eJFOR1XkkSET1zXCV5QLt-qUg4Hz5ztRx4FX164UX9Vz5-KHF5QSce4JuH6BMOsjJ2G2eVG,2026-07-07,wikipedia-ref,
wiki-10354-1,Hội đồng nhân dân xã Vân Đình quyết nghị nhiều nội dung quan trọng tại kỳ họp thường lệ giữa năm,https://vandinh.hanoi.gov.vn/tin-tuc-su-kien/hdnd-xa-van-dinh-quyet-nghi-nhieu-noi-dung-quan-trong-tai-ky-hop-thuong-le-giua-nam-2726260630140702371.htm,2026-06-30,wikipedia-ref,
wiki-10354-2,"Danh sách chính thức những người ứng cử đại biểu Hội đồng nhân dân xã Vân Đình khóa II, nhiệm kỳ 2026 – 2031",https://vandinh.hanoi.gov.vn/tin-tuc-su-kien/danh-sach-chinh-thuc-nhung-nguoi-ung-cu-dai-bieu-hoi-dong-nhan-dan-xa-van-dinh-khoa-ii-nhiem-ky-2026-2031-2726260225092404685.htm,2026-02-25,wikipedia-ref,
wiki-10354-3,Nghị quyết số 111/2025/UBTVQH15 ngày 24 tháng 12 năm 2025 của Ủy ban Thường vụ Quốc hội về phân loại đô thị,https://cdn.nhandan.vn/files/f4a4abf7f9a0ba4a91744616546d850872b76917f90d5a74cc9eebef1369fb6f/111.pdf,2026-07-12,wikipedia-ref,
wiki-10369-1,Nghị quyết số 12/NQ-HĐND ngày 25 tháng 6 năm 2026 của Hội đồng nhân dân xã Ứng Thiên về việc sắp xếp thôn trên địa bàn xã Ứng Thiên,https://sqhx-hanoi.mediacdn.vn/91579363132710912/2026/6/26/document-3-1782473778120970168990.pdf,2026-08-01,wikipedia-ref,
wiki-10369-2,Nghị quyết số 1656/NQ-UBTVQH15 ngày 16 tháng 6 năm 2025 của Ủy ban Thường vụ Quốc hội về việc sắp xếp các đơn vị hành chính cấp xã của thành phố Hà Nội năm 2025,https://datafiles.chinhphu.vn/cpp/files/vbpq/2025/6/1656-nq.signed.pdf,2026-06-30,wikipedia-ref,
wiki-10369-3,"Nghị quyết số 203/2025/QH15 ngày 16 tháng 6 năm 2025 của Quốc hội khóa XV, Kỳ họp thứ 9 về việc sửa đổi, bổ sung một số điều của Hiến pháp nước Cộng hòa xã hội chủ nghĩa Việt Nam",https://datafiles.chinhphu.vn/cpp/files/vbpq/2025/6/nq-sua-doi-hien-phap.pdf,2026-06-13,wikipedia-ref,
wiki-10402-1,"Ứng Hòa triển khai đề án, kế hoạch sắp xếp thôn và hướng dẫn lấy phiếu ý kiến nhân dân trên địa bàn xã",https://unghoa.hanoi.gov.vn/dang-uy-hdnd-ubnd/ung-hoa-trien-khai-de-an-ke-hoach-sap-xep-thon-va-huong-dan-lay-phieu-y-kien-nhan-dan-tren-dia-ban-xa-279626061118294934.htm?gidzl=pTjU8SU5MKt9n5edpPvTJCR0MIVKdrr2ZP5RUe3AM4AAn5nvWvDM4ukTLtpMb5CJsC9GB6OyRp9TmeHTJm,2026-06-11,wikipedia-ref,
wiki-10402-2,"Danh sách chính thức những người ứng cử đại biểu Hội đồng nhân dân xã Ứng Hòa khóa II, nhiệm kỳ 2026 – 2031",https://unghoa.hanoi.gov.vn/bau-cu-db-quoc-hoi-hdnd-cac-cap/danh-sach-chinh-thuc-nhung-nguoi-ung-cu-dai-bieu-hdnd-xa-ung-hoa-khoa-ii-nhiem-ky-20262031-2796260225213711308.htm,2026-02-25,wikipedia-ref,
wiki-10402-3,Nghị quyết số 1656/NQ-UBTVQH15 ngày 16 tháng 6 năm 2025 của Ủy ban Thường vụ Quốc hội về việc sắp xếp các đơn vị hành chính cấp xã của thành phố Hà Nội năm 2025,https://datafiles.chinhphu.vn/cpp/files/vbpq/2025/6/1656-nq.signed.pdf,2026-06-30,wikipedia-ref,
wiki-10417-1,"Hội đồng nhân dân xã Hòa Xá thông qua Nghị quyết sắp xếp thôn, tạo nền tảng kiện toàn tổ chức ở cơ sở",https://thanhuyhanoi.vn/tin-tuc/xa-hoa-xa/hdnd-xa-hoa-xa-thong-qua-nghi-quyet-sap-xep-thon-tao-nen-tang-kien-toan-to-chuc-o-co-so-50047077.html,2026-06-25,wikipedia-ref,
wiki-10417-2,"Ủy ban bầu cử xã Hòa Xá công bố danh sách chính thức những người ứng cử đại biểu Hội đồng nhân dân xã Hòa Xá khóa II, nhiệm kỳ 2026 – 2031 tại 6 đơn vị bầu cử trên địa bàn xã",https://hoaxa.hanoi.gov.vn/chi-dao-dieu-hanh/uy-ban-bau-cu-xa-hoa-xa-cong-bo-danh-sach-chinh-thuc-nhung-nguoi-ung-cu-dai-bieu-hoi-dong-nhan-dan-xa-hoa-xa-khoa-ii-nhiem-ky-2026-2031-tai-6-don-vi-bau-cu-tren-dia-ban-xa-2716260226133740888.htm?gidzl=YxRW0u7zAJsFgUG5Y-OjF8Ugw0QLu28npFlgMy6r9p7BhkrOmkmfOChtvbsNwonWcQZX3MOyUlmFXFmjFm,2026-02-24,wikipedia-ref,
wiki-10417-3,Nghị quyết số 1656/NQ-UBTVQH15 ngày 16 tháng 6 năm 2025 của Ủy ban Thường vụ Quốc hội về việc sắp xếp các đơn vị hành chính cấp xã của thành phố Hà Nội năm 2025,https://datafiles.chinhphu.vn/cpp/files/vbpq/2025/6/1656-nq.signed.pdf,2026-06-30,wikipedia-ref,
wiki-10441-1,"Kỳ họp Hội đồng nhân dân xã Mỹ Đức thông qua nhiều nghị quyết quan trọng, định hướng phát triển kinh tế – xã hội năm 2025",https://thanhuyhanoi.vn/tin-tuc/xa-my-duc/ky-hop-hdnd-xa-my-duc-thong-qua-nhieu-nghi-quyet-quan-trong-dinh-huong-phat-trien-kinh-texa-hoi-nam-2025-50024270.html,2025-07-18,wikipedia-ref,
wiki-10441-2,Nghị quyết số 111/2025/UBTVQH15 ngày 24 tháng 12 năm 2025 của Ủy ban Thường vụ Quốc hội về phân loại đô thị,https://cdn.nhandan.vn/files/f4a4abf7f9a0ba4a91744616546d850872b76917f90d5a74cc9eebef1369fb6f/111.pdf,2026-04-30,wikipedia-ref,
wiki-10441-3,Nghị quyết số 1656/NQ-UBTVQH15 ngày 16 tháng 6 năm 2025 của Ủy ban Thường vụ Quốc hội về việc sắp xếp các đơn vị hành chính cấp xã của thành phố Hà Nội năm 2025,https://datafiles.chinhphu.vn/cpp/files/vbpq/2025/6/1656-nq.signed.pdf,2026-05-13,wikipedia-ref,
wiki-10459-1,Trân trọng giới thiệu danh sách và tiểu sử tóm tắt của những ông/bà ứng cử đại biểu Hội đồng nhân dân xã Phú Sơn khóa II nhiệm kỳ 2026 – 2031,https://phucson.hanoi.gov.vn/thong-tin-da-phuong-tien/tran-trong-gioi-thieu-danh-sach-va-tieu-su-tom-tat-cua-nhung-ong-ba-ung-cu-dai-bieu-hdnd-xa-phuc-son-khoa-ii-nhiem-ky-2026-2031-2729260305091132916.htm,2026-03-05,wikipedia-ref,
wiki-10459-2,Nghị quyết số 1656/NQ-UBTVQH15 ngày 16 tháng 6 năm 2025 của Ủy ban Thường vụ Quốc hội về việc sắp xếp các đơn vị hành chính cấp xã của thành phố Hà Nội năm 2025,https://datafiles.chinhphu.vn/cpp/files/vbpq/2025/6/1656-nq.signed.pdf,2026-05-13,wikipedia-ref,
wiki-10459-3,"Công bố danh sách các thôn sau thành lập, sắp xếp, tổ chức lại trên địa bàn xã Phúc Sơn",https://phucson.hanoi.gov.vn/thong-tin-da-phuong-tien/thong-bao-2729260702112007874.htm,2026-07-02,wikipedia-ref,
wiki-10465-1,"Hồng Sơn công bố Nghị quyết về sắp xếp, tổ chức lại thôn và kiện toàn tổ chức, cán bộ thôn, chi bộ sau sắp xếp",https://hongson.hanoi.gov.vn/tin-tuc-su-kien/hong-son-cong-bo-nghi-quyet-ve-sap-xep-to-chuc-lai-thon-va-kien-toan-to-chuc-can-bo-thon-chi-bo-sau-sap-xep-270726063016061308.htm?gidzl=gaBSE9L1cqEkNTW-drgTHQTVtJQ02PvDi0tQOOqDdKdd2DaxY0tD4kK7ZplPKSH0wLk5QJO9Cd9Aa42VGG,2026-06-30,wikipedia-ref,
wiki-10465-2,Nghị quyết số 1656/NQ-UBTVQH15 ngày 16 tháng 6 năm 2025 của Ủy ban Thường vụ Quốc hội về việc sắp xếp các đơn vị hành chính cấp xã của thành phố Hà Nội năm 2025,https://datafiles.chinhphu.vn/cpp/files/vbpq/2025/6/1656-nq.signed.pdf,2026-06-30,wikipedia-ref,
wiki-10465-3,Xã Hồng Sơn tổ chức Hội nghị xin ý kiến phương án sắp xếp thôn trên địa bàn xã,https://hongson.hanoi.gov.vn/chi-dao-cua-dia-phuong/xa-hong-son-to-chuc-hoi-nghi-xin-y-kien-phuong-an-sap-xep-thon-tren-dia-ban-xa-2707260608165951448.htm?gidzl=A-VMV6i7Jd4l-D9wOHn8ToRwrtv-JqjpCQZGANDBI7TchTDpTaiOB6IYXNCd5n5-QFwF8JPsqQqyRWPASm,2026-06-08,wikipedia-ref,
wiki-10489-1,"Kỳ họp thứ 3 Hội đồng nhân dân xã Hương Sơn khóa XXI: Xem xét, quyết định nhiều nội dung quan trọng",https://huongson.hanoi.gov.vn/tin-tuc-su-kien/ky-hop-thu-3-hdnd-xa-huong-son-khoa-xxi-xem-xet-quyet-dinh-nhieu-noi-dung-quan-trong-2711260629171045062.htm,2026-06-29,wikipedia-ref,
wiki-10489-2,Nghị quyết số 1656/NQ-UBTVQH15 ngày 16 tháng 6 năm 2025 của Ủy ban Thường vụ Quốc hội về việc sắp xếp các đơn vị hành chính cấp xã của thành phố Hà Nội năm 2025,https://datafiles.chinhphu.vn/cpp/files/vbpq/2025/6/1656-nq.signed.pdf,2026-06-30,wikipedia-ref,
wiki-10489-3,Đề án sắp xếp thôn trên địa bàn xã Hương Sơn,https://huongson.hanoi.gov.vn/tin-tuc-su-kien/de-an-sap-xep-thon-tren-dia-ban-xa-huong-son-27112606150822395.htm,2026-06-12,wikipedia-ref,
wiki-04792-1,"Nghị quyết số 830/NQ-UBTVQH14 về việc sắp xếp các đơn vị hành chính cấp huyện, cấp xã thuộc tỉnh Hòa Bình.",https://congbao.chinhphu.vn/van-ban/nghi-quyet-so-830-nq-ubtvqh14-30318.htm,2026-08-29,wikipedia-ref,
wiki-04792-2,TOÀN VĂN: Nghị quyết số 202/2025/QH15 về sắp xếp đơn vị hành chính cấp tỉnh,https://xaydungchinhsach.chinhphu.vn/toan-van-nghi-quyet-so-202-2025-qh15-ve-sap-xep-don-vi-hanh-chinh-cap-tinh-119250612174148722.htm,2025-07-16,wikipedia-ref,
wiki-04792-3,"NGHỊ QUYẾT 203/2025/QH15 SỬA ĐỔI, BỔ SUNG MỘT SỐ ĐIỀU CỦA HIẾN PHÁP NƯỚC CỘNG HÒA XÃ HỘI CHỦ NGHĨA VIỆT NAM",https://xaydungchinhsach.chinhphu.vn/nghi-quyet-203-2025-qh15-sua-doi-bo-sung-mot-so-dieu-cua-hien-phap-nuoc-cong-hoa-xa-hoi-chu-nghia-viet-nam-119250616181735552.htm,2025-06-28,wikipedia-ref,
wiki-04795-1,TOÀN VĂN: Nghị quyết số 202/2025/QH15 về sắp xếp đơn vị hành chính cấp tỉnh,https://xaydungchinhsach.chinhphu.vn/toan-van-nghi-quyet-so-202-2025-qh15-ve-sap-xep-don-vi-hanh-chinh-cap-tinh-119250612174148722.htm,2025-07-16,wikipedia-ref,
wiki-04795-2,"NGHỊ QUYẾT 203/2025/QH15 SỬA ĐỔI, BỔ SUNG MỘT SỐ ĐIỀU CỦA HIẾN PHÁP NƯỚC CỘNG HÒA XÃ HỘI CHỦ NGHĨA VIỆT NAM",https://xaydungchinhsach.chinhphu.vn/nghi-quyet-203-2025-qh15-sua-doi-bo-sung-mot-so-dieu-cua-hien-phap-nuoc-cong-hoa-xa-hoi-chu-nghia-viet-nam-119250616181735552.htm,2025-06-28,wikipedia-ref,
wiki-04795-3,Nghị quyết số 1676/NQ-UBTVQH15 sắp xếp các ĐVHC cấp xã của tỉnh Phú Thọ năm 2025,https://xaydungchinhsach.chinhphu.vn/toan-van-nghi-quyet-so-1676-nq-ubtvqh15-sap-xep-cac-dvhc-cap-xa-cua-tinh-phu-tho-nam-2025-119250616204317326.htm,2025-06-20,wikipedia-ref,
wiki-04846-1,"Nghị quyết số 1/NQ-UBBC về việc công bố danh sách những người ứng cử đại biểu Hội đồng nhân dân xã Đức Nhàn, nhiệm kỳ 2026 - 2031 theo từng đơn vị bầu cử",https://web.facebook.com/story.php?story_fbid=122125334061085489&id=61582564671857&rdid=Kb9I1qgxrgvMyq2b#,2026-02-14,wikipedia-ref,
wiki-04846-2,"Danh sách Thôn vùng đồng bào dân tộc thiểu số và miền núi, thôn đặc biệt khó khăn giai đoạn 2026 - 2030 trên địa bàn tỉnh Phú Thọ",http://files.ubdt.gov.vn/files/ecm/source_files/2026/02/05/11252411_4.%20Ph%C3%BA%20Th%E1%BB%8D%201%20(th%C3%B4n).signed_26-02-05.pdf,2026-01-29,wikipedia-ref,
wiki-04846-3,,https://thuvienphapluat.vn/van-ban/bo-may-hanh-chinh/Nghi-quyet-830-NQ-UBTVQH14-2019-sap-xep-don-vi-hanh-chinh-cap-huyen-xa-thuoc-tinh-Hoa-Binh-432100.aspx,,wikipedia-ref,
wiki-04849-1,"Danh sách Thôn vùng đồng bào dân tộc thiểu số và miền núi, thôn đặc biệt khó khăn giai đoạn 2026 - 2030 trên địa bàn tỉnh Phú Thọ",http://files.ubdt.gov.vn/files/ecm/source_files/2026/02/05/11252411_4.%20Ph%C3%BA%20Th%E1%BB%8D%201%20(th%C3%B4n).signed_26-02-05.pdf,2026-01-29,wikipedia-ref,
wiki-04849-2,Xã Tân Pheo công bố danh sách chính thức những người ứng cử đại biểu Hội đồng nhân dân xã nhiệm kỳ 2026 - 2031,https://web.facebook.com/story.php?story_fbid=122165011568940837&id=61578225115193&rdid=Ey0cThCvenjClOg6#,2026-03-02,wikipedia-ref,
wiki-04849-3,"NGHỊ QUYẾT 203/2025/QH15 SỬA ĐỔI, BỔ SUNG MỘT SỐ ĐIỀU CỦA HIẾN PHÁP NƯỚC CỘNG HÒA XÃ HỘI CHỦ NGHĨA VIỆT NAM",https://xaydungchinhsach.chinhphu.vn/nghi-quyet-203-2025-qh15-sua-doi-bo-sung-mot-so-dieu-cua-hien-phap-nuoc-cong-hoa-xa-hoi-chu-nghia-viet-nam-119250616181735552.htm,2025-06-28,wikipedia-ref,
wiki-04873-1,"Danh sách Thôn vùng đồng bào dân tộc thiểu số và miền núi, thôn đặc biệt khó khăn giai đoạn 2026 - 2030 trên địa bàn tỉnh Phú Thọ",http://files.ubdt.gov.vn/files/ecm/source_files/2026/02/05/11252411_4.%20Ph%C3%BA%20Th%E1%BB%8D%201%20(th%C3%B4n).signed_26-02-05.pdf,2026-01-29,wikipedia-ref,
wiki-04873-2,"NGHỊ QUYẾT 203/2025/QH15 SỬA ĐỔI, BỔ SUNG MỘT SỐ ĐIỀU CỦA HIẾN PHÁP NƯỚC CỘNG HÒA XÃ HỘI CHỦ NGHĨA VIỆT NAM",https://xaydungchinhsach.chinhphu.vn/nghi-quyet-203-2025-qh15-sua-doi-bo-sung-mot-so-dieu-cua-hien-phap-nuoc-cong-hoa-xa-hoi-chu-nghia-viet-nam-119250616181735552.htm,2025-06-28,wikipedia-ref,
wiki-04873-3,,https://quochoi.vn/tintuc/Pages/tin-hoat-dong-cua-quoc-hoi.aspx?ItemID=94532,2025-06-12,wikipedia-ref,
wiki-04876-1,"Nghị quyết số 3/NQ-UBBC về việc công bố kết quả bầu cử và danh sách những người trúng cử đại biểu Hội đồng nhân dân xã Cao Sơn khóa XXI, nhiệm kỳ 2026 - 2031",https://caoson.phutho.gov.vn/index.php/tin-t-c-s-ki-n/tin-n-i-b-t/713-ca-ng-ba-ka-t-qua-ba-u-ca-va-danh-sa-ch-nha-ng-ng-a-i-tra-ng-ca-a-i-bia-u-ha-i-a-ng-nha-n-da-n-xai-cao-s-n-nhia-m-ka-2026-2031.html,2026-03-20,wikipedia-ref,
wiki-04876-2,"Danh sách Thôn vùng đồng bào dân tộc thiểu số và miền núi, thôn đặc biệt khó khăn giai đoạn 2026 - 2030 trên địa bàn tỉnh Phú Thọ",http://files.ubdt.gov.vn/files/ecm/source_files/2026/02/05/11252411_4.%20Ph%C3%BA%20Th%E1%BB%8D%201%20(th%C3%B4n).signed_26-02-05.pdf,2026-01-29,wikipedia-ref,
wiki-04876-3,"NGHỊ QUYẾT 203/2025/QH15 SỬA ĐỔI, BỔ SUNG MỘT SỐ ĐIỀU CỦA HIẾN PHÁP NƯỚC CỘNG HÒA XÃ HỘI CHỦ NGHĨA VIỆT NAM",https://xaydungchinhsach.chinhphu.vn/nghi-quyet-203-2025-qh15-sua-doi-bo-sung-mot-so-dieu-cua-hien-phap-nuoc-cong-hoa-xa-hoi-chu-nghia-viet-nam-119250616181735552.htm,2025-06-28,wikipedia-ref,
wiki-04891-1,"Nghị quyết số 3/NQ-UBBC về việc công bố kết quả bầu cử và danh sách những người trúng cử đại biểu Hội đồng nhân dân xã Tiền Phong khóa XXI, nhiệm kỳ 2026 - 2031",https://tienphong.phutho.gov.vn/index.php/finish/3-v-n-ba-n-ca-a-n-va/198-nghii-quya-i-t-ca-ng-ba-i-ka-i-t-quai-ba-i-u-c-i-vai-danh-sai-ch-nh-i-ng-ng-i-i-trui-ng-c-i-ai-i-bia-i-u-h-nd-xai-tia-i-n-phong-khoai-xxi-nhia-i-m-kyi-2026-2031/0,2026-03-18,wikipedia-ref,
wiki-04891-2,"Nghị Quyết về việc Sắp xếp, đặt tên, đổi tên thôn trên địa bàn xã Tiền Phong",https://tienphong.phutho.gov.vn/index.php/tin-t-c-s-ki-n/753-nghi-quyet-ve-viec-sap-xep-dat-ten-doi-ten-thon-tren-dia-ban-xa-tien-phong,,wikipedia-ref,
wiki-04891-3,"Danh sách Thôn vùng đồng bào dân tộc thiểu số và miền núi, thôn đặc biệt khó khăn giai đoạn 2026 - 2030 trên địa bàn tỉnh Phú Thọ",http://files.ubdt.gov.vn/files/ecm/source_files/2026/02/05/11252411_4.%20Ph%C3%BA%20Th%E1%BB%8D%201%20(th%C3%B4n).signed_26-02-05.pdf,2026-01-29,wikipedia-ref,
wiki-04894-1,"Danh sách Thôn vùng đồng bào dân tộc thiểu số và miền núi, thôn đặc biệt khó khăn giai đoạn 2026 - 2030 trên địa bàn tỉnh Phú Thọ",http://files.ubdt.gov.vn/files/ecm/source_files/2026/02/05/11252411_4.%20Ph%C3%BA%20Th%E1%BB%8D%201%20(th%C3%B4n).signed_26-02-05.pdf,2026-01-29,wikipedia-ref,
wiki-04894-2,Báo cáo Tình hình và kết quả sơ bộ cuộc bầu cử đại biểu Quốc hội khóa XVI và đại biểu Hội đồng nhân dân các cấp nhiệm kỳ 2026 - 2031,https://web.facebook.com/story.php?story_fbid=122124048411078930&id=61582367901387&rdid=2MaSqG8vov4bJ5z3#,2026-03-18,wikipedia-ref,
wiki-04894-3,,https://thuvienphapluat.vn/van-ban/bo-may-hanh-chinh/Nghi-quyet-830-NQ-UBTVQH14-2019-sap-xep-don-vi-hanh-chinh-cap-huyen-xa-thuoc-tinh-Hoa-Binh-432100.aspx,,wikipedia-ref,
wiki-04897-1,Quyết định số 37/QĐ-UBND về việc phân chia khu vực bỏ phiếu bầu cử đại biểu Quốc hội khóa XVI và đại biểu Hội đồng nhân dân các cấp nhiệm kỳ 2026 - 2031 xã Thịnh Minh,https://thinhminh-api.phutho.gov.vn/Uploads/Documents/1318/2026/01/29/Q%C4%90%2037-%20UBND%20ph%C3%A2n%20chia%20khu%20v%E1%BB%B1c%20b%E1%BB%8F%20phi%E1%BA%BFu.pdf,2026-01-16,wikipedia-ref,
wiki-04897-2,"Nghị quyết số 31/NQ-CP của Chính phủ: Về việc điều chỉnh địa giới hành chính một số huyện và thành phố Hòa Bình, tỉnh Hòa Bình",http://vanban.chinhphu.vn/default.aspx?pageid=27160&docid=91258,2026-07-17,wikipedia-ref,
wiki-04897-3,"Danh sách Thôn vùng đồng bào dân tộc thiểu số và miền núi, thôn đặc biệt khó khăn giai đoạn 2026 - 2030 trên địa bàn tỉnh Phú Thọ",http://files.ubdt.gov.vn/files/ecm/source_files/2026/02/05/11252411_4.%20Ph%C3%BA%20Th%E1%BB%8D%201%20(th%C3%B4n).signed_26-02-05.pdf,2026-01-29,wikipedia-ref,
wiki-04924-1,Nghị quyết số 2/NQ-UBBC về việc công bố danh sách các ứng cử viên Hội đồng nhân dân xã Lương Sơn nhiệm kỳ 2026 - 2031 theo từng đơn vị bầu cử,https://luongson.phutho.gov.vn/images/Nghi%CC%A3_quye%CC%82%CC%81t_co%CC%82ng_bo%CC%82%CC%81_danh_sa%CC%81ch_u%CC%9B%CC%81ng_cu%CC%9B%CC%89_vie%CC%82n_H%C4%90ND_xa%CC%83.pdf,2026-02-24,wikipedia-ref,
wiki-04924-2,"Nghị quyết số 830/NQ-UBTVQH14 của ỦY BAN THƯỜNG VỤ QUỐC HỘI: Về việc sắp xếp các đơn vị hành chính cấp huyện, cấp xã thuộc tỉnh Hòa Bình",https://vanban.chinhphu.vn/default.aspx?pageid=27160&docid=198695,2026-07-23,wikipedia-ref,
wiki-04924-3,Nghị quyết số 111/2025/UBTVQH15 về phân loại đô thị,https://xaydungchinhsach.chinhphu.vn/nghi-quyet-so-111-2025-ubtvqh15-ve-phan-loai-do-thi-119260101170432239.htm,2026-01-21,wikipedia-ref,
danviet-04924,Sáp nhập thôn — Báo Dân Việt,https://danviet.vn/sap-nhap-thon-moi-nhat-o-phu-tho-xa-luong-son-dia-phan-tinh-hoa-binh-cu-chi-dinh-chuc-danh-can-bo-23-thon-moi-d1447103.html,2026,bao,
wiki-04960-1,"Nghị quyết số 1/NQ-UBBC về việc ấn định và công bố số đơn vị bầu cử, danh sách các đơn vị bầu cử và số lượng đại biểu được bầu ở mỗi đơn vị bầu cử đại biểu Hội đồng nhân dân xã Liên Sơn nhiệm kỳ 2026 - 2031",https://lienson.phutho.gov.vn/index.php/2013-12-13-01-52-02/v-n-ba-n-ca-a-huya-n/send/6-v-n-ba-n-ca-a-xa/409-nq-va-via-c-a-n-a-nh-va-ca-ng-ba-sa-n-va-ba-u-ca-danh-sa-ch-ca-c-n-va-ba-u-ca-va-sa-l-a-ng-a-i-bia-u-a-c-ba-u-a-ma-i-n-va-ba-u-ca-a-i-bia-u-h-nd-xa-lia-n-s-n-nhia-m-ka-2026-2031.html,2025-12-24,wikipedia-ref,
wiki-04960-2,"Danh sách Thôn vùng đồng bào dân tộc thiểu số và miền núi, thôn đặc biệt khó khăn giai đoạn 2026 - 2030 trên địa bàn tỉnh Phú Thọ",http://files.ubdt.gov.vn/files/ecm/source_files/2026/02/05/11252411_4.%20Ph%C3%BA%20Th%E1%BB%8D%201%20(th%C3%B4n).signed_26-02-05.pdf,2026-01-29,wikipedia-ref,
wiki-04960-3,"Thông báo số 68/TB-UBND về Ngày bầu cử, địa điểm bỏ phiếu bầu cử đại biểu Quốc hội khóa XVI và đại biểu Hội đồng nhân dân các cấp nhiệm kỳ 2026 - 2031 trên địa bàn xã Liên Sơn",https://web.facebook.com/story.php?story_fbid=122167842584931118&id=61577933556837&rdid=v1198rpFsom5Agtp#,2026-03-05,wikipedia-ref,
wiki-04978-1,"Nghị quyết số 2/NQ-UBBC về việc ấn định số lượng đơn vị bầu cử, danh sách các đơn vị bầu cử và số lượng đại biểu được bầu ở mỗi đơn vị bầu cử đại biểu Hội đồng nhân dân xã Kim Bôi khóa XXI, nhiệm kỳ 2026 – 2031",https://kimboi.phutho.gov.vn/images/02_NQ_UBBC_XAKIM_BOI.pdf,2025-12-23,wikipedia-ref,
wiki-04978-2,Nghị quyết số 111/2025/UBTVQH15 về phân loại đô thị,https://xaydungchinhsach.chinhphu.vn/nghi-quyet-so-111-2025-ubtvqh15-ve-phan-loai-do-thi-119260101170432239.htm,2026-01-21,wikipedia-ref,
wiki-04978-3,"Danh sách Thôn vùng đồng bào dân tộc thiểu số và miền núi, thôn đặc biệt khó khăn giai đoạn 2026 - 2030 trên địa bàn tỉnh Phú Thọ",http://files.ubdt.gov.vn/files/ecm/source_files/2026/02/05/11252411_4.%20Ph%C3%BA%20Th%E1%BB%8D%201%20(th%C3%B4n).signed_26-02-05.pdf,2026-01-29,wikipedia-ref,
portal-04990,"Tuyên truyền đề án sáp nhâp, đổi tên thôn xóm",https://natson.phutho.gov.vn/index.php/tuyen-truyen-sap-nhap-doi-ten-thon-xom,2026,cong_ttdt,
wiki-05014-1,"Nghị quyết số 2/NQ-UBBC về việc công bố danh sách những người ứng cử đại biểu Hội đồng nhân dân xã Mường Động, nhiệm kỳ 2026 - 2031, theo từng đơn vị bầu cử",https://web.facebook.com/story.php?story_fbid=122162004788924845&id=61577745375928&rdid=0ZWfqcnuLgY4P2uo#,2026-02-14,wikipedia-ref,
wiki-05014-2,"Danh sách Thôn vùng đồng bào dân tộc thiểu số và miền núi, thôn đặc biệt khó khăn giai đoạn 2026 - 2030 trên địa bàn tỉnh Phú Thọ",http://files.ubdt.gov.vn/files/ecm/source_files/2026/02/05/11252411_4.%20Ph%C3%BA%20Th%E1%BB%8D%201%20(th%C3%B4n).signed_26-02-05.pdf,2026-01-29,wikipedia-ref,
wiki-05014-3,"NGHỊ QUYẾT 203/2025/QH15 SỬA ĐỔI, BỔ SUNG MỘT SỐ ĐIỀU CỦA HIẾN PHÁP NƯỚC CỘNG HÒA XÃ HỘI CHỦ NGHĨA VIỆT NAM",https://xaydungchinhsach.chinhphu.vn/nghi-quyet-203-2025-qh15-sua-doi-bo-sung-mot-so-dieu-cua-hien-phap-nuoc-cong-hoa-xa-hoi-chu-nghia-viet-nam-119250616181735552.htm,2025-06-28,wikipedia-ref,
wiki-05047-1,"Danh sách Thôn vùng đồng bào dân tộc thiểu số và miền núi, thôn đặc biệt khó khăn giai đoạn 2026 - 2030 trên địa bàn tỉnh Phú Thọ",http://files.ubdt.gov.vn/files/ecm/source_files/2026/02/05/11252411_4.%20Ph%C3%BA%20Th%E1%BB%8D%201%20(th%C3%B4n).signed_26-02-05.pdf,2026-01-29,wikipedia-ref,
wiki-05047-2,"Danh sách chính thức những người trúng cử Đại biểu Hội đồng nhân dân xã Cao Dương khóa III, nhiệm kỳ 2026 - 2031",https://web.facebook.com/story.php?story_fbid=122168312936934963&id=61578048904238&rdid=cYKScjji9KPZVSi6#,2026-03-24,wikipedia-ref,
wiki-05047-3,,https://thuvienphapluat.vn/van-ban/bo-may-hanh-chinh/Nghi-quyet-31-NQ-CP-dieu-chinh-dia-gioi-hanh-chinh-huyen-va-thanh-pho-Hoa-Binh-tinh-Hoa-Binh-91385.aspx,,wikipedia-ref,
wiki-05068-1,"Danh sách chính thức những ứng cử đại biểu Hội đồng nhân dân xã Hợp Kim, nhiệm kỳ 2026 - 2031",https://hopkim.phutho.gov.vn/index.php/tin-t-c-s-ki-n/chinh-tr/791-danh-sa-ch-cha-nh-tha-c-nha-ng-ng-a-i-a-ng-ca-a-i-bia-u-ha-i-a-ng-nha-n-da-n-xa-ha-p-kim-nhia-m-ka-2026-2031,2026-02-25,wikipedia-ref,
wiki-05068-2,"Danh sách Thôn vùng đồng bào dân tộc thiểu số và miền núi, thôn đặc biệt khó khăn giai đoạn 2026 - 2030 trên địa bàn tỉnh Phú Thọ",http://files.ubdt.gov.vn/files/ecm/source_files/2026/02/05/11252411_4.%20Ph%C3%BA%20Th%E1%BB%8D%201%20(th%C3%B4n).signed_26-02-05.pdf,2026-01-29,wikipedia-ref,
wiki-05068-3,,https://thuvienphapluat.vn/van-ban/bo-may-hanh-chinh/Nghi-quyet-830-NQ-UBTVQH14-2019-sap-xep-don-vi-hanh-chinh-cap-huyen-xa-thuoc-tinh-Hoa-Binh-432100.aspx,,wikipedia-ref,
wiki-05086-1,"Tiểu sử tóm tắt của ứng viên Đại biểu Hội đồng nhân dân xã Dũng Tiến nhiệm kỳ 2026 -2031 thuộc đơn vị bầu cử số 1, xã Dũng Tiến.",https://dungtien.phutho.gov.vn/index.php/tin-t-c-s-ki-n/tin-n-i-b-t/635-tia-u-sa-ta-m-ta-t-ca-a-a-ng-via-n-a-i-bia-u-h-nd-xa-d-ng-tia-n-nhia-m-ka-2026-2031-thua-c-n-va-ba-u-ca-sa-1-xa-d-ng-tia-n,2026-03-05,wikipedia-ref,
wiki-05086-2,"Tiểu sử tóm tắt của ứng viên Đại biểu Hội đồng nhân dân xã Dũng Tiến nhiệm kỳ 2026 - 2031 thuộc đơn vị bầu cử số 2, xã Dũng Tiến",https://dungtien.phutho.gov.vn/index.php/tin-t-c-s-ki-n/tin-n-i-b-t/636-tia-u-sa-ta-m-ta-t-ca-a-a-ng-via-n-a-i-bia-u-h-nd-xa-d-ng-tia-n-nhia-m-ka-2026-2031-thua-c-n-va-ba-u-ca-sa-2-xa-d-ng-tia-n,2026-03-05,wikipedia-ref,
wiki-05086-3,"Tiểu sử tóm tắt của ứng viên Đại biểu Hội đồng nhân dân xã Dũng Tiến nhiệm kỳ 2026 - 2031 thuộc đơn vị bầu cử số 3, xã Dũng Tiến",https://dungtien.phutho.gov.vn/index.php/tin-t-c-s-ki-n/tin-n-i-b-t/634-tia-u-sa-ta-m-ta-t-ca-a-a-ng-via-n-a-i-bia-u-h-nd-xa-d-ng-tia-n-nhia-m-ka-2026-2031-thua-c-n-va-ba-u-ca-sa-5-xa-d-ng-tia-n,2026-03-05,wikipedia-ref,
danviet-05089,Sáp nhập thôn/TDP — Xã Cao Phong (Báo Dân Việt),https://danviet.vn/sap-nhap-thon-xom-moi-nhat-o-phu-tho-xa-cao-phong-dia-phan-tinh-hoa-binh-cu-bo-chu-xom-mang-ten-chu-thon-d1444172.html,2026,bao,
wiki-05092-1,"Nghị quyết số 47/NQ-UBBC về việc Công bố kết quả bầu cử và danh sách những người trúng cử đại biểu Hội đồng nhân dân xã Thung Nai khóa XXI, nhiệm kỳ 2026 - 2031",https://web.facebook.com/story.php?story_fbid=122165178122945012&id=61578350363678&rdid=JwMk53FiDS5Bq1vJ#,2026-03-18,wikipedia-ref,
wiki-05092-2,"Danh sách Thôn vùng đồng bào dân tộc thiểu số và miền núi, thôn đặc biệt khó khăn giai đoạn 2026 - 2030 trên địa bàn tỉnh Phú Thọ",http://files.ubdt.gov.vn/files/ecm/source_files/2026/02/05/11252411_4.%20Ph%C3%BA%20Th%E1%BB%8D%201%20(th%C3%B4n).signed_26-02-05.pdf,2026-01-29,wikipedia-ref,
wiki-05092-3,"NGHỊ QUYẾT 203/2025/QH15 SỬA ĐỔI, BỔ SUNG MỘT SỐ ĐIỀU CỦA HIẾN PHÁP NƯỚC CỘNG HÒA XÃ HỘI CHỦ NGHĨA VIỆT NAM",https://xaydungchinhsach.chinhphu.vn/nghi-quyet-203-2025-qh15-sua-doi-bo-sung-mot-so-dieu-cua-hien-phap-nuoc-cong-hoa-xa-hoi-chu-nghia-viet-nam-119250616181735552.htm,2025-06-28,wikipedia-ref,
wiki-05116-1,"Nghị quyết số 6/NQ-UBBC về việc ấn định số đơn vị bầu cử, danh sách các đơn vị bầu cử và số lượng đại biểu Hội đồng nhân dân xã được bầu ở mỗi đơn vị bầu cử đại biểu Hội đồng nhân dân xã Mường Thàng khoá II, nhiệm kỳ 2026 - 2031",https://muongthang.phutho.gov.vn/index.php/2013-12-13-01-52-02/v-n-ba-n-ca-a-huya-n/finish/3-v-n-ba-n-ca-a-n-va/54-nq06-va-via-c-a-n-a-nh-sa-n-va-ba-u-ca-danh-sa-ch-ca-c-n-va-ba-u-ca-va-sa-l-a-ng-a-i-bia-u-h-nd-xa-m-a-ng-tha-ng/0,2025-12-24,wikipedia-ref,
wiki-05116-2,"Nghị quyết số 830/NQ-UBTVQH14 của ỦY BAN THƯỜNG VỤ QUỐC HỘI: Về việc sắp xếp các đơn vị hành chính cấp huyện, cấp xã thuộc tỉnh Hòa Bình",http://vanban.chinhphu.vn/default.aspx?pageid=27160&docid=198695,2026-07-16,wikipedia-ref,
wiki-05116-3,"Danh sách Thôn vùng đồng bào dân tộc thiểu số và miền núi, thôn đặc biệt khó khăn giai đoạn 2026 - 2030 trên địa bàn tỉnh Phú Thọ",http://files.ubdt.gov.vn/files/ecm/source_files/2026/02/05/11252411_4.%20Ph%C3%BA%20Th%E1%BB%8D%201%20(th%C3%B4n).signed_26-02-05.pdf,2026-01-29,wikipedia-ref,
wiki-05128-1,"Nghị quyết số 2/NQ-UBBC về việc công bố danh sách những người ứng cử đại biểu Hội đồng nhân dân xã Tân Lạc, nhiệm kỳ 2026 - 2031 theo từng đơn vị bầu cử",https://drive.google.com/file/d/1qTF3OA4FfAKKhcNSZQ6xvHtgUP5IM6bc/view,2026-02-25,wikipedia-ref,
wiki-05128-2,Nghị quyết số 111/2025/UBTVQH15 về phân loại đô thị,https://xaydungchinhsach.chinhphu.vn/nghi-quyet-so-111-2025-ubtvqh15-ve-phan-loai-do-thi-119260101170432239.htm,2026-01-21,wikipedia-ref,
wiki-05128-3,"Danh sách Thôn vùng đồng bào dân tộc thiểu số và miền núi, thôn đặc biệt khó khăn giai đoạn 2026 - 2030 trên địa bàn tỉnh Phú Thọ",http://files.ubdt.gov.vn/files/ecm/source_files/2026/02/05/11252411_4.%20Ph%C3%BA%20Th%E1%BB%8D%201%20(th%C3%B4n).signed_26-02-05.pdf,2026-01-29,wikipedia-ref,
wiki-05134-1,"Quyết định số 9/QĐ-UBND về việc thành lập khu vực bỏ phiếu bầu cử đại biểu Quốc hội khóa XVI và đại biểu Hội đồng nhân dân các cấp nhiệm kỳ 2026 – 2031, trên địa bàn xã Mường Hoa",https://muonghoa.phutho.gov.vn/images/Q%C4%90_Th%C3%A0nh_l%E1%BA%ADp_khu_v%E1%BB%B1c_b%E1%BB%8F_phi%E1%BA%BFu_b%E1%BA%A7u_c%E1%BB%AD.signed.signed.signed_1.pdf,2026-01-13,wikipedia-ref,
wiki-05134-2,"Nghị quyết số 830/NQ-UBTVQH14 của ỦY BAN THƯỜNG VỤ QUỐC HỘI: Về việc sắp xếp các đơn vị hành chính cấp huyện, cấp xã thuộc tỉnh Hòa Bình",http://vanban.chinhphu.vn/default.aspx?pageid=27160&docid=198695,2026-06-18,wikipedia-ref,
wiki-05134-3,"Danh sách Thôn vùng đồng bào dân tộc thiểu số và miền núi, thôn đặc biệt khó khăn giai đoạn 2026 - 2030 trên địa bàn tỉnh Phú Thọ",http://files.ubdt.gov.vn/files/ecm/source_files/2026/02/05/11252411_4.%20Ph%C3%BA%20Th%E1%BB%8D%201%20(th%C3%B4n).signed_26-02-05.pdf,2026-01-29,wikipedia-ref,
wiki-05152-1,"Nghị quyết số 1/NQ-UBBC về việc công bố danh sách chính thức những người ứng cử đại biểu Hội đồng nhân dân xã Vân Sơn khóa III, nhiệm kỳ 2026 - 2031 theo từng đơn vị bầu cử",https://vanson.phutho.gov.vn/images/3._Ngh%E1%BB%8B_quy%E1%BA%BFt_c%C3%B4ng_b%E1%BB%91_DS_ch%C3%ADnh_th%E1%BB%A9c_nh%E1%BB%AFng_ng%C6%B0%E1%BB%9Di_%E1%BB%A9ng_c%E1%BB%AD_%C4%90BH%C4%90ND_x%C3%A3_V%C3%A2n_S%C6%A1n_nhi%E1%BB%87m_k%E1%BB%B3_2026.2031.pdf,2026-02-25,wikipedia-ref,
wiki-05152-2,"Danh sách Thôn vùng đồng bào dân tộc thiểu số và miền núi, thôn đặc biệt khó khăn giai đoạn 2026 - 2030 trên địa bàn tỉnh Phú Thọ",http://files.ubdt.gov.vn/files/ecm/source_files/2026/02/05/11252411_4.%20Ph%C3%BA%20Th%E1%BB%8D%201%20(th%C3%B4n).signed_26-02-05.pdf,2026-01-29,wikipedia-ref,
wiki-05152-3,,https://thuvienphapluat.vn/van-ban/bo-may-hanh-chinh/Nghi-quyet-830-NQ-UBTVQH14-2019-sap-xep-don-vi-hanh-chinh-cap-huyen-xa-thuoc-tinh-Hoa-Binh-432100.aspx,,wikipedia-ref,
wiki-05158-1,"Nghị quyết số 830/NQ-UBTVQH14 của ỦY BAN THƯỜNG VỤ QUỐC HỘI: Về việc sắp xếp các đơn vị hành chính cấp huyện, cấp xã thuộc tỉnh Hòa Bình",http://vanban.chinhphu.vn/default.aspx?pageid=27160&docid=198695,2026-07-02,wikipedia-ref,
wiki-05158-2,"Danh sách Thôn vùng đồng bào dân tộc thiểu số và miền núi, thôn đặc biệt khó khăn giai đoạn 2026 - 2030 trên địa bàn tỉnh Phú Thọ",http://files.ubdt.gov.vn/files/ecm/source_files/2026/02/05/11252411_4.%20Ph%C3%BA%20Th%E1%BB%8D%201%20(th%C3%B4n).signed_26-02-05.pdf,2026-01-29,wikipedia-ref,
wiki-05158-3,"Danh sách chính thức những người ứng cử đại biểu Hội đồng nhân dân xã Mường Bi khóa II, nhiệm kỳ 2026 – 2031 tại đơn vị bầu cử số 01 gồm 8 xóm: xóm Mường Khung, Tân Bình, Tân Phong, Mường Kem, Mường Khạng, Sơn Phú, Mường Chạo và xóm Kha Lạ",https://web.facebook.com/story.php?story_fbid=122169184808925506&id=61577765194116&rdid=hSFYeln80tU7nPGx#,2026-03-07,wikipedia-ref,
wiki-05191-1,"Nghị quyết số 830/NQ-UBTVQH14 của ỦY BAN THƯỜNG VỤ QUỐC HỘI: Về việc sắp xếp các đơn vị hành chính cấp huyện, cấp xã thuộc tỉnh Hòa Bình",http://vanban.chinhphu.vn/default.aspx?pageid=27160&docid=198695,2026-07-14,wikipedia-ref,
wiki-05191-2,"Danh sách Thôn vùng đồng bào dân tộc thiểu số và miền núi, thôn đặc biệt khó khăn giai đoạn 2026 - 2030 trên địa bàn tỉnh Phú Thọ",http://files.ubdt.gov.vn/files/ecm/source_files/2026/02/05/11252411_4.%20Ph%C3%BA%20Th%E1%BB%8D%201%20(th%C3%B4n).signed_26-02-05.pdf,2026-01-29,wikipedia-ref,
wiki-05191-3,TOÀN VĂN: Nghị quyết số 202/2025/QH15 về sắp xếp đơn vị hành chính cấp tỉnh,https://xaydungchinhsach.chinhphu.vn/toan-van-nghi-quyet-so-202-2025-qh15-ve-sap-xep-don-vi-hanh-chinh-cap-tinh-119250612174148722.htm,2025-07-16,wikipedia-ref,
wiki-05206-1,"Nghị quyết số 1/NQ-UBBC về việc ấn định số đơn vị bầu cử, danh sách các đơn vị bầu cử và số lượng đại biểu được bầu ở mỗi đơn vị bầu cử đại biểu Hội đồng nhân dân xã Tân Mai nhiệm kỳ 2026 - 2031",https://tanmai.phutho.gov.vn/index.php/tin-t-c-s-ki-n/chinh-tr/231-ngha-quya-t-va-via-c-a-n-a-nh-sa-n-va-ba-u-ca-danh-sa-ch-n-va-ba-u-ca-va-sa-l-a-ng-a-i-bia-u-a-c-ba-u-a-ma-i-n-va-ba-u-ca-a-i-bia-u-ha-i-a-ng-nha-n-da-n-xa-ta-n-mai-nhia-m-ka-2026-2031,2025-12-23,wikipedia-ref,
wiki-05206-2,"Nghị quyết số 31/NQ-CP của Chính phủ: Về việc điều chỉnh địa giới hành chính một số huyện và thành phố Hòa Bình, tỉnh Hòa Bình",http://chinhphu.vn/default.aspx?pageid=27160&docid=91258,2026-06-27,wikipedia-ref,
wiki-05206-3,"Danh sách Thôn vùng đồng bào dân tộc thiểu số và miền núi, thôn đặc biệt khó khăn giai đoạn 2026 - 2030 trên địa bàn tỉnh Phú Thọ",http://files.ubdt.gov.vn/files/ecm/source_files/2026/02/05/11252411_4.%20Ph%C3%BA%20Th%E1%BB%8D%201%20(th%C3%B4n).signed_26-02-05.pdf,2026-01-29,wikipedia-ref,
wiki-05212-1,"Thông báo số 384/TB-UBND về Thời gian, địa điểm bỏ phiếu bầu cử đại biểu Quốc hội khóa XVI và bầu cử đại biểu Hội đồng nhân dân các cấp, nhiệm kỳ 2026 - 2031 trên địa bàn xã Pà Cò, tỉnh Phú Thọ",https://paco.phutho.gov.vn/index.php/tin-t-c-s-ki-n/chinh-tr/300-tha-ng-ba-o-tha-i-gian-a-a-ia-m-ba-phia-u-ba-u-ca-a-i-bia-u-qua-c-ha-i-kha-a-xvi-va-ba-u-ca-a-i-bia-u-h-nd-ca-c-ca-p-nhia-m-ka-2026-2031-tra-n-a-a-ba-n-xa-pa-ca-ta-nh-pha-tha-xa,2026-03-08,wikipedia-ref,
wiki-05212-2,"Danh sách Thôn vùng đồng bào dân tộc thiểu số và miền núi, thôn đặc biệt khó khăn giai đoạn 2026 - 2030 trên địa bàn tỉnh Phú Thọ",http://files.ubdt.gov.vn/files/ecm/source_files/2026/02/05/11252411_4.%20Ph%C3%BA%20Th%E1%BB%8D%201%20(th%C3%B4n).signed_26-02-05.pdf,2026-01-29,wikipedia-ref,
wiki-05212-3,"NGHỊ QUYẾT 203/2025/QH15 SỬA ĐỔI, BỔ SUNG MỘT SỐ ĐIỀU CỦA HIẾN PHÁP NƯỚC CỘNG HÒA XÃ HỘI CHỦ NGHĨA VIỆT NAM",https://xaydungchinhsach.chinhphu.vn/nghi-quyet-203-2025-qh15-sua-doi-bo-sung-mot-so-dieu-cua-hien-phap-nuoc-cong-hoa-xa-hoi-chu-nghia-viet-nam-119250616181735552.htm,2025-06-28,wikipedia-ref,
wiki-05245-1,"Nghị quyết số 1/NQ-UBBC về việc ấn định các đơn vị bầu cứ và số lượng đại biểu được bầu ở mỗi đơn vị bầu cử đại biểu Hội đồng nhân dân xã Bao La khóa III, nhiệm kỳ 2026 - 2031",https://baola.phutho.gov.vn/images/NQ_Vv_in_%E1%BA%A5n_%C4%91%E1%BB%8Bnh_c%C3%A1c_%C4%91%C6%B0%C6%A1n_v%E1%BB%8B_b%E1%BA%A7u_c%E1%BB%AD_0001.pdf,2025-12-22,wikipedia-ref,
wiki-05245-2,"Danh sách Thôn vùng đồng bào dân tộc thiểu số và miền núi, thôn đặc biệt khó khăn giai đoạn 2026 - 2030 trên địa bàn tỉnh Phú Thọ",http://files.ubdt.gov.vn/files/ecm/source_files/2026/02/05/11252411_4.%20Ph%C3%BA%20Th%E1%BB%8D%201%20(th%C3%B4n).signed_26-02-05.pdf,2026-01-29,wikipedia-ref,
wiki-05245-3,,https://thuvienphapluat.vn/van-ban/bo-may-hanh-chinh/Nghi-quyet-830-NQ-UBTVQH14-2019-sap-xep-don-vi-hanh-chinh-cap-huyen-xa-thuoc-tinh-Hoa-Binh-432100.aspx,,wikipedia-ref,
wiki-05251-1,"Nghị quyết số 1/NQ-UBBC về việc ấn định số đơn vị bầu cử, danh sách các đơn vị bầu cử và số lượng đại biểu được bầu ở mỗi đơn vị bầu cử đại biểu Hội đồng nhân dân xã Mai Hạ nhiệm kỳ 2026 - 2031",https://maiha.phutho.gov.vn/index.php/2013-12-13-01-52-02/v-n-ba-n-ca-a-huya-n/finish/3-v-n-ba-n-ca-a-n-va/7-ngha-quya-t-sa-01-nga-y-22-tha-ng-12-n-m-2025-va-via-c-a-n-a-nh-sa-n-va-ba-u-ca-danh-sa-ch-ca-c-n-va-ba-u-ca-va-sa-l-a-ng-a-i-bia-u-a-c-ba-u-a-ma-i-n-va-ba-u-ca-a-i-bia-u-h-nd-xa-mai-ha-nhia-m-ka-2026-a-2031/0,2025-12-22,wikipedia-ref,
wiki-05251-2,"Danh sách Thôn vùng đồng bào dân tộc thiểu số và miền núi, thôn đặc biệt khó khăn giai đoạn 2026 - 2030 trên địa bàn tỉnh Phú Thọ",http://files.ubdt.gov.vn/files/ecm/source_files/2026/02/05/11252411_4.%20Ph%C3%BA%20Th%E1%BB%8D%201%20(th%C3%B4n).signed_26-02-05.pdf,2026-01-29,wikipedia-ref,
wiki-05251-3,TOÀN VĂN: Nghị quyết số 202/2025/QH15 về sắp xếp đơn vị hành chính cấp tỉnh,https://xaydungchinhsach.chinhphu.vn/toan-van-nghi-quyet-so-202-2025-qh15-ve-sap-xep-don-vi-hanh-chinh-cap-tinh-119250612174148722.htm,2025-07-16,wikipedia-ref,
wiki-05287-1,"Danh sách Thôn vùng đồng bào dân tộc thiểu số và miền núi, thôn đặc biệt khó khăn giai đoạn 2026 - 2030 trên địa bàn tỉnh Phú Thọ",http://files.ubdt.gov.vn/files/ecm/source_files/2026/02/05/11252411_4.%20Ph%C3%BA%20Th%E1%BB%8D%201%20(th%C3%B4n).signed_26-02-05.pdf,2026-01-29,wikipedia-ref,
wiki-05287-2,Danh sách chính thức những người ứng cử đại biểu Hội đồng nhân dân xã Mường Vang khóa II nhiệm kỳ 2026 - 2031,https://web.facebook.com/story.php?story_fbid=122126236749069678&id=61582090348182&rdid=rUH4DypSgGQGNBSV#,2026-02-23,wikipedia-ref,
wiki-05287-3,"NGHỊ QUYẾT 203/2025/QH15 SỬA ĐỔI, BỔ SUNG MỘT SỐ ĐIỀU CỦA HIẾN PHÁP NƯỚC CỘNG HÒA XÃ HỘI CHỦ NGHĨA VIỆT NAM",https://xaydungchinhsach.chinhphu.vn/nghi-quyet-203-2025-qh15-sua-doi-bo-sung-mot-so-dieu-cua-hien-phap-nuoc-cong-hoa-xa-hoi-chu-nghia-viet-nam-119250616181735552.htm,2025-06-28,wikipedia-ref,
wiki-05293-1,"Danh sách Thôn vùng đồng bào dân tộc thiểu số và miền núi, thôn đặc biệt khó khăn giai đoạn 2026 - 2030 trên địa bàn tỉnh Phú Thọ",http://files.ubdt.gov.vn/files/ecm/source_files/2026/02/05/11252411_4.%20Ph%C3%BA%20Th%E1%BB%8D%201%20(th%C3%B4n).signed_26-02-05.pdf,2026-01-29,wikipedia-ref,
wiki-05293-2,Thông báo số 20/TB-UBND về việc Niêm yết danh sách cử tri bầu cử đại biểu Quốc hội khóa XVI và bầu cử Hội đồng nhân dân các cấp nhiệm kỳ 2026 - 2031,https://web.facebook.com/story.php?story_fbid=122114261655143079&id=61584292379239&rdid=RCbHXTif4zTx8nbV#,2026-02-02,wikipedia-ref,
wiki-05293-3,TOÀN VĂN: Nghị quyết số 202/2025/QH15 về sắp xếp đơn vị hành chính cấp tỉnh,https://xaydungchinhsach.chinhphu.vn/toan-van-nghi-quyet-so-202-2025-qh15-ve-sap-xep-don-vi-hanh-chinh-cap-tinh-119250612174148722.htm,2025-07-16,wikipedia-ref,
wiki-05305-1,"Danh sách Thôn vùng đồng bào dân tộc thiểu số và miền núi, thôn đặc biệt khó khăn giai đoạn 2026 - 2030 trên địa bàn tỉnh Phú Thọ",http://files.ubdt.gov.vn/files/ecm/source_files/2026/02/05/11252411_4.%20Ph%C3%BA%20Th%E1%BB%8D%201%20(th%C3%B4n).signed_26-02-05.pdf,2026-01-29,wikipedia-ref,
wiki-05305-2,TOÀN VĂN: Nghị quyết số 202/2025/QH15 về sắp xếp đơn vị hành chính cấp tỉnh,https://xaydungchinhsach.chinhphu.vn/toan-van-nghi-quyet-so-202-2025-qh15-ve-sap-xep-don-vi-hanh-chinh-cap-tinh-119250612174148722.htm,2025-07-16,wikipedia-ref,
wiki-05305-3,"NGHỊ QUYẾT 203/2025/QH15 SỬA ĐỔI, BỔ SUNG MỘT SỐ ĐIỀU CỦA HIẾN PHÁP NƯỚC CỘNG HÒA XÃ HỘI CHỦ NGHĨA VIỆT NAM",https://xaydungchinhsach.chinhphu.vn/nghi-quyet-203-2025-qh15-sua-doi-bo-sung-mot-so-dieu-cua-hien-phap-nuoc-cong-hoa-xa-hoi-chu-nghia-viet-nam-119250616181735552.htm,2025-06-28,wikipedia-ref,
wiki-05323-1,"Danh sách chính thức những người ứng cử đại biểu Hội đồng nhân dân xã Quyết Thắng khóa III, nhiệm kỳ 2026 - 2031 tại Đơn vị bầu cử số 1 gồm 08 xóm; Xóm Mận Thơng, xóm Yến Báy, xóm Éo, xóm Trẳm, xóm Thếnh, xóm Rẽ Vơng, xóm Băn Chao, Xóm Trám Chất",https://quyetthang.phutho.gov.vn/index.php/tin-t-c-s-ki-n/tin-n-i-b-t/391-don-vi-bau-cu-so-01,2026-03-15,wikipedia-ref,
wiki-05323-2,"Danh sách chính thức những người ứng cử đại biểu Hội đồng nhân dân xã Quyết Thắng khóa III, nhiệm kỳ 2026 - 2031 tại Đơn vị bầu cử số 2 gồm 06 xóm: Xóm Duộng Rềnh, xóm Pheo, xóm Khải Cai, xóm Giang Bãi, xóm Rảy, xóm Phản Chuông",https://quyetthang.phutho.gov.vn/index.php/tin-t-c-s-ki-n/tin-n-i-b-t/392-don-vi-bau-cu-so-02,2026-03-15,wikipedia-ref,
wiki-05323-3,"Danh sách chính thức những người ứng cử đại biểu Hội đồng nhân dân xã Quyết Thắng khóa III, nhiệm kỳ 2026 - 2031 tại Đơn vị bầu cử số 3 với 4 xóm gồm: Xóm Ba Khoang, xóm Chiềng, xóm Châu Tróng, xóm Quyển",https://quyetthang.phutho.gov.vn/index.php/tin-t-c-s-ki-n/tin-n-i-b-t/393-don-vi-bau-cu-so-03,2026-03-15,wikipedia-ref,
wiki-05353-1,Nghị quyết số 111/2025/UBTVQH15 về phân loại đô thị,https://xaydungchinhsach.chinhphu.vn/nghi-quyet-so-111-2025-ubtvqh15-ve-phan-loai-do-thi-119260101170432239.htm,2026-01-21,wikipedia-ref,
wiki-05353-2,"Danh sách Thôn vùng đồng bào dân tộc thiểu số và miền núi, thôn đặc biệt khó khăn giai đoạn 2026 - 2030 trên địa bàn tỉnh Phú Thọ",http://files.ubdt.gov.vn/files/ecm/source_files/2026/02/05/11252411_4.%20Ph%C3%BA%20Th%E1%BB%8D%201%20(th%C3%B4n).signed_26-02-05.pdf,2026-01-29,wikipedia-ref,
wiki-05353-3,,https://thuvienphapluat.vn/van-ban/bo-may-hanh-chinh/Nghi-quyet-830-NQ-UBTVQH14-2019-sap-xep-don-vi-hanh-chinh-cap-huyen-xa-thuoc-tinh-Hoa-Binh-432100.aspx,,wikipedia-ref,
wiki-05362-1,"Nghị quyết số 2/NQ-UBBC về việc lập và công bố danh sách chính thức những người ứng cử đại biểu Hội đồng nhân dân xã Lạc Lương, nhiệm kỳ 2026-2031 theo từng đơn vị bầu cử",https://lacluong.phutho.gov.vn/index.php/2013-12-13-01-52-02/v-n-ba-n-ca-a-huya-n/send/4-v-n-ba-n-ca-a-xa/44-sa-02-nq-ubbc,2026-02-13,wikipedia-ref,
wiki-05362-2,"Danh sách Thôn vùng đồng bào dân tộc thiểu số và miền núi, thôn đặc biệt khó khăn giai đoạn 2026 - 2030 trên địa bàn tỉnh Phú Thọ",http://files.ubdt.gov.vn/files/ecm/source_files/2026/02/05/11252411_4.%20Ph%C3%BA%20Th%E1%BB%8D%201%20(th%C3%B4n).signed_26-02-05.pdf,2026-01-29,wikipedia-ref,
wiki-05362-3,"Nghị quyết số 830/NQ-UBTVQH14 của ỦY BAN THƯỜNG VỤ QUỐC HỘI: Về việc sắp xếp các đơn vị hành chính cấp huyện, cấp xã thuộc tỉnh Hòa Bình",http://vanban.chinhphu.vn/default.aspx?pageid=27160&docid=198695,Cổng Thông tin điện tử Chính phủ,wikipedia-ref,
wiki-05386-1,"Nghị quyết số 2/NQ-UBBC về việc công bố danh sách những người ứng cử đại biểu Hội đồng nhân dân xã Yên Trị, khóa XXI, nhiệm kỳ 2026 - 2031 theo từng đơn vị bầu cử",https://drive.google.com/file/d/1SzG3-UeWj5445JrOO8ecnWQ2GTq6Yb4G/view,2026-02-23,wikipedia-ref,
wiki-05386-2,"Danh sách Thôn vùng đồng bào dân tộc thiểu số và miền núi, thôn đặc biệt khó khăn giai đoạn 2026 - 2030 trên địa bàn tỉnh Phú Thọ",http://files.ubdt.gov.vn/files/ecm/source_files/2026/02/05/11252411_4.%20Ph%C3%BA%20Th%E1%BB%8D%201%20(th%C3%B4n).signed_26-02-05.pdf,2026-01-29,wikipedia-ref,
wiki-05386-3,TOÀN VĂN: Nghị quyết số 202/2025/QH15 về sắp xếp đơn vị hành chính cấp tỉnh,https://xaydungchinhsach.chinhphu.vn/toan-van-nghi-quyet-so-202-2025-qh15-ve-sap-xep-don-vi-hanh-chinh-cap-tinh-119250612174148722.htm,2025-07-16,wikipedia-ref,
wiki-05392-1,Nghị quyết số 111/2025/UBTVQH15 về phân loại đô thị,https://xaydungchinhsach.chinhphu.vn/nghi-quyet-so-111-2025-ubtvqh15-ve-phan-loai-do-thi-119260101170432239.htm,2026-01-21,wikipedia-ref,
wiki-05392-2,"Danh sách Thôn vùng đồng bào dân tộc thiểu số và miền núi, thôn đặc biệt khó khăn giai đoạn 2026 - 2030 trên địa bàn tỉnh Phú Thọ",http://files.ubdt.gov.vn/files/ecm/source_files/2026/02/05/11252411_4.%20Ph%C3%BA%20Th%E1%BB%8D%201%20(th%C3%B4n).signed_26-02-05.pdf,2026-01-29,wikipedia-ref,
wiki-05392-3,"Thông báo số 30/TB-UBND về Ngày bầu cử, Thời gian bầu cử, nơi bỏ phiếu bầu cử đại biểu Quốc hội khóa XVI và bầu cử đại biểu Hội đồng nhân dân các cấp nhiệm kỳ 2026 - 2031 trên địa bàn xã Lạc Thủy",https://web.facebook.com/share/p/17D9hzfjNJ/,2026-03-04,wikipedia-ref,
wiki-05395-1,"Nghị quyết số 1/NQ-UBBC về việc công bố danh sách những người ứng cử đại biểu Hội đồng nhân dân xã An Nghĩa, nhiệm kỳ 2026 - 2031 theo từng đơn vị bầu cử",https://web.facebook.com/story.php?story_fbid=122164609958943116&id=61578293489383&rdid=jISNQURTHYEkZmPM#,2026-02-24,wikipedia-ref,
wiki-05395-2,Nghị quyết số 111/2025/UBTVQH15 về phân loại đô thị,https://xaydungchinhsach.chinhphu.vn/nghi-quyet-so-111-2025-ubtvqh15-ve-phan-loai-do-thi-119260101170432239.htm,2026-01-21,wikipedia-ref,
wiki-05395-3,"Danh sách Thôn vùng đồng bào dân tộc thiểu số và miền núi, thôn đặc biệt khó khăn giai đoạn 2026 - 2030 trên địa bàn tỉnh Phú Thọ",http://files.ubdt.gov.vn/files/ecm/source_files/2026/02/05/11252411_4.%20Ph%C3%BA%20Th%E1%BB%8D%201%20(th%C3%B4n).signed_26-02-05.pdf,2026-01-29,wikipedia-ref,
wiki-05425-1,"Danh sách Thôn vùng đồng bào dân tộc thiểu số và miền núi, thôn đặc biệt khó khăn giai đoạn 2026 - 2030 trên địa bàn tỉnh Phú Thọ",http://files.ubdt.gov.vn/files/ecm/source_files/2026/02/05/11252411_4.%20Ph%C3%BA%20Th%E1%BB%8D%201%20(th%C3%B4n).signed_26-02-05.pdf,2026-01-29,wikipedia-ref,
wiki-05425-2,Bầu cử đại biểu Hội đồng nhân dân xã An Bình tỉnh Phú Thọ nhiệm kỳ 2026 - 2031 - 5 đơn vị bầu cử của xã An Bình,https://web.facebook.com/story.php?story_fbid=122142804663045774&id=61581373233523&rdid=iSrvjrNHSub2BM6c#,2026-03-12,wikipedia-ref,
wiki-05425-3,TOÀN VĂN: Nghị quyết số 202/2025/QH15 về sắp xếp đơn vị hành chính cấp tỉnh,https://xaydungchinhsach.chinhphu.vn/toan-van-nghi-quyet-so-202-2025-qh15-ve-sap-xep-don-vi-hanh-chinh-cap-tinh-119250612174148722.htm,2025-07-16,wikipedia-ref,
wiki-07894-1,"NGHỊ QUYẾT 203/2025/QH15 SỬA ĐỔI, BỔ SUNG MỘT SỐ ĐIỀU CỦA HIẾN PHÁP NƯỚC CỘNG HÒA XÃ HỘI CHỦ NGHĨA VIỆT NAM",https://xaydungchinhsach.chinhphu.vn/nghi-quyet-203-2025-qh15-sua-doi-bo-sung-mot-so-dieu-cua-hien-phap-nuoc-cong-hoa-xa-hoi-chu-nghia-viet-nam-119250616181735552.htm,2025-06-28,wikipedia-ref,
wiki-07894-2,Nghị quyết số 1676/NQ-UBTVQH15 sắp xếp các ĐVHC cấp xã của tỉnh Phú Thọ năm 2025,https://xaydungchinhsach.chinhphu.vn/toan-van-nghi-quyet-so-1676-nq-ubtvqh15-sap-xep-cac-dvhc-cap-xa-cua-tinh-phu-tho-nam-2025-119250616204317326.htm,2025-06-20,wikipedia-ref,
wiki-07894-3,"Đình Vân Cơ, di tích thờ Vua Đinh Tiên Hoàng ở Phú Thọ",http://viettri.phutho.gov.vn/tin-tuc/du-lich/dinh-van-co-chua-an-thien-8754-33.html,2026-05-17,wikipedia-ref,
wiki-07900-1,"Nghị quyết số 2/2019/NQ-HDND về việc Thông quan Đề án sắp xếp, sáp nhập khu dân cư trên địa bàn tỉnh Phú Thọ",https://datafiles.chinhphu.vn/cpp/files/vbpq/2019/08/02hdndpt.signed.pdf,2019-07-19,wikipedia-ref,
wiki-07900-2,Các đơn vị bầu cử tổ chức hội nghị tiếp xúc cử tri thực hiện quyền vận động bầu cử,https://viettri.phutho.gov.vn/tin-tuc/bau-cu-dai-bieu-quoc-hoi-khoa-xvi-va-dai-bieu-hdnd-cac-cap-nhiem-ky-20262031/cac-don-vi-bau-cu-to-chuc-hoi-nghi-tiep-xuc-cu-tri-thuc-hien-quyen-van-dong-bau-cu-10213-112.html,2026-03-05,wikipedia-ref,
wiki-07900-3,Các đồng chí lãnh đạo phường dự kiểm tra và bỏ phiếu tại các điểm bầu cử,https://viettri.phutho.gov.vn/tin-tuc/bau-cu-dai-bieu-quoc-hoi-khoa-xvi-va-dai-bieu-hdnd-cac-cap-nhiem-ky-20262031/cac-dong-chi-lanh-dao-phuong-du-kiem-tra-va-bo-phieu-tai-cac-diem-bau-cu-10240-112.html,2026-03-15,wikipedia-ref,
wiki-07909-1,"NGHỊ QUYẾT 203/2025/QH15 SỬA ĐỔI, BỔ SUNG MỘT SỐ ĐIỀU CỦA HIẾN PHÁP NƯỚC CỘNG HÒA XÃ HỘI CHỦ NGHĨA VIỆT NAM",https://xaydungchinhsach.chinhphu.vn/nghi-quyet-203-2025-qh15-sua-doi-bo-sung-mot-so-dieu-cua-hien-phap-nuoc-cong-hoa-xa-hoi-chu-nghia-viet-nam-119250616181735552.htm,2025-06-28,wikipedia-ref,
wiki-07909-2,Nghị quyết số 1676/NQ-UBTVQH15 sắp xếp các ĐVHC cấp xã của tỉnh Phú Thọ năm 2025,https://xaydungchinhsach.chinhphu.vn/toan-van-nghi-quyet-so-1676-nq-ubtvqh15-sap-xep-cac-dvhc-cap-xa-cua-tinh-phu-tho-nam-2025-119250616204317326.htm,2025-06-20,wikipedia-ref,
wiki-07909-3,,https://thuvienphapluat.vn/van-ban/bo-may-hanh-chinh/quyet-dinh-10-hdbt-phan-vach-dia-gioi-xa-phuong-thanh-pho-viet-tri-tinh-vinh-phu-43394.aspx,,wikipedia-ref,
wiki-07918-1,"Nghị quyết số 1/NQ-UBBC về iệc ấn định và công bố số đơn vị bầu cử, danh sách các đơn vị bầu cử và số đại biểu Hội đồng nhân dân phường Vân Phú khóa XXV được bầu ở mỗi đơn vị bầu cử, nhiệm kỳ 2026 - 2031",https://vanphu.phutho.gov.vn/index.php/van-ban-phap-quy?task=download.send&id=2&catid=3&m=0,2025-12-22,wikipedia-ref,
wiki-07918-2,"NGHỊ QUYẾT 203/2025/QH15 SỬA ĐỔI, BỔ SUNG MỘT SỐ ĐIỀU CỦA HIẾN PHÁP NƯỚC CỘNG HÒA XÃ HỘI CHỦ NGHĨA VIỆT NAM",https://xaydungchinhsach.chinhphu.vn/nghi-quyet-203-2025-qh15-sua-doi-bo-sung-mot-so-dieu-cua-hien-phap-nuoc-cong-hoa-xa-hoi-chu-nghia-viet-nam-119250616181735552.htm,2025-06-28,wikipedia-ref,
wiki-07918-3,Nghị quyết số 1676/NQ-UBTVQH15 sắp xếp các ĐVHC cấp xã của tỉnh Phú Thọ năm 2025,https://xaydungchinhsach.chinhphu.vn/toan-van-nghi-quyet-so-1676-nq-ubtvqh15-sap-xep-cac-dvhc-cap-xa-cua-tinh-phu-tho-nam-2025-119250616204317326.htm,2025-06-20,wikipedia-ref,
wiki-07942-1,"NGHỊ QUYẾT 203/2025/QH15 SỬA ĐỔI, BỔ SUNG MỘT SỐ ĐIỀU CỦA HIẾN PHÁP NƯỚC CỘNG HÒA XÃ HỘI CHỦ NGHĨA VIỆT NAM",https://xaydungchinhsach.chinhphu.vn/nghi-quyet-203-2025-qh15-sua-doi-bo-sung-mot-so-dieu-cua-hien-phap-nuoc-cong-hoa-xa-hoi-chu-nghia-viet-nam-119250616181735552.htm,2025-06-28,wikipedia-ref,
wiki-07942-2,Nghị quyết số 1676/NQ-UBTVQH15 sắp xếp các ĐVHC cấp xã của tỉnh Phú Thọ năm 2025,https://xaydungchinhsach.chinhphu.vn/toan-van-nghi-quyet-so-1676-nq-ubtvqh15-sap-xep-cac-dvhc-cap-xa-cua-tinh-phu-tho-nam-2025-119250616204317326.htm,2025-06-20,wikipedia-ref,
wiki-07942-3,,https://thuvienphapluat.vn/van-ban/Bo-may-hanh-chinh/Nghi-quyet-828-NQ-UBTVQH14-2019-sap-xep-don-vi-hanh-chinh-cap-xa-thuoc-tinh-Phu-Tho-432098.aspx,,wikipedia-ref,
wiki-07948-1,"NGHỊ QUYẾT 203/2025/QH15 SỬA ĐỔI, BỔ SUNG MỘT SỐ ĐIỀU CỦA HIẾN PHÁP NƯỚC CỘNG HÒA XÃ HỘI CHỦ NGHĨA VIỆT NAM",https://xaydungchinhsach.chinhphu.vn/nghi-quyet-203-2025-qh15-sua-doi-bo-sung-mot-so-dieu-cua-hien-phap-nuoc-cong-hoa-xa-hoi-chu-nghia-viet-nam-119250616181735552.htm,2025-06-28,wikipedia-ref,
wiki-07948-2,Nghị quyết số 1676/NQ-UBTVQH15 sắp xếp các ĐVHC cấp xã của tỉnh Phú Thọ năm 2025,https://xaydungchinhsach.chinhphu.vn/toan-van-nghi-quyet-so-1676-nq-ubtvqh15-sap-xep-cac-dvhc-cap-xa-cua-tinh-phu-tho-nam-2025-119250616204317326.htm,2025-06-20,wikipedia-ref,
wiki-07948-3,,https://thuvienphapluat.vn/van-ban/bo-may-hanh-chinh/Nghi-quyet-88-NQ-CP-nam-2013-thanh-lap-phuong-Thanh-Vinh-tinh-Phu-Tho-201825.aspx,,wikipedia-ref,
wiki-07954-1,"Danh sách và tiểu sử tóm tắt người ứng cử đại biểu Hội đồng nhân dân phường Phong Châu khóa XI, nhiệm kỳ 2026 - 2031 - Đơn vị bầu cử số 01",https://phongchau.phutho.gov.vn/index.php/tin-tuc-su-kien/chinh-tri/danh-sach-va-tieu-su-tom-tat-nguoi-ung-cu-dai-bieu-hdnd-phuong-phong-chau-khoa-xi-nhiem-ky-2026-2031?highlight=WyJjXHUxZWVkIl0=,2026-03-02,wikipedia-ref,
wiki-07954-2,"Danh sách và tiểu sử tóm tắt người ứng cử đại biểu Hội đồng nhân dân phường Phong Châu khóa XI, nhiệm kỳ 2026 - 2031 - Đơn vị bầu cử số 02",https://phongchau.phutho.gov.vn/index.php/tin-tuc-su-kien/chinh-tri/danh-sach-va-tieu-su-tom-tat-nguoi-ung-cu-dai-bieu-hdnd-phuong-phong-chau-khoa-xi-nhiem-ky-2026-2032?highlight=WyJjXHUxZWVkIl0=,2026-03-02,wikipedia-ref,
wiki-07954-3,"Danh sách và tiểu sử tóm tắt người ứng cử đại biểu Hội đồng nhân dân phường Phong Châu khóa XI, nhiệm kỳ 2026 - 2031 - Đơn vị bầu cử số 03",https://phongchau.phutho.gov.vn/index.php/tin-tuc-su-kien/chinh-tri/danh-sach-va-tieu-su-tom-tat-nguoi-ung-cu-dai-bieu-hdnd-phuong-phong-chau-khoa-xi-nhiem-ky-2026-2031-don-vi-bau-cu-so-03?highlight=WyJjXHUxZWVkIl0=,2026-03-02,wikipedia-ref,
wiki-07969-1,Nghị quyết số 111/2025/UBTVQH15 về phân loại đô thị,https://xaydungchinhsach.chinhphu.vn/nghi-quyet-so-111-2025-ubtvqh15-ve-phan-loai-do-thi-119260101170432239.htm,2026-01-21,wikipedia-ref,
wiki-07969-2,"Danh sách Thôn vùng đồng bào dân tộc thiểu số và miền núi, thôn đặc biệt khó khăn giai đoạn 2026 - 2030 trên địa bàn tỉnh Phú Thọ",http://files.ubdt.gov.vn/files/ecm/source_files/2026/02/05/11252411_4.%20Ph%C3%BA%20Th%E1%BB%8D%201%20(th%C3%B4n).signed_26-02-05.pdf,2026-01-29,wikipedia-ref,
wiki-07969-3,"Danh sách chính thức người ứng cử đại biểu Hội đồng nhân dân xã Đoan Hùng khóa II, nhiệm kỳ 2026 - 2031",https://web.facebook.com/share/p/18GpRafCgC/,2026-03-04,wikipedia-ref,
wiki-07996-1,"Danh sách Thôn vùng đồng bào dân tộc thiểu số và miền núi, thôn đặc biệt khó khăn giai đoạn 2026 - 2030 trên địa bàn tỉnh Phú Thọ",http://files.ubdt.gov.vn/files/ecm/source_files/2026/02/05/11252411_4.%20Ph%C3%BA%20Th%E1%BB%8D%201%20(th%C3%B4n).signed_26-02-05.pdf,2026-01-29,wikipedia-ref,
wiki-07996-2,"Danh sách chính thức những người ứng cử đại biểu Hội đồng nhân dân xã Bằng Luân khóa XXIV, nhiệm kỳ 2026 - 2031",https://web.facebook.com/story.php?story_fbid=122158644782933996&id=61578019881336&rdid=MVaRiGQ8VcdK60HV#,2026-04-18,wikipedia-ref,
wiki-07996-3,"NGHỊ QUYẾT 203/2025/QH15 SỬA ĐỔI, BỔ SUNG MỘT SỐ ĐIỀU CỦA HIẾN PHÁP NƯỚC CỘNG HÒA XÃ HỘI CHỦ NGHĨA VIỆT NAM",https://xaydungchinhsach.chinhphu.vn/nghi-quyet-203-2025-qh15-sua-doi-bo-sung-mot-so-dieu-cua-hien-phap-nuoc-cong-hoa-xa-hoi-chu-nghia-viet-nam-119250616181735552.htm,2025-06-28,wikipedia-ref,
wiki-07999-1,Danh sách Khu vực bỏ phiếu bầu cử đại biểu Quốc hội khoá XVI và đại biểu Hội đồng nhân dân các cấp nhiệm kỳ 2026 - 2031,https://chidam.phutho.gov.vn/phocadownload/13.01.26.QD%20phan%20chia%20khu%20vuc%20bo%20phieu.signed.pdf,2026-01-15,wikipedia-ref,
wiki-07999-2,"Danh sách Thôn vùng đồng bào dân tộc thiểu số và miền núi, thôn đặc biệt khó khăn giai đoạn 2026 - 2030 trên địa bàn tỉnh Phú Thọ",http://files.ubdt.gov.vn/files/ecm/source_files/2026/02/05/11252411_4.%20Ph%C3%BA%20Th%E1%BB%8D%201%20(th%C3%B4n).signed_26-02-05.pdf,2026-01-29,wikipedia-ref,
wiki-07999-3,"NGHỊ QUYẾT 203/2025/QH15 SỬA ĐỔI, BỔ SUNG MỘT SỐ ĐIỀU CỦA HIẾN PHÁP NƯỚC CỘNG HÒA XÃ HỘI CHỦ NGHĨA VIỆT NAM",https://xaydungchinhsach.chinhphu.vn/nghi-quyet-203-2025-qh15-sua-doi-bo-sung-mot-so-dieu-cua-hien-phap-nuoc-cong-hoa-xa-hoi-chu-nghia-viet-nam-119250616181735552.htm,2025-06-28,wikipedia-ref,
wiki-08023-1,"Danh sách Thôn vùng đồng bào dân tộc thiểu số và miền núi, thôn đặc biệt khó khăn giai đoạn 2026 - 2030 trên địa bàn tỉnh Phú Thọ",http://files.ubdt.gov.vn/files/ecm/source_files/2026/02/05/11252411_4.%20Ph%C3%BA%20Th%E1%BB%8D%201%20(th%C3%B4n).signed_26-02-05.pdf,2026-01-29,wikipedia-ref,
wiki-08023-2,"Danh sách chính thức những người ứng cử đại biểu Hội đồng nhân dân xã Tây Cốc khóa XXIII, nhiệm kỳ 2026 - 2031",https://web.facebook.com/story.php?story_fbid=122160812024923377&id=61577701325566&rdid=v0qr0w56U0fL8guL#,2026-03-03,wikipedia-ref,
wiki-08023-3,"NGHỊ QUYẾT 203/2025/QH15 SỬA ĐỔI, BỔ SUNG MỘT SỐ ĐIỀU CỦA HIẾN PHÁP NƯỚC CỘNG HÒA XÃ HỘI CHỦ NGHĨA VIỆT NAM",https://xaydungchinhsach.chinhphu.vn/nghi-quyet-203-2025-qh15-sua-doi-bo-sung-mot-so-dieu-cua-hien-phap-nuoc-cong-hoa-xa-hoi-chu-nghia-viet-nam-119250616181735552.htm,2025-06-28,wikipedia-ref,
wiki-08038-1,"Danh sách chính thức những người ứng cử đại biểu Hội đồng nhân dân xã Chân Mộng, nhiệm kỳ 2026 - 2031",https://chanmong.phutho.gov.vn/index.php/tin-t-c-s-ki-n/chinh-tr/3606-danh-sach-chinh-thuc-nhung-nguoi-ung-cu-dai-bieu-hoi-dong-nhan-dan-xa-chan-mong-nhiem-ky-2026-2031,2026-03-15,wikipedia-ref,
wiki-08038-2,"Danh sách Thôn vùng đồng bào dân tộc thiểu số và miền núi, thôn đặc biệt khó khăn giai đoạn 2026 - 2030 trên địa bàn tỉnh Phú Thọ",http://files.ubdt.gov.vn/files/ecm/source_files/2026/02/05/11252411_4.%20Ph%C3%BA%20Th%E1%BB%8D%201%20(th%C3%B4n).signed_26-02-05.pdf,2026-01-29,wikipedia-ref,
wiki-08038-3,"NGHỊ QUYẾT 203/2025/QH15 SỬA ĐỔI, BỔ SUNG MỘT SỐ ĐIỀU CỦA HIẾN PHÁP NƯỚC CỘNG HÒA XÃ HỘI CHỦ NGHĨA VIỆT NAM",https://xaydungchinhsach.chinhphu.vn/nghi-quyet-203-2025-qh15-sua-doi-bo-sung-mot-so-dieu-cua-hien-phap-nuoc-cong-hoa-xa-hoi-chu-nghia-viet-nam-119250616181735552.htm,2025-06-28,wikipedia-ref,
wiki-08053-1,Nghị quyết số 111/2025/UBTVQH15 về phân loại đô thị,https://xaydungchinhsach.chinhphu.vn/nghi-quyet-so-111-2025-ubtvqh15-ve-phan-loai-do-thi-119260101170432239.htm,2026-01-21,wikipedia-ref,
wiki-08053-2,"Danh sách Thôn vùng đồng bào dân tộc thiểu số và miền núi, thôn đặc biệt khó khăn giai đoạn 2026 - 2030 trên địa bàn tỉnh Phú Thọ",http://files.ubdt.gov.vn/files/ecm/source_files/2026/02/05/11252411_4.%20Ph%C3%BA%20Th%E1%BB%8D%201%20(th%C3%B4n).signed_26-02-05.pdf,2026-01-29,wikipedia-ref,
wiki-08053-3,"Danh sách chính thức những người ứng cử đại biểu Hội đồng nhân dân xã Hạ Hòa khóa II, nhiệm kỳ 2026 - 2031",https://www.facebook.com/share/p/1CFmd51qkg/,2026-03-01,wikipedia-ref,
wiki-08071-1,"Danh sách Thôn vùng đồng bào dân tộc thiểu số và miền núi, thôn đặc biệt khó khăn giai đoạn 2026 - 2030 trên địa bàn tỉnh Phú Thọ",http://files.ubdt.gov.vn/files/ecm/source_files/2026/02/05/11252411_4.%20Ph%C3%BA%20Th%E1%BB%8D%201%20(th%C3%B4n).signed_26-02-05.pdf,2026-01-29,wikipedia-ref,
wiki-08071-2,"Danh sách chính thức những người ứng cử đại biểu Hội đồng nhân dân xã Đan Thượng khóa III, nhiệm kỳ 2026 – 2031 theo từng đơn vị bầu cử",https://web.facebook.com/story.php?story_fbid=122166820760936417&id=61578092510593&rdid=hm7ie0doYaoyXbWp#,2026-02-27,wikipedia-ref,
wiki-08071-3,,https://thuvienphapluat.vn/van-ban/Bo-may-hanh-chinh/Nghi-quyet-828-NQ-UBTVQH14-2019-sap-xep-don-vi-hanh-chinh-cap-xa-thuoc-tinh-Phu-Tho-432098.aspx,,wikipedia-ref,
wiki-08110-1,"Danh sách Thôn vùng đồng bào dân tộc thiểu số và miền núi, thôn đặc biệt khó khăn giai đoạn 2026 - 2030 trên địa bàn tỉnh Phú Thọ",http://files.ubdt.gov.vn/files/ecm/source_files/2026/02/05/11252411_4.%20Ph%C3%BA%20Th%E1%BB%8D%201%20(th%C3%B4n).signed_26-02-05.pdf,2026-01-29,wikipedia-ref,
wiki-08110-2,"Trân trọng giới thiệu danh sách chính thức 34 người ứng cử đại biểu Hội đồng nhân dân xã Hiền Lương khóa III, nhiệm kỳ 2026 - 2031, tại 06 đơn vị bầu cử",https://web.facebook.com/story.php?story_fbid=122162197034940119&id=61578203572557&rdid=7n0ir2gn2A9W02MI#,2026-02-27,wikipedia-ref,
wiki-08110-3,,https://thuvienphapluat.vn/van-ban/Bo-may-hanh-chinh/Nghi-quyet-828-NQ-UBTVQH14-2019-sap-xep-don-vi-hanh-chinh-cap-xa-thuoc-tinh-Phu-Tho-432098.aspx,,wikipedia-ref,
wiki-08113-1,"Nghị quyết số 2/NQ-UBBC về việc công bố danh sách chính thức những người ứng cử đại biểu Hội đồng nhân dân xã Yên Kỳ, nhiệm kỳ 2026 - 2031 theo từng đơn vị bầu cử",https://web.facebook.com/story.php?story_fbid=122162922974922514&id=61577675440127&rdid=ylZDivf0vKLFjXqf#,2026-02-24,wikipedia-ref,
wiki-08113-2,"Danh sách Thôn vùng đồng bào dân tộc thiểu số và miền núi, thôn đặc biệt khó khăn giai đoạn 2026 - 2030 trên địa bàn tỉnh Phú Thọ",http://files.ubdt.gov.vn/files/ecm/source_files/2026/02/05/11252411_4.%20Ph%C3%BA%20Th%E1%BB%8D%201%20(th%C3%B4n).signed_26-02-05.pdf,2026-01-29,wikipedia-ref,
wiki-08113-3,,https://thuvienphapluat.vn/van-ban/Bo-may-hanh-chinh/Nghi-quyet-828-NQ-UBTVQH14-2019-sap-xep-don-vi-hanh-chinh-cap-xa-thuoc-tinh-Phu-Tho-432098.aspx,,wikipedia-ref,
wiki-08134-1,"Danh sách Thôn vùng đồng bào dân tộc thiểu số và miền núi, thôn đặc biệt khó khăn giai đoạn 2026 - 2030 trên địa bàn tỉnh Phú Thọ",http://files.ubdt.gov.vn/files/ecm/source_files/2026/02/05/11252411_4.%20Ph%C3%BA%20Th%E1%BB%8D%201%20(th%C3%B4n).signed_26-02-05.pdf,2026-01-29,wikipedia-ref,
wiki-08134-2,"Danh sách chính thức 31 người ứng cử đại biểu Hội đồng nhân dân xã Văn Lang khóa XXII, nhiệm kỳ 2026 - 2031 tại 05 đơn vị bầu cử",https://web.facebook.com/story.php?story_fbid=122159509616931548&id=61577946443443&rdid=HM6zKc71aKRekkEY#,2026-02-27,wikipedia-ref,
wiki-08134-3,"NGHỊ QUYẾT 203/2025/QH15 SỬA ĐỔI, BỔ SUNG MỘT SỐ ĐIỀU CỦA HIẾN PHÁP NƯỚC CỘNG HÒA XÃ HỘI CHỦ NGHĨA VIỆT NAM",https://xaydungchinhsach.chinhphu.vn/nghi-quyet-203-2025-qh15-sua-doi-bo-sung-mot-so-dieu-cua-hien-phap-nuoc-cong-hoa-xa-hoi-chu-nghia-viet-nam-119250616181735552.htm,2025-06-28,wikipedia-ref,
wiki-08143-1,Quyết định số 65/QĐ-UBND về việc phê chuẩn khu vực bỏ phiếu bầu cử đại biểu Quốc hội khóa XVI và đại biểu Hội đồng nhân dân các cấp nhiệm kỳ 2026 - 2031 trên địa bàn xã Vĩnh Chân,https://vinhchan.phutho.gov.vn/portals/29/AttachFiles/2026/2/3/2026_2_3_14_4_56_639057242963549439_3.Q%C4%90%20ph%C3%AA%20chu%E1%BA%A9n%20khu%20v%E1%BB%B1c%20b%E1%BB%8F%20phi%E1%BA%BFu.signed.signed.pdf,2026-01-21,wikipedia-ref,
wiki-08143-2,"Danh sách Thôn vùng đồng bào dân tộc thiểu số và miền núi, thôn đặc biệt khó khăn giai đoạn 2026 - 2030 trên địa bàn tỉnh Phú Thọ",http://files.ubdt.gov.vn/files/ecm/source_files/2026/02/05/11252411_4.%20Ph%C3%BA%20Th%E1%BB%8D%201%20(th%C3%B4n).signed_26-02-05.pdf,2026-01-29,wikipedia-ref,
wiki-08143-3,,https://thuvienphapluat.vn/van-ban/Bo-may-hanh-chinh/Nghi-quyet-828-NQ-UBTVQH14-2019-sap-xep-don-vi-hanh-chinh-cap-xa-thuoc-tinh-Phu-Tho-432098.aspx,,wikipedia-ref,
wiki-08152-1,Nghị quyết số 828/NQ-UBTVQH14 của ỦY BAN THƯỜNG VỤ QUỐC HỘI: Về việc sắp xếp các đơn vị hành chính cấp xã thuộc tỉnh Phú Thọ,http://vanban.chinhphu.vn/default.aspx?pageid=27160&docid=198693,2026-06-30,wikipedia-ref,
wiki-08152-2,Nghị quyết số 111/2025/UBTVQH15 về phân loại đô thị,https://xaydungchinhsach.chinhphu.vn/nghi-quyet-so-111-2025-ubtvqh15-ve-phan-loai-do-thi-119260101170432239.htm,2026-01-21,wikipedia-ref,
wiki-08152-3,"Danh sách Thôn vùng đồng bào dân tộc thiểu số và miền núi, thôn đặc biệt khó khăn giai đoạn 2026 - 2030 trên địa bàn tỉnh Phú Thọ",http://files.ubdt.gov.vn/files/ecm/source_files/2026/02/05/11252411_4.%20Ph%C3%BA%20Th%E1%BB%8D%201%20(th%C3%B4n).signed_26-02-05.pdf,2026-01-29,wikipedia-ref,
wiki-08173-1,Quyết định số 64/QĐ-UBND về việc xác định khu vực bỏ phiếu bầu cử đại biểu Quốc hội khóa XVI và đại biểu Hội đồng nhân dân các cấp nhiệm kỳ 2026 - 2031,https://quangyen.phutho.gov.vn/index.php/nang-than-mai/3536-xac-dinh-khu-vuc-bau-cu-dai-bieu-quoc-hoi-khoa-xvi-va-dai-bieu-hoi-dong-nhan-dan-cac-cap-nhiem-ky-2026-2031,2026-01-19,wikipedia-ref,
wiki-08173-2,"Danh sách Thôn vùng đồng bào dân tộc thiểu số và miền núi, thôn đặc biệt khó khăn giai đoạn 2026 - 2030 trên địa bàn tỉnh Phú Thọ",http://files.ubdt.gov.vn/files/ecm/source_files/2026/02/05/11252411_4.%20Ph%C3%BA%20Th%E1%BB%8D%201%20(th%C3%B4n).signed_26-02-05.pdf,2026-01-29,wikipedia-ref,
wiki-08173-3,,https://thuvienphapluat.vn/van-ban/Bo-may-hanh-chinh/Nghi-quyet-828-NQ-UBTVQH14-2019-sap-xep-don-vi-hanh-chinh-cap-xa-thuoc-tinh-Phu-Tho-432098.aspx,,wikipedia-ref,
wiki-08203-1,Nghị quyết số 2/NQ-UBBC về việc công bố danh sách chính thức những người ứng cử đại biểu Hội đồng nhân dân xã Hoàng Cương nhiệm kỳ 2026 - 2031,https://hoangcuong.phutho.gov.vn/index.php/bau-cu/3604-nghi-quyet-ve-viec-cong-bo-danh-sach-nhung-nguoi-ung-cu-va-danh-sach-chinh-thuc-nhung-nguoi-ung-cu-dai-bieu-hdnd-xa-hoang-cuong-khoa-iii-nhiem-ky-2026-2031,2026-02-23,wikipedia-ref,
wiki-08203-2,"Danh sách Thôn vùng đồng bào dân tộc thiểu số và miền núi, thôn đặc biệt khó khăn giai đoạn 2026 - 2030 trên địa bàn tỉnh Phú Thọ",http://files.ubdt.gov.vn/files/ecm/source_files/2026/02/05/11252411_4.%20Ph%C3%BA%20Th%E1%BB%8D%201%20(th%C3%B4n).signed_26-02-05.pdf,2026-01-29,wikipedia-ref,
wiki-08203-3,,https://thuvienphapluat.vn/van-ban/Bo-may-hanh-chinh/Nghi-quyet-828-NQ-UBTVQH14-2019-sap-xep-don-vi-hanh-chinh-cap-xa-thuoc-tinh-Phu-Tho-432098.aspx,,wikipedia-ref,
wiki-08209-1,"Nghị quyết số 1/NQ-UBBC về việc công bố danh sách những người ứng cử đại biểu Hội đồng nhân dân xã Đông Thành khóa XXV, nhiệm kỳ 2026 - 2031 theo từng đơn vị bầu cử",https://dongthanh.phutho.gov.vn/phocadownload/NQ%20cong%20bo%20DS%20nhung%20nguoi%20ung%20cu%20dai%20bieu%20QH%20vaf%20HDND%20cac%20cap_0001_compressed.pdf,2026-02-13,wikipedia-ref,
wiki-08209-2,"NGHỊ QUYẾT 203/2025/QH15 SỬA ĐỔI, BỔ SUNG MỘT SỐ ĐIỀU CỦA HIẾN PHÁP NƯỚC CỘNG HÒA XÃ HỘI CHỦ NGHĨA VIỆT NAM",https://xaydungchinhsach.chinhphu.vn/nghi-quyet-203-2025-qh15-sua-doi-bo-sung-mot-so-dieu-cua-hien-phap-nuoc-cong-hoa-xa-hoi-chu-nghia-viet-nam-119250616181735552.htm,2025-06-28,wikipedia-ref,
wiki-08209-3,Nghị quyết số 1676/NQ-UBTVQH15 sắp xếp các ĐVHC cấp xã của tỉnh Phú Thọ năm 2025,https://xaydungchinhsach.chinhphu.vn/toan-van-nghi-quyet-so-1676-nq-ubtvqh15-sap-xep-cac-dvhc-cap-xa-cua-tinh-phu-tho-nam-2025-119250616204317326.htm,2025-06-20,wikipedia-ref,
wiki-08218-1,"Danh sách chính thức những người ứng cử đại biểu Hội đồng nhân dân xã Chí Tiên, nhiệm kỳ 2026 - 2031 theo đơn vị bầu cử",https://web.facebook.com/permalink.php?story_fbid=pfbid038HX96zt6smbu22RHtKVx1E1Crpqwo4fmWhuaFWHZevzxGJyfVGZn2PDdzM72Wxrtl&id=61577961596996&rdid=Doj9CaRSWdNA7bOc#,2026-02-27,wikipedia-ref,
wiki-08218-2,"NGHỊ QUYẾT 203/2025/QH15 SỬA ĐỔI, BỔ SUNG MỘT SỐ ĐIỀU CỦA HIẾN PHÁP NƯỚC CỘNG HÒA XÃ HỘI CHỦ NGHĨA VIỆT NAM",https://xaydungchinhsach.chinhphu.vn/nghi-quyet-203-2025-qh15-sua-doi-bo-sung-mot-so-dieu-cua-hien-phap-nuoc-cong-hoa-xa-hoi-chu-nghia-viet-nam-119250616181735552.htm,2025-06-28,wikipedia-ref,
wiki-08218-3,Nghị quyết số 1676/NQ-UBTVQH15 sắp xếp các ĐVHC cấp xã của tỉnh Phú Thọ năm 2025,https://xaydungchinhsach.chinhphu.vn/toan-van-nghi-quyet-so-1676-nq-ubtvqh15-sap-xep-cac-dvhc-cap-xa-cua-tinh-phu-tho-nam-2025-119250616204317326.htm,2025-06-20,wikipedia-ref,
wiki-08227-1,"Nghị quyết số 1/NQ-UBBC về việc công bố danh sách những người ứng cử đại biểu Hội đồng nhân dân xã Liên Minh, nhiệm kỳ 2026 - 2031 theo từng đơn vị bầu cử",https://web.facebook.com/story.php?story_fbid=122158801466932717&id=61577981522111&rdid=MEFrFzKbI0vGtOFE#,2026-02-25,wikipedia-ref,
wiki-08227-2,"NGHỊ QUYẾT 203/2025/QH15 SỬA ĐỔI, BỔ SUNG MỘT SỐ ĐIỀU CỦA HIẾN PHÁP NƯỚC CỘNG HÒA XÃ HỘI CHỦ NGHĨA VIỆT NAM",https://xaydungchinhsach.chinhphu.vn/nghi-quyet-203-2025-qh15-sua-doi-bo-sung-mot-so-dieu-cua-hien-phap-nuoc-cong-hoa-xa-hoi-chu-nghia-viet-nam-119250616181735552.htm,2025-06-28,wikipedia-ref,
wiki-08227-3,Nghị quyết số 1676/NQ-UBTVQH15 sắp xếp các ĐVHC cấp xã của tỉnh Phú Thọ năm 2025,https://xaydungchinhsach.chinhphu.vn/toan-van-nghi-quyet-so-1676-nq-ubtvqh15-sap-xep-cac-dvhc-cap-xa-cua-tinh-phu-tho-nam-2025-119250616204317326.htm,2025-06-20,wikipedia-ref,
wiki-08230-1,"Nghị quyết số 2/NQ-UBBC về việc công bố danh sách những người ứng cử đại biểu Hội đồng nhân dân xã Phù Ninh khóa XXIV, nhiệm kỳ 2026 - 2031 theo từng đơn vị bầu cử",https://phuninh.phutho.gov.vn/tu-lieu/he-thong-van-ban/uy-ban-bau-cu-xa-phu-ninh-ban-hanh-nghi-quyet-ve-viec-cong-bo-danh-sach-nhung-nguoi-ung-cu-dai-bieu-hoi-dong-nhan-dan-xa-phu-ninh-khoa-xxiv-nhiem-ky-2026-2031-theo-tung-don-vi-bau-cu/?gidzl=qPABGLimTMtLZOz7NYXzQD2AXan2UtWrcztG6H1uBJsPqzCI77KkRf20rq0QTonjmuBG4Z6yayiTNZ5nRm,2026-02-25,wikipedia-ref,
wiki-08230-2,"THÔNG BÁO Tên gọi của các Tổ dân phố mới sau sắp xếp, sáp nhập và đổi tên Tổ dân phố trên địa bàn xã Phù Ninh {{!",https://phuninh.phutho.gov.vn/tin-tuc/thong-bao/th%C3%B4ng-b%C3%A1o-t%C3%AAn-go-i-cu-a-ca-c-t%C3%B4-d%C3%A2n-ph%C3%B4-m%C6%A1-i-sau-s%C4%83-p-x%C3%AA-p-sa-p-nh%E1%BA%ADp-va-%C4%91%C3%B4-i-t%C3%AAn-t%C3%B4-d%C3%A2n-ph%C3%B4-tr%C3%AAn-%C4%91i-a-ba-n-xa-phu-ninh/,2026-07-18,wikipedia-ref,
wiki-08230-3,Nghị quyết số 111/2025/UBTVQH15 về phân loại đô thị,https://xaydungchinhsach.chinhphu.vn/nghi-quyet-so-111-2025-ubtvqh15-ve-phan-loai-do-thi-119260101170432239.htm,2026-01-21,wikipedia-ref,
portal-08236,"Danh sách 12 thôn mới sau sáp nhập thôn ở xã Phú Mỹ, tỉnh Phú Thọ",https://danviet.vn/danh-sach-12-thon-moi-ten-thon-moi-sau-sap-nhap-thon-thanh-cong-o-xa-phu-my-tinh-phu-tho-dia-phan-huyen-phu-ninh-cu-d1446799.html,2026-07-28,cong_ttdt,
wiki-08245-1,Quyết định số 82/QĐ-UBND về việc thành lập các khu vực bỏ phiếu bầu cử đại biểu Quốc hội khóa XVI và đại biểu Hội đồng nhân dân các cấp nhiệm kỳ 2026 - 2031 trên địa bàn xã Trạm Thản,https://tramthan.phutho.gov.vn/tin-tuc-su-kien/thoi-su-chinh-tri/danh-sach-23-khu-vuc-bo-phieu-bau-cu-dai-bieu-quoc-hoi-khoa-xvi-va-dai-bieu-hoi-dong-nhan-dan-cac-cap-nhiem-ky-2026-2031-tren-dia-ban-xa-tram-than/?gidzl=7DStFiv8J5uOo3Cuor5CNn_EDJxLKKrT1vmnRuTJHrrLd6XgqWj7M0AIFJpI1HTV0vWxFpVahavHoqb8N0,2026-01-22,wikipedia-ref,
wiki-08245-2,Danh sách những người ứng cử đại biểu Hội đồng nhân dân xã Trạm Thản khóa XXIV nhiệm kỳ 2026 - 2031,https://tramthan.phutho.gov.vn/tin-tuc-su-kien/thoi-su-chinh-tri/danh-sach-nhung-nguoi-ung-cu-dai-bieu-hdnd-xa-tram-than-khoa-xxiv-nhiem-ky-2026-2031/?gidzl=ASZNO1WKBWGjrzDc7Gqj0oZHr6C1NIrLDO7IObCDVGzjrDDfNrWgMZlGrMaB3tXQFjJNR3O7xSnL7HKg1W,2026-03-04,wikipedia-ref,
wiki-08245-3,"NGHỊ QUYẾT 203/2025/QH15 SỬA ĐỔI, BỔ SUNG MỘT SỐ ĐIỀU CỦA HIẾN PHÁP NƯỚC CỘNG HÒA XÃ HỘI CHỦ NGHĨA VIỆT NAM",https://xaydungchinhsach.chinhphu.vn/nghi-quyet-203-2025-qh15-sua-doi-bo-sung-mot-so-dieu-cua-hien-phap-nuoc-cong-hoa-xa-hoi-chu-nghia-viet-nam-119250616181735552.htm,2025-06-28,wikipedia-ref,
wiki-08254-1,Danh sách chính thức những người ứng cử đại biểu Hội đồng nhân dân xã Dân Chủ - tỉnh Phú Thọ nhiệm kỳ 2026 - 2031,https://danchu.phutho.gov.vn/chuyen-muc/bau-cu-quoc-hoi-va-hdnd-cac-cap/danh-sach-chinh-thuc-nhung-nguoi-ung-cu-dai-bieu-hdnd-xa-dan-chu-tinh-phu-tho-nhiem-ky-2026-2031/,2026-04-19,wikipedia-ref,
wiki-08254-2,"NGHỊ QUYẾT 203/2025/QH15 SỬA ĐỔI, BỔ SUNG MỘT SỐ ĐIỀU CỦA HIẾN PHÁP NƯỚC CỘNG HÒA XÃ HỘI CHỦ NGHĨA VIỆT NAM",https://xaydungchinhsach.chinhphu.vn/nghi-quyet-203-2025-qh15-sua-doi-bo-sung-mot-so-dieu-cua-hien-phap-nuoc-cong-hoa-xa-hoi-chu-nghia-viet-nam-119250616181735552.htm,2025-06-28,wikipedia-ref,
wiki-08254-3,Nghị quyết số 1676/NQ-UBTVQH15 sắp xếp các ĐVHC cấp xã của tỉnh Phú Thọ năm 2025,https://xaydungchinhsach.chinhphu.vn/toan-van-nghi-quyet-so-1676-nq-ubtvqh15-sap-xep-cac-dvhc-cap-xa-cua-tinh-phu-tho-nam-2025-119250616204317326.htm,2025-06-20,wikipedia-ref,
wiki-08275-1,"Nghị quyết số 18/NQ-HĐND ngày 19/6/2026 của HĐND xã Bình Phú về việc sắp xếp, đổi tên thôn trên địa bàn xã Bình Phú. {{!",https://binhphu.phutho.gov.vn/tu-lieu/he-thong-van-ban/nghi-quyet-so-18nq-hdnd-ngay-1962026-cua-hdnd-xa-binh-phu-ve-viec-sap-xep-doi-ten-thon-tren-dia-ban-xa-binh-phu/,2026-07-17,wikipedia-ref,
wiki-08275-2,Quyết định số 53/QĐ-UBND về việc thành lập các khu vực bỏ phiếu bầu cử đại biểu Quốc hội khóa XVI và đại biểu Hội đồng nhân dân các cấp nhiệm kỳ 2026 - 2031 trên địa bàn xã Bình Phú,https://binhphu.phutho.gov.vn/tu-lieu/he-thong-van-ban/quyet-dinh-ve-viec-thanh-lap-cac-khu-vuc-bo-phieu-bau-cu-dai-bieu-quoc-hoi-khoa-xvi-va-dai-bieu-hoi-dong-nhan-dan-cac-cap-nhiem-ky-2026-2031-tren-dia-ban-xa-binh-phu/?gidzl=5nqNS09_TGWJ0XDs1sTm31m67tCHPorP1LSP8aCyBri6Lq0cGpOd3WLJ4duVD7HLMWGJApKZKrT91tvn2W,2026-01-26,wikipedia-ref,
wiki-08275-3,,https://thuvienphapluat.vn/van-ban/Bo-may-hanh-chinh/Nghi-quyet-828-NQ-UBTVQH14-2019-sap-xep-don-vi-hanh-chinh-cap-xa-thuoc-tinh-Phu-Tho-432098.aspx,,wikipedia-ref,
wiki-08290-1,"Nghị quyết số 2/NQ-UBBC về việc công bố danh sách những người ứng cử đại biểu Hội đồng nhân dân xã Yên Lập, nhiệm kỳ 2026 - 2031 theo từng đơn vị bầu cử",https://web.facebook.com/story.php?story_fbid=930449813018382&id=100081601155847&rdid=CqEgwqUiuuhj2j1t#,2026-02-24,wikipedia-ref,
wiki-08290-2,Nghị quyết số 111/2025/UBTVQH15 về phân loại đô thị,https://xaydungchinhsach.chinhphu.vn/nghi-quyet-so-111-2025-ubtvqh15-ve-phan-loai-do-thi-119260101170432239.htm,2026-01-21,wikipedia-ref,
wiki-08290-3,"Danh sách Thôn vùng đồng bào dân tộc thiểu số và miền núi, thôn đặc biệt khó khăn giai đoạn 2026 - 2030 trên địa bàn tỉnh Phú Thọ",http://files.ubdt.gov.vn/files/ecm/source_files/2026/02/05/11252411_4.%20Ph%C3%BA%20Th%E1%BB%8D%201%20(th%C3%B4n).signed_26-02-05.pdf,2026-01-29,wikipedia-ref,
wiki-08296-1,"Quyết định số 62/QĐ-UBND về việc thành lập các khu vực bỏ phiếu bầu cử đại biểu Quốc hội khóa XVI và đại biểu Hội đồng nhân dân các cấp, nhiệm kỳ 2026 - 2031",https://www.facebook.com/story.php?story_fbid=122158806602929845&id=61577895364678&rdid=souOofHH7Yuyq2G3#,2026-01-23,wikipedia-ref,
wiki-08296-2,"Danh sách Thôn vùng đồng bào dân tộc thiểu số và miền núi, thôn đặc biệt khó khăn giai đoạn 2026 - 2030 trên địa bàn tỉnh Phú Thọ",http://files.ubdt.gov.vn/files/ecm/source_files/2026/02/05/11252411_4.%20Ph%C3%BA%20Th%E1%BB%8D%201%20(th%C3%B4n).signed_26-02-05.pdf,2026-01-29,wikipedia-ref,
wiki-08296-3,"NGHỊ QUYẾT 203/2025/QH15 SỬA ĐỔI, BỔ SUNG MỘT SỐ ĐIỀU CỦA HIẾN PHÁP NƯỚC CỘNG HÒA XÃ HỘI CHỦ NGHĨA VIỆT NAM",https://xaydungchinhsach.chinhphu.vn/nghi-quyet-203-2025-qh15-sua-doi-bo-sung-mot-so-dieu-cua-hien-phap-nuoc-cong-hoa-xa-hoi-chu-nghia-viet-nam-119250616181735552.htm,2025-06-28,wikipedia-ref,
wiki-08305-1,"Nghị quyết số 4/NQ-UBBC về việc Xác nhận tư cách đại biều Hội đồng nhân dân xã Xuân Viên khóa XXIV, nhiệm kỳ 2026 - 2031",https://xuanvien.phutho.gov.vn/index.php/van-ban-phap-quy?task=download.send&id=36&catid=6&m=0,2026-03-23,wikipedia-ref,
wiki-08305-2,"Danh sách Thôn vùng đồng bào dân tộc thiểu số và miền núi, thôn đặc biệt khó khăn giai đoạn 2026 - 2030 trên địa bàn tỉnh Phú Thọ",http://files.ubdt.gov.vn/files/ecm/source_files/2026/02/05/11252411_4.%20Ph%C3%BA%20Th%E1%BB%8D%201%20(th%C3%B4n).signed_26-02-05.pdf,2026-01-29,wikipedia-ref,
wiki-08305-3,"NGHỊ QUYẾT 203/2025/QH15 SỬA ĐỔI, BỔ SUNG MỘT SỐ ĐIỀU CỦA HIẾN PHÁP NƯỚC CỘNG HÒA XÃ HỘI CHỦ NGHĨA VIỆT NAM",https://xaydungchinhsach.chinhphu.vn/nghi-quyet-203-2025-qh15-sua-doi-bo-sung-mot-so-dieu-cua-hien-phap-nuoc-cong-hoa-xa-hoi-chu-nghia-viet-nam-119250616181735552.htm,2025-06-28,wikipedia-ref,
wiki-08311-1,"Nghị quyết số 2/NQ-UBBC về việc công bố danh sách những người ứng cử đại biểu Hội đồng nhân dân xã Trung Sơn, nhiệm kỳ 2026 - 2031 theo từng đơn vị bầu cử",https://web.facebook.com/story.php?story_fbid=122170641434923023&id=61577690709377&rdid=annsEoOXtceJ4iCX#,2026-02-26,wikipedia-ref,
wiki-08311-2,"Danh sách Thôn vùng đồng bào dân tộc thiểu số và miền núi, thôn đặc biệt khó khăn giai đoạn 2026 - 2030 trên địa bàn tỉnh Phú Thọ",http://files.ubdt.gov.vn/files/ecm/source_files/2026/02/05/11252411_4.%20Ph%C3%BA%20Th%E1%BB%8D%201%20(th%C3%B4n).signed_26-02-05.pdf,2026-01-29,wikipedia-ref,
wiki-08311-3,"NGHỊ QUYẾT 203/2025/QH15 SỬA ĐỔI, BỔ SUNG MỘT SỐ ĐIỀU CỦA HIẾN PHÁP NƯỚC CỘNG HÒA XÃ HỘI CHỦ NGHĨA VIỆT NAM",https://xaydungchinhsach.chinhphu.vn/nghi-quyet-203-2025-qh15-sua-doi-bo-sung-mot-so-dieu-cua-hien-phap-nuoc-cong-hoa-xa-hoi-chu-nghia-viet-nam-119250616181735552.htm,2025-06-28,wikipedia-ref,
wiki-08323-1,"Nghị quyết số 1/NQ-UBBC về việc Công bố danh sách chính thức những người ứng cử đại biểu Hội đồng nhân dân xã Thượng Long, nhiệm kỳ 2026 - 2031 theo từng đơn vị bầu cử",https://web.facebook.com/story.php?story_fbid=122167019516926796&id=61577803897127&rdid=qWi8ZbKTAZMoOnRf#,2026-02-24,wikipedia-ref,
wiki-08323-2,"Danh sách Thôn vùng đồng bào dân tộc thiểu số và miền núi, thôn đặc biệt khó khăn giai đoạn 2026 - 2030 trên địa bàn tỉnh Phú Thọ",http://files.ubdt.gov.vn/files/ecm/source_files/2026/02/05/11252411_4.%20Ph%C3%BA%20Th%E1%BB%8D%201%20(th%C3%B4n).signed_26-02-05.pdf,2026-01-29,wikipedia-ref,
wiki-08323-3,"NGHỊ QUYẾT 203/2025/QH15 SỬA ĐỔI, BỔ SUNG MỘT SỐ ĐIỀU CỦA HIẾN PHÁP NƯỚC CỘNG HÒA XÃ HỘI CHỦ NGHĨA VIỆT NAM",https://xaydungchinhsach.chinhphu.vn/nghi-quyet-203-2025-qh15-sua-doi-bo-sung-mot-so-dieu-cua-hien-phap-nuoc-cong-hoa-xa-hoi-chu-nghia-viet-nam-119250616181735552.htm,2025-06-28,wikipedia-ref,
wiki-08338-1,"Nghị quyết số 1/NQ-UBBC về việc công bố danh sách những người ứng cử đại biểu Hội đồng nhân dân xã Minh Hòa, nhiệm kỳ 2026 - 2031 theo từng đơn vị bầu cử",https://minhhoa.phutho.gov.vn/chuyen-muc/bau-cu-quoc-hoi-va-hdnd-cac-cap/nghi-quyet-ve-viec-cong-bo-danh-sach-nhung-nguoi-ung-cu-dai-bieu-hoi-dong-nhan-dan-xa-minh-hoa-nhiem-ky-2026-2031-theo-tung-don-vi-bau-cu/,2026-02-24,wikipedia-ref,
wiki-08338-2,"Danh sách Thôn vùng đồng bào dân tộc thiểu số và miền núi, thôn đặc biệt khó khăn giai đoạn 2026 - 2030 trên địa bàn tỉnh Phú Thọ",http://files.ubdt.gov.vn/files/ecm/source_files/2026/02/05/11252411_4.%20Ph%C3%BA%20Th%E1%BB%8D%201%20(th%C3%B4n).signed_26-02-05.pdf,2026-01-29,wikipedia-ref,
wiki-08338-3,"NGHỊ QUYẾT 203/2025/QH15 SỬA ĐỔI, BỔ SUNG MỘT SỐ ĐIỀU CỦA HIẾN PHÁP NƯỚC CỘNG HÒA XÃ HỘI CHỦ NGHĨA VIỆT NAM",https://xaydungchinhsach.chinhphu.vn/nghi-quyet-203-2025-qh15-sua-doi-bo-sung-mot-so-dieu-cua-hien-phap-nuoc-cong-hoa-xa-hoi-chu-nghia-viet-nam-119250616181735552.htm,2025-06-28,wikipedia-ref,
wiki-08341-1,Nghị quyết số 111/2025/UBTVQH15 về phân loại đô thị,https://xaydungchinhsach.chinhphu.vn/nghi-quyet-so-111-2025-ubtvqh15-ve-phan-loai-do-thi-119260101170432239.htm,2026-01-21,wikipedia-ref,
wiki-08341-2,"Danh sách chính thức 39 người ứng cử đại biểu Hội đồng nhân dân xã Cẩm Khê khóa II, nhiệm kỳ 2026-2031 tại 05 đơn vị bầu cử",https://web.facebook.com/share/p/1EAk5pihem/,2026-02-25,wikipedia-ref,
wiki-08341-3,"NGHỊ QUYẾT 203/2025/QH15 SỬA ĐỔI, BỔ SUNG MỘT SỐ ĐIỀU CỦA HIẾN PHÁP NƯỚC CỘNG HÒA XÃ HỘI CHỦ NGHĨA VIỆT NAM",https://xaydungchinhsach.chinhphu.vn/nghi-quyet-203-2025-qh15-sua-doi-bo-sung-mot-so-dieu-cua-hien-phap-nuoc-cong-hoa-xa-hoi-chu-nghia-viet-nam-119250616181735552.htm,2025-06-28,wikipedia-ref,
wiki-08344-1,Quyết định số 25/QĐ-UBND về việc thành lập các khu vực bỏ phiếu bầu cử đại biểu Quốc hội khóa XVI và bầu cử đại biểu Hội đồng nhân dân các cấp nhiệm kỳ 2026 - 2031 trên địa bàn xã Tiên Lương,https://tienluong.phutho.gov.vn/index.php/2013-12-13-01-52-02/1-van-ban-cua-xa,2026-01-13,wikipedia-ref,
wiki-08344-2,"NGHỊ QUYẾT 203/2025/QH15 SỬA ĐỔI, BỔ SUNG MỘT SỐ ĐIỀU CỦA HIẾN PHÁP NƯỚC CỘNG HÒA XÃ HỘI CHỦ NGHĨA VIỆT NAM",https://xaydungchinhsach.chinhphu.vn/nghi-quyet-203-2025-qh15-sua-doi-bo-sung-mot-so-dieu-cua-hien-phap-nuoc-cong-hoa-xa-hoi-chu-nghia-viet-nam-119250616181735552.htm,2025-06-28,wikipedia-ref,
wiki-08344-3,Nghị quyết số 1676/NQ-UBTVQH15 sắp xếp các ĐVHC cấp xã của tỉnh Phú Thọ năm 2025,https://xaydungchinhsach.chinhphu.vn/toan-van-nghi-quyet-so-1676-nq-ubtvqh15-sap-xep-cac-dvhc-cap-xa-cua-tinh-phu-tho-nam-2025-119250616204317326.htm,2025-06-20,wikipedia-ref,
wiki-08377-1,"Nghị quyết số 2/NQ-UBBC về việc công bố danh sách những người ứng cử đại biểu Hội đồng nhân dân xã Vân Bán khóa II, nhiệm kỳ 2026 - 2031 theo từng đơn vị bầu cử",https://web.facebook.com/story.php?story_fbid=122165308430920308&id=61577609260849&rdid=zi7e5myOtD3HFHvS#,2026-02-25,wikipedia-ref,
wiki-08377-2,"Danh sách Thôn vùng đồng bào dân tộc thiểu số và miền núi, thôn đặc biệt khó khăn giai đoạn 2026 - 2030 trên địa bàn tỉnh Phú Thọ",http://files.ubdt.gov.vn/files/ecm/source_files/2026/02/05/11252411_4.%20Ph%C3%BA%20Th%E1%BB%8D%201%20(th%C3%B4n).signed_26-02-05.pdf,2026-01-29,wikipedia-ref,
wiki-08377-3,"NGHỊ QUYẾT 203/2025/QH15 SỬA ĐỔI, BỔ SUNG MỘT SỐ ĐIỀU CỦA HIẾN PHÁP NƯỚC CỘNG HÒA XÃ HỘI CHỦ NGHĨA VIỆT NAM",https://xaydungchinhsach.chinhphu.vn/nghi-quyet-203-2025-qh15-sua-doi-bo-sung-mot-so-dieu-cua-hien-phap-nuoc-cong-hoa-xa-hoi-chu-nghia-viet-nam-119250616181735552.htm,2025-06-28,wikipedia-ref,
wiki-08398-1,"Danh sách Thôn vùng đồng bào dân tộc thiểu số và miền núi, thôn đặc biệt khó khăn giai đoạn 2026 - 2030 trên địa bàn tỉnh Phú Thọ",http://files.ubdt.gov.vn/files/ecm/source_files/2026/02/05/11252411_4.%20Ph%C3%BA%20Th%E1%BB%8D%201%20(th%C3%B4n).signed_26-02-05.pdf,2026-01-29,wikipedia-ref,
wiki-08398-2,"Danh sách chính thức 32 người ứng cử đại biểu Hội đồng nhân dân xã Phú Khê khóa XXV, nhiệm kỳ 2026-2031 tại 04 đơn vị bầu cử",https://web.facebook.com/story.php?story_fbid=122169996134708653&id=61571259614901&rdid=Qp5RK2KD3ih5wUjm#,2026-02-28,wikipedia-ref,
wiki-08398-3,"NGHỊ QUYẾT 203/2025/QH15 SỬA ĐỔI, BỔ SUNG MỘT SỐ ĐIỀU CỦA HIẾN PHÁP NƯỚC CỘNG HÒA XÃ HỘI CHỦ NGHĨA VIỆT NAM",https://xaydungchinhsach.chinhphu.vn/nghi-quyet-203-2025-qh15-sua-doi-bo-sung-mot-so-dieu-cua-hien-phap-nuoc-cong-hoa-xa-hoi-chu-nghia-viet-nam-119250616181735552.htm,2025-06-28,wikipedia-ref,
wiki-08416-1,"Nghị quyết số 1/NQ-UBBC về việc ấn định và công bố số đơn vị bầu cử, danh sách các đơn vị bầu cử và số lượng đại biểu được bầu của mỗi đơn vị bầu cử đại biểu Hội đồng nhân dân xã Hùng Việt, nhiệm kỳ 2026 - 2031",https://hungviet.phutho.gov.vn/index.php/2013-12-13-01-52-02/1-van-ban-cua-xa,2025-12-24,wikipedia-ref,
wiki-08416-2,,https://thuvienphapluat.vn/van-ban/Bo-may-hanh-chinh/Nghi-quyet-828-NQ-UBTVQH14-2019-sap-xep-don-vi-hanh-chinh-cap-xa-thuoc-tinh-Phu-Tho-432098.aspx,,wikipedia-ref,
wiki-08416-3,"NGHỊ QUYẾT 203/2025/QH15 SỬA ĐỔI, BỔ SUNG MỘT SỐ ĐIỀU CỦA HIẾN PHÁP NƯỚC CỘNG HÒA XÃ HỘI CHỦ NGHĨA VIỆT NAM",https://xaydungchinhsach.chinhphu.vn/nghi-quyet-203-2025-qh15-sua-doi-bo-sung-mot-so-dieu-cua-hien-phap-nuoc-cong-hoa-xa-hoi-chu-nghia-viet-nam-119250616181735552.htm,2025-06-28,wikipedia-ref,
wiki-08431-1,"Danh sách Thôn vùng đồng bào dân tộc thiểu số và miền núi, thôn đặc biệt khó khăn giai đoạn 2026 - 2030 trên địa bàn tỉnh Phú Thọ",http://files.ubdt.gov.vn/files/ecm/source_files/2026/02/05/11252411_4.%20Ph%C3%BA%20Th%E1%BB%8D%201%20(th%C3%B4n).signed_26-02-05.pdf,2026-01-29,wikipedia-ref,
wiki-08431-2,"Đơn vị bầu cử số 01 gồm các khu: Vạn Phong, Đồn Vực, Xóm Chùa, Đồn Ngựa, Xóm Đồi",https://dongluong.phutho.gov.vn/index.php/bau-cu/don-vi-bau-cu-so-01-gom-cac-khu-van-phong-don-vuc-xom-chua-don-ngua-xom-doi-2,2026-03-11,wikipedia-ref,
wiki-08431-3,"Đơn vị bầu cử số 02 gồm các khu: Thống Nhất, Dộc Ngõa, Vạn Thắng, Đá Hen, Đồn Điền, Xi Hen",https://dongluong.phutho.gov.vn/index.php/bau-cu/don-vi-bau-cu-so-02-gom-cac-khu-thong-nhat-doc-ngoa-van-thang-da-hen-don-dien-xi-hen-so-nguoi-ung-cu-5-so-dai-bieu-dc-bau-3,2026-03-11,wikipedia-ref,
wiki-08434-1,"Thông báo số 55/TB-UBND về việc niêm yết danh sách cử tri bầu cử đại biểu Quốc hội khóa XVI và đại biểu Hội đồng nhân dân các cấp, nhiệm kỳ 2026 - 2031",https://tamnong.phutho.gov.vn/tu-lieu/he-thong-van-ban/thong-bao-cua-ubnd-xa-ve-viec-niem-yet-danh-sach-cu-tri-bau-cu/?gidzl=R7jrEFJyBdPeP74-yUGcT6XWUJlexdDpTsqiEBYwSIDoQYXbxUfoBtK_VsMvlIX_T3XtPJUkjcv_yVqgT0,2026-01-30,wikipedia-ref,
wiki-08434-2,Nghị quyết số 828/NQ-UBTVQH14 của ỦY BAN THƯỜNG VỤ QUỐC HỘI: Về việc sắp xếp các đơn vị hành chính cấp xã thuộc tỉnh Phú Thọ,http://vanban.chinhphu.vn/default.aspx?pageid=27160&docid=198693,2026-07-03,wikipedia-ref,
wiki-08434-3,Nghị quyết số 111/2025/UBTVQH15 về phân loại đô thị,https://xaydungchinhsach.chinhphu.vn/nghi-quyet-so-111-2025-ubtvqh15-ve-phan-loai-do-thi-119260101170432239.htm,2026-01-21,wikipedia-ref,
wiki-08443-1,Danh sách người ứng cử đại biểu Hội đồng nhân dân xã Hiền Quan nhiệm kỳ 2026 - 2031,https://hienquan.phutho.gov.vn/index.php/tin-tuc-su-kien/chinh-tri/danh-sach-nguoi-ung-cu-dai-bieu-hoi-dong-nhan-dan-xa-hien-quan-nhiem-ky-2026-2031,2026-03-15,wikipedia-ref,
wiki-08443-2,"NGHỊ QUYẾT 203/2025/QH15 SỬA ĐỔI, BỔ SUNG MỘT SỐ ĐIỀU CỦA HIẾN PHÁP NƯỚC CỘNG HÒA XÃ HỘI CHỦ NGHĨA VIỆT NAM",https://xaydungchinhsach.chinhphu.vn/nghi-quyet-203-2025-qh15-sua-doi-bo-sung-mot-so-dieu-cua-hien-phap-nuoc-cong-hoa-xa-hoi-chu-nghia-viet-nam-119250616181735552.htm,2025-06-28,wikipedia-ref,
wiki-08443-3,Nghị quyết số 1676/NQ-UBTVQH15 sắp xếp các ĐVHC cấp xã của tỉnh Phú Thọ năm 2025,https://xaydungchinhsach.chinhphu.vn/toan-van-nghi-quyet-so-1676-nq-ubtvqh15-sap-xep-cac-dvhc-cap-xa-cua-tinh-phu-tho-nam-2025-119250616204317326.htm,2025-06-20,wikipedia-ref,
wiki-08467-1,"Quyết định số 2/QĐ-UBBC về việc ấn định đơn vị bầu cử và số đại biểu được bầu ở mỗi đơn vị bầu cử đại biểu Hội đồng nhân dân xã Vạn Xuân, nhiệm kỳ 2026 - 2031",https://vanxuan.phutho.gov.vn/index.php/2013-12-13-01-52-02/3-van-ban-bau-cu,2025-12-23,wikipedia-ref,
wiki-08467-2,,https://thuvienphapluat.vn/van-ban/Bo-may-hanh-chinh/Nghi-quyet-828-NQ-UBTVQH14-2019-sap-xep-don-vi-hanh-chinh-cap-xa-thuoc-tinh-Phu-Tho-432098.aspx,,wikipedia-ref,
wiki-08467-3,"NGHỊ QUYẾT 203/2025/QH15 SỬA ĐỔI, BỔ SUNG MỘT SỐ ĐIỀU CỦA HIẾN PHÁP NƯỚC CỘNG HÒA XÃ HỘI CHỦ NGHĨA VIỆT NAM",https://xaydungchinhsach.chinhphu.vn/nghi-quyet-203-2025-qh15-sua-doi-bo-sung-mot-so-dieu-cua-hien-phap-nuoc-cong-hoa-xa-hoi-chu-nghia-viet-nam-119250616181735552.htm,2025-06-28,wikipedia-ref,
wiki-08479-1,"Danh sách Thôn vùng đồng bào dân tộc thiểu số và miền núi, thôn đặc biệt khó khăn giai đoạn 2026 - 2030 trên địa bàn tỉnh Phú Thọ",http://files.ubdt.gov.vn/files/ecm/source_files/2026/02/05/11252411_4.%20Ph%C3%BA%20Th%E1%BB%8D%201%20(th%C3%B4n).signed_26-02-05.pdf,2026-01-29,wikipedia-ref,
wiki-08479-2,"Thông báo số 40/TB-UBND về việc niêm yết danh sách cử tri bầu cử đại biểu Quốc hội khóa XVI và bầu cử đại biểu Hội đồng nhân dân các cấp, nhiệm kỳ 2026 - 2031",https://web.facebook.com/story.php?story_fbid=122161681538924858&id=61577745756275&rdid=ZCgI00KN4NtIEryH#,2026-02-02,wikipedia-ref,
wiki-08479-3,"NGHỊ QUYẾT 203/2025/QH15 SỬA ĐỔI, BỔ SUNG MỘT SỐ ĐIỀU CỦA HIẾN PHÁP NƯỚC CỘNG HÒA XÃ HỘI CHỦ NGHĨA VIỆT NAM",https://xaydungchinhsach.chinhphu.vn/nghi-quyet-203-2025-qh15-sua-doi-bo-sung-mot-so-dieu-cua-hien-phap-nuoc-cong-hoa-xa-hoi-chu-nghia-viet-nam-119250616181735552.htm,2025-06-28,wikipedia-ref,
wiki-08494-1,Nghị quyết số 111/2025/UBTVQH15 về phân loại đô thị,https://xaydungchinhsach.chinhphu.vn/nghi-quyet-so-111-2025-ubtvqh15-ve-phan-loai-do-thi-119260101170432239.htm,2026-01-21,wikipedia-ref,
wiki-08494-2,"Danh sách 21 người trúng cử đại biểu Hội đồng nhân dân xã Lâm Thao khóa II, nhiệm kỳ 2026 - 2031",https://web.facebook.com/story.php?story_fbid=122167113542936860&id=61578105804572&rdid=eSW4xgaTUA2uBbRa#,2026-03-20,wikipedia-ref,
wiki-08494-3,"NGHỊ QUYẾT 203/2025/QH15 SỬA ĐỔI, BỔ SUNG MỘT SỐ ĐIỀU CỦA HIẾN PHÁP NƯỚC CỘNG HÒA XÃ HỘI CHỦ NGHĨA VIỆT NAM",https://xaydungchinhsach.chinhphu.vn/nghi-quyet-203-2025-qh15-sua-doi-bo-sung-mot-so-dieu-cua-hien-phap-nuoc-cong-hoa-xa-hoi-chu-nghia-viet-nam-119250616181735552.htm,2025-06-28,wikipedia-ref,
wiki-08500-1,Ủy ban bầu cử xã Xuân Lũng trân trọng gửi tới cử tri và Nhân dân Tiểu sử tóm tắt những người ứng cử Đại biểu Hội đồng nhân dân xã nhiệm kỳ 2026 - 2031 tại Đơn vị bầu cử số 1,https://web.facebook.com/story.php?story_fbid=1262318702657166&id=100066371448905&rdid=DoybAAfh3cUU8k5w#,2026-03-07,wikipedia-ref,
wiki-08500-2,Trân trọng gửi tới cử tri và Nhân dân Tiểu sử tóm tắt những người ứng cử Đại biểu Hội đồng nhân dân xã nhiệm kỳ 2026 - 2031 tại Đơn vị bầu cử số 2,https://web.facebook.com/story.php?story_fbid=1262827019273001&id=100066371448905&rdid=0XUUqlP23OkfRc12#,2026-03-08,wikipedia-ref,
wiki-08500-3,Ủy ban bầu cử xã trân trọng gửi tới cử tri và Nhân dân Tiểu sử tóm tắt những người ứng cử Đại biểu Hội đồng nhân dân xã nhiệm kỳ 2026 - 2031 tại Đơn vị bầu cử số 3,https://web.facebook.com/story.php?story_fbid=1263409619214741&id=100066371448905&rdid=a9bqkoCnGhGIGzVg#,2026-03-09,wikipedia-ref,
wiki-08515-1,XÃ HY CƯƠNG: TỔ CHỨC HỘI THẢO LẤY Ý KIẾN NHÂN DÂN VỀ PHƯƠNG ÁN ĐỔI TÊN THÔN TRÊN ĐỊA BÀN,https://hycuong.phutho.gov.vn/index.php/tin-tuc-su-kien/chinh-tri/xa-hy-cuong-to-chuc-hoi-thao-lay-y-kien-nhan-dan-ve-phuong-an-doi-ten-thon-tren-dia-ban,7/17/2026,wikipedia-ref,
wiki-08515-2,"NGHỊ QUYẾT 203/2025/QH15 SỬA ĐỔI, BỔ SUNG MỘT SỐ ĐIỀU CỦA HIẾN PHÁP NƯỚC CỘNG HÒA XÃ HỘI CHỦ NGHĨA VIỆT NAM",https://xaydungchinhsach.chinhphu.vn/nghi-quyet-203-2025-qh15-sua-doi-bo-sung-mot-so-dieu-cua-hien-phap-nuoc-cong-hoa-xa-hoi-chu-nghia-viet-nam-119250616181735552.htm,2025-06-28,wikipedia-ref,
wiki-08515-3,Nghị quyết số 1676/NQ-UBTVQH15 sắp xếp các ĐVHC cấp xã của tỉnh Phú Thọ năm 2025,https://xaydungchinhsach.chinhphu.vn/toan-van-nghi-quyet-so-1676-nq-ubtvqh15-sap-xep-cac-dvhc-cap-xa-cua-tinh-phu-tho-nam-2025-119250616204317326.htm,2025-06-20,wikipedia-ref,
wiki-08521-1,Xã Phùng Nguyên thành lập 19 khu vực bỏ phiếu phục vụ bầu cử đại biểu Quốc hội khóa XVI và đại biểu Hội đồng nhân dân các cấp nhiệm kỳ 2026 - 2031,https://phungnguyen.phutho.gov.vn/index.php/bau-cu/xa-phung-nguyen-thanh-lap-19-khu-vuc-bo-phieu-phuc-vu-bau-cu-dai-bieu-quoc-hoi-khoa-xvi-va-dai-bieu-hdnd-cac-cap-nhiem-ky-2026-2031,2026-02-03,wikipedia-ref,
wiki-08521-2,,https://thuvienphapluat.vn/van-ban/Bo-may-hanh-chinh/Nghi-quyet-828-NQ-UBTVQH14-2019-sap-xep-don-vi-hanh-chinh-cap-xa-thuoc-tinh-Phu-Tho-432098.aspx,,wikipedia-ref,
wiki-08521-3,"NGHỊ QUYẾT 203/2025/QH15 SỬA ĐỔI, BỔ SUNG MỘT SỐ ĐIỀU CỦA HIẾN PHÁP NƯỚC CỘNG HÒA XÃ HỘI CHỦ NGHĨA VIỆT NAM",https://xaydungchinhsach.chinhphu.vn/nghi-quyet-203-2025-qh15-sua-doi-bo-sung-mot-so-dieu-cua-hien-phap-nuoc-cong-hoa-xa-hoi-chu-nghia-viet-nam-119250616181735552.htm,2025-06-28,wikipedia-ref,
wiki-08527-1,"Nghị quyết số 1/NQ-UBBC về việc công bố danh sách chính thức những người ứng cử đại biểu Hội đồng nhân dân xã Bản Nguyên, nhiệm kỳ 2026 - 2031 theo từng đơn vị bầu cử",https://bannguyen.phutho.gov.vn/index.php/tin-t-c-s-ki-n/chinh-tr/3797-danh-sach-chinh-thuc-36-nguoi-ung-cu-dai-bieu-hdnd-xa-ban-nguyen-nhiem-ky-2026-2031-tai-6-don-vi-bau-cu,2026-02-24,wikipedia-ref,
wiki-08527-2,Thông báo tên gọi 20 thôn sau sáp nhập trên địa bàn xã Bản Nguyên,https://bannguyen.phutho.gov.vn/index.php/tha-ng-tin-tuya-n-truya-n/4273-thong-bao-ten-goi-20-thon-sau-sap-nhap-tren-dia-ban-xa-ban-nguyen,2026-08-03,wikipedia-ref,
wiki-08527-3,"NGHỊ QUYẾT 203/2025/QH15 SỬA ĐỔI, BỔ SUNG MỘT SỐ ĐIỀU CỦA HIẾN PHÁP NƯỚC CỘNG HÒA XÃ HỘI CHỦ NGHĨA VIỆT NAM",https://xaydungchinhsach.chinhphu.vn/nghi-quyet-203-2025-qh15-sua-doi-bo-sung-mot-so-dieu-cua-hien-phap-nuoc-cong-hoa-xa-hoi-chu-nghia-viet-nam-119250616181735552.htm,2025-06-28,wikipedia-ref,
wiki-08545-1,"Nghị quyết số 2/NQ-UBBC về việc công bố danh sách chính thức những người ứng cử đại biểu Hội đồng nhân dân xã Thu Cúc khóa XXI, nhiệm kỳ 2026 - 2031",https://web.facebook.com/story.php?story_fbid=122159197442936343&id=61578090304725&rdid=agZWlHuYdp3xx5VF#,2026-02-25,wikipedia-ref,
wiki-08545-2,"Danh sách Thôn vùng đồng bào dân tộc thiểu số và miền núi, thôn đặc biệt khó khăn giai đoạn 2026 - 2030 trên địa bàn tỉnh Phú Thọ",http://files.ubdt.gov.vn/files/ecm/source_files/2026/02/05/11252411_4.%20Ph%C3%BA%20Th%E1%BB%8D%201%20(th%C3%B4n).signed_26-02-05.pdf,2026-01-29,wikipedia-ref,
wiki-08545-3,"NGHỊ QUYẾT 203/2025/QH15 SỬA ĐỔI, BỔ SUNG MỘT SỐ ĐIỀU CỦA HIẾN PHÁP NƯỚC CỘNG HÒA XÃ HỘI CHỦ NGHĨA VIỆT NAM",https://xaydungchinhsach.chinhphu.vn/nghi-quyet-203-2025-qh15-sua-doi-bo-sung-mot-so-dieu-cua-hien-phap-nuoc-cong-hoa-xa-hoi-chu-nghia-viet-nam-119250616181735552.htm,2025-06-28,wikipedia-ref,
wiki-08560-1,Danh sách chính thức các ứng cử viên Hội đồng nhân dân xã Lai Đồng nhiệm kỳ 2026 - 2031,https://laidong.phutho.gov.vn/index.php/tin-tuc-su-kien/tin-noi-bat/danh-sach-chinh-thuc-cac-ung-cu-vien-hdnd-xa-lai-dong-nhiem-ky-2026-2031-2031,2026-03-15,wikipedia-ref,
wiki-08560-2,"Danh sách Thôn vùng đồng bào dân tộc thiểu số và miền núi, thôn đặc biệt khó khăn giai đoạn 2026 - 2030 trên địa bàn tỉnh Phú Thọ",http://files.ubdt.gov.vn/files/ecm/source_files/2026/02/05/11252411_4.%20Ph%C3%BA%20Th%E1%BB%8D%201%20(th%C3%B4n).signed_26-02-05.pdf,2026-01-29,wikipedia-ref,
wiki-08560-3,"NGHỊ QUYẾT 203/2025/QH15 SỬA ĐỔI, BỔ SUNG MỘT SỐ ĐIỀU CỦA HIẾN PHÁP NƯỚC CỘNG HÒA XÃ HỘI CHỦ NGHĨA VIỆT NAM",https://xaydungchinhsach.chinhphu.vn/nghi-quyet-203-2025-qh15-sua-doi-bo-sung-mot-so-dieu-cua-hien-phap-nuoc-cong-hoa-xa-hoi-chu-nghia-viet-nam-119250616181735552.htm,2025-06-28,wikipedia-ref,
wiki-08566-1,Nghị quyết số 111/2025/UBTVQH15 về phân loại đô thị,https://xaydungchinhsach.chinhphu.vn/nghi-quyet-so-111-2025-ubtvqh15-ve-phan-loai-do-thi-119260101170432239.htm,2026-01-21,wikipedia-ref,
wiki-08566-2,"Danh sách Thôn vùng đồng bào dân tộc thiểu số và miền núi, thôn đặc biệt khó khăn giai đoạn 2026 - 2030 trên địa bàn tỉnh Phú Thọ",http://files.ubdt.gov.vn/files/ecm/source_files/2026/02/05/11252411_4.%20Ph%C3%BA%20Th%E1%BB%8D%201%20(th%C3%B4n).signed_26-02-05.pdf,2026-01-29,wikipedia-ref,
wiki-08566-3,Danh sách khu vực bỏ phiếu bầu cử đại biểu Quốc hội khóa XVI và Hội đồng nhân dân các cấp nhiệm kỳ 2026 - 2031 trên địa bàn xã Tân Sơn,https://web.facebook.com/story.php?story_fbid=932968712432214&id=100071572801360&rdid=wWVcYtXjmgIwxhdS#,2026-03-11,wikipedia-ref,
portal-08584,"🆘 Thông báo về việc sử dụng tên gọi các thôn sau sắp xếp, đổi tên 👇",https://storage-vnportal.vnpt.vn/pto-ubnd/5953/Võ Miếu/Tintuc/Thông báo về việc sử dụng tên gọi các thôn sau sắp xếp.signed.signed.pdf,2026,cong_ttdt,
wiki-08590-1,"Danh sách Thôn vùng đồng bào dân tộc thiểu số và miền núi, thôn đặc biệt khó khăn giai đoạn 2026 - 2030 trên địa bàn tỉnh Phú Thọ",http://files.ubdt.gov.vn/files/ecm/source_files/2026/02/05/11252411_4.%20Ph%C3%BA%20Th%E1%BB%8D%201%20(th%C3%B4n).signed_26-02-05.pdf,2026-01-29,wikipedia-ref,
wiki-08590-2,"Danh sách chính thức 36 người ứng cử đại biểu Hội đồng nhân dân xã Xuân Đài khóa XXV, nhiệm kỳ 2026 - 2031 tại 05 đơn vị bầu cử",https://web.facebook.com/story.php?story_fbid=122168181488937376&id=61578121284182&rdid=GaywlKj0qHNLtGa0#,2026-03-03,wikipedia-ref,
wiki-08590-3,"NGHỊ QUYẾT 203/2025/QH15 SỬA ĐỔI, BỔ SUNG MỘT SỐ ĐIỀU CỦA HIẾN PHÁP NƯỚC CỘNG HÒA XÃ HỘI CHỦ NGHĨA VIỆT NAM",https://xaydungchinhsach.chinhphu.vn/nghi-quyet-203-2025-qh15-sua-doi-bo-sung-mot-so-dieu-cua-hien-phap-nuoc-cong-hoa-xa-hoi-chu-nghia-viet-nam-119250616181735552.htm,2025-06-28,wikipedia-ref,
wiki-08593-1,Nghị quyết số 1/NQ-UBBC về việc công bố danh sách những người ứng cử đại biểu Hội đồng nhân dân xã Minh Đài khóa XXI nhiệm kỳ 2026 - 2031 theo Đơn vị bầu cử,https://web.facebook.com/story.php?story_fbid=122159126018934004&id=61578020126936&rdid=gZ2NTKvWlc1mhqFA#,2026-02-23,wikipedia-ref,
wiki-08593-2,"Danh sách Thôn vùng đồng bào dân tộc thiểu số và miền núi, thôn đặc biệt khó khăn giai đoạn 2026 - 2030 trên địa bàn tỉnh Phú Thọ",http://files.ubdt.gov.vn/files/ecm/source_files/2026/02/05/11252411_4.%20Ph%C3%BA%20Th%E1%BB%8D%201%20(th%C3%B4n).signed_26-02-05.pdf,2026-01-29,wikipedia-ref,
wiki-08593-3,"NGHỊ QUYẾT 203/2025/QH15 SỬA ĐỔI, BỔ SUNG MỘT SỐ ĐIỀU CỦA HIẾN PHÁP NƯỚC CỘNG HÒA XÃ HỘI CHỦ NGHĨA VIỆT NAM",https://xaydungchinhsach.chinhphu.vn/nghi-quyet-203-2025-qh15-sua-doi-bo-sung-mot-so-dieu-cua-hien-phap-nuoc-cong-hoa-xa-hoi-chu-nghia-viet-nam-119250616181735552.htm,2025-06-28,wikipedia-ref,
wiki-08611-1,Danh sách chính thức những người ứng cử đại biểu Hội đồng nhân dân xã Văn Miếu nhiệm kỳ 2026 - 2031,https://vanmieu.phutho.gov.vn/index.php/tin-tuc-su-kien/chinh-tri/xa-van-mieu-cong-bo-danh-sach-nhung-nguoi-ung-cu-dai-bieu-hdnd-xa-nhiem-ky-2026-2031,2026-04-26,wikipedia-ref,
wiki-08611-2,"Danh sách Thôn vùng đồng bào dân tộc thiểu số và miền núi, thôn đặc biệt khó khăn giai đoạn 2026 - 2030 trên địa bàn tỉnh Phú Thọ",http://files.ubdt.gov.vn/files/ecm/source_files/2026/02/05/11252411_4.%20Ph%C3%BA%20Th%E1%BB%8D%201%20(th%C3%B4n).signed_26-02-05.pdf,2026-01-29,wikipedia-ref,
wiki-08611-3,"NGHỊ QUYẾT 203/2025/QH15 SỬA ĐỔI, BỔ SUNG MỘT SỐ ĐIỀU CỦA HIẾN PHÁP NƯỚC CỘNG HÒA XÃ HỘI CHỦ NGHĨA VIỆT NAM",https://xaydungchinhsach.chinhphu.vn/nghi-quyet-203-2025-qh15-sua-doi-bo-sung-mot-so-dieu-cua-hien-phap-nuoc-cong-hoa-xa-hoi-chu-nghia-viet-nam-119250616181735552.htm,2025-06-28,wikipedia-ref,
wiki-08614-1,"Xã Cự Đồng công bố danh sách những người trúng cử đại biểu Hội đồng nhân dân xã, nhiệm kỳ 2026 - 2031",https://cudong.phutho.gov.vn/tin-hoat-dong-cua-dang-uy-hdnd/xa-cu-dong-cong-bo-danh-sach-nhung-nguoi-trung-cu-dai-bieu-hdnd-xa-nhiem-ky-2026-2031-280280,2026-03-22,wikipedia-ref,
wiki-08614-2,"Danh sách Thôn vùng đồng bào dân tộc thiểu số và miền núi, thôn đặc biệt khó khăn giai đoạn 2026 - 2030 trên địa bàn tỉnh Phú Thọ",http://files.ubdt.gov.vn/files/ecm/source_files/2026/02/05/11252411_4.%20Ph%C3%BA%20Th%E1%BB%8D%201%20(th%C3%B4n).signed_26-02-05.pdf,2026-01-29,wikipedia-ref,
wiki-08614-3,"NGHỊ QUYẾT 203/2025/QH15 SỬA ĐỔI, BỔ SUNG MỘT SỐ ĐIỀU CỦA HIẾN PHÁP NƯỚC CỘNG HÒA XÃ HỘI CHỦ NGHĨA VIỆT NAM",https://xaydungchinhsach.chinhphu.vn/nghi-quyet-203-2025-qh15-sua-doi-bo-sung-mot-so-dieu-cua-hien-phap-nuoc-cong-hoa-xa-hoi-chu-nghia-viet-nam-119250616181735552.htm,2025-06-28,wikipedia-ref,
wiki-08620-1,Nghị quyết số 2/QĐ-UBBC về việc lập và công bố danh sách chính thức những người ứng cử đại biểu Hội đồng nhân dân xã Long Cốc nhiệm kỳ 2026 - 2031 theo đơn vị bầu cử,https://web.facebook.com/story.php?story_fbid=122161089602934655&id=61578039656231&rdid=Rva9IReVwXYD1cTh#,2026-02-25,wikipedia-ref,
wiki-08620-2,"Danh sách Thôn vùng đồng bào dân tộc thiểu số và miền núi, thôn đặc biệt khó khăn giai đoạn 2026 - 2030 trên địa bàn tỉnh Phú Thọ",http://files.ubdt.gov.vn/files/ecm/source_files/2026/02/05/11252411_4.%20Ph%C3%BA%20Th%E1%BB%8D%201%20(th%C3%B4n).signed_26-02-05.pdf,2026-01-29,wikipedia-ref,
wiki-08620-3,"NGHỊ QUYẾT 203/2025/QH15 SỬA ĐỔI, BỔ SUNG MỘT SỐ ĐIỀU CỦA HIẾN PHÁP NƯỚC CỘNG HÒA XÃ HỘI CHỦ NGHĨA VIỆT NAM",https://xaydungchinhsach.chinhphu.vn/nghi-quyet-203-2025-qh15-sua-doi-bo-sung-mot-so-dieu-cua-hien-phap-nuoc-cong-hoa-xa-hoi-chu-nghia-viet-nam-119250616181735552.htm,2025-06-28,wikipedia-ref,
wiki-08632-1,"Danh sách chính thức những người ứng cử đại biểu Hội đồng nhân dân xã Hương Cần khóa XXI, nhiệm kỳ 2026 - 2031",https://huongcan.phutho.gov.vn/uy-ban-nhan-dan-xa/danh-sach-chinh-thuc-nhung-nguoi-ung-cu-va-tieu-su-tom-tat-cua-nhung-nguoi-ung-cu-dai-bieu-hoi-d-280115,2026-02-27,wikipedia-ref,
wiki-08632-2,"Danh sách Thôn vùng đồng bào dân tộc thiểu số và miền núi, thôn đặc biệt khó khăn giai đoạn 2026 - 2030 trên địa bàn tỉnh Phú Thọ",http://files.ubdt.gov.vn/files/ecm/source_files/2026/02/05/11252411_4.%20Ph%C3%BA%20Th%E1%BB%8D%201%20(th%C3%B4n).signed_26-02-05.pdf,2026-01-29,wikipedia-ref,
wiki-08632-3,"NGHỊ QUYẾT 203/2025/QH15 SỬA ĐỔI, BỔ SUNG MỘT SỐ ĐIỀU CỦA HIẾN PHÁP NƯỚC CỘNG HÒA XÃ HỘI CHỦ NGHĨA VIỆT NAM",https://xaydungchinhsach.chinhphu.vn/nghi-quyet-203-2025-qh15-sua-doi-bo-sung-mot-so-dieu-cua-hien-phap-nuoc-cong-hoa-xa-hoi-chu-nghia-viet-nam-119250616181735552.htm,2025-06-28,wikipedia-ref,
wiki-08635-1,"Quyết định về việc ấn định số lượng, danh sách đơn vị bầu cử và số lượng đại biểu được bầu ở mỗi đơn vị bầu cử đại biểu Hội đồng nhân dân xã Khả Cửu, nhiệm kỳ 2026 - 2031",https://khacuu.phutho.gov.vn/index.php/tin-tuc-su-kien/chinh-tri/quyet-dinh-ve-viec-an-dinh-va-cong-bo-so-don-vi-bau-cu-danh-sach-don-vi-bau-cu-va-so-luong-dai-bieu-hdnd-xa-kha-cuu-nhiem-ky-2026-2031-duoc-bau-cu-o-moi-don-vi-bau-cu,2025-12,wikipedia-ref,
wiki-08635-2,"Danh sách Thôn vùng đồng bào dân tộc thiểu số và miền núi, thôn đặc biệt khó khăn giai đoạn 2026 - 2030 trên địa bàn tỉnh Phú Thọ",http://files.ubdt.gov.vn/files/ecm/source_files/2026/02/05/11252411_4.%20Ph%C3%BA%20Th%E1%BB%8D%201%20(th%C3%B4n).signed_26-02-05.pdf,2026-01-29,wikipedia-ref,
wiki-08635-3,"NGHỊ QUYẾT 203/2025/QH15 SỬA ĐỔI, BỔ SUNG MỘT SỐ ĐIỀU CỦA HIẾN PHÁP NƯỚC CỘNG HÒA XÃ HỘI CHỦ NGHĨA VIỆT NAM",https://xaydungchinhsach.chinhphu.vn/nghi-quyet-203-2025-qh15-sua-doi-bo-sung-mot-so-dieu-cua-hien-phap-nuoc-cong-hoa-xa-hoi-chu-nghia-viet-nam-119250616181735552.htm,2025-06-28,wikipedia-ref,
wiki-08656-1,"Danh sách Thôn vùng đồng bào dân tộc thiểu số và miền núi, thôn đặc biệt khó khăn giai đoạn 2026 - 2030 trên địa bàn tỉnh Phú Thọ",http://files.ubdt.gov.vn/files/ecm/source_files/2026/02/05/11252411_4.%20Ph%C3%BA%20Th%E1%BB%8D%201%20(th%C3%B4n).signed_26-02-05.pdf,2026-01-29,wikipedia-ref,
wiki-08656-2,"Danh sách những người ứng cử đại biểu Hội đồng nhân dân xã Yên Sơn, nhiệm kỳ 2026 - 2031 tại Đơn vị bầu cử số 1: Khu Tân, Sính, Mới, Thín, Lở",https://web.facebook.com/story.php?story_fbid=122129026893055561&id=61581666852200&rdid=bWq5J118Gi0OX1GQ#,2026-03-10,wikipedia-ref,
wiki-08656-3,"Danh sách những người ứng cử đại biểu Hội đồng nhân dân xã Yên Sơn, nhiệm kỳ 2026 - 2031 tại Đơn vị bầu cử số 2: Khu Gò Đa, Láng Mái, Viết, Lương Sơn, Ấp Giáo, Lạc Song",https://web.facebook.com/story.php?story_fbid=122129027655055561&id=61581666852200&rdid=C6z3bEgsDuva1az1#,2026-04-27,wikipedia-ref,
wiki-08662-1,"Danh sách Thôn vùng đồng bào dân tộc thiểu số và miền núi, thôn đặc biệt khó khăn giai đoạn 2026 - 2030 trên địa bàn tỉnh Phú Thọ",http://files.ubdt.gov.vn/files/ecm/source_files/2026/02/05/11252411_4.%20Ph%C3%BA%20Th%E1%BB%8D%201%20(th%C3%B4n).signed_26-02-05.pdf,2026-01-29,wikipedia-ref,
wiki-08662-2,"Giới thiệu danh sách người ứng cử đại biểu Hội đồng nhân dân xã Đào Xá nhiệm kỳ 2026 - 2031 tại Đơn vị bầu cử số 1, gồm các khu dân cư số 1, 2, 3, 4, 5 (Xuân Lộc cũ)",https://web.facebook.com/story.php?story_fbid=122162920904932024&id=61577960740205&rdid=dc4A1bMsL2OitMKF#,2026-03-04,wikipedia-ref,
wiki-08662-3,"Giới thiệu danh sách người ứng cử đại biểu Hội đồng nhân dân xã Đào Xá nhiệm kỳ 2026 - 2031 tại Đơn vị bầu cử số 2, gồm các khu dân cư số 6, 7, 8 (Xuân Lộc cũ) và Khu dân cư số 6, 7, 8 (Thạch Đồng cũ)",https://web.facebook.com/story.php?story_fbid=122162924756932024&id=61577960740205&rdid=0AqTRgAiYhYUWcwv#,2026-03-04,wikipedia-ref,
wiki-08674-1,Danh sách ứng cử viên đại biểu Hội đồng nhân dân xã Thanh Thủy khóa II nhiệm kỳ 2026 - 2031,https://thanhthuy.phutho.gov.vn/Chuyen-muc-tin/Chi-tiet-tin/t/DANH%20S%C3%81CH%20%E1%BB%A8NG%20C%E1%BB%AC%20VI%C3%8AN%20%C4%90%E1%BA%A0I%20BI%E1%BB%82U%20H%C4%90ND%20X%C3%83%20THANH%20THU%E1%BB%B6%20KHO%C3%81%20II%20NHI%E1%BB%86M%20K%E1%BB%B2%202026%20-%202031/title/67863/ctitle/21,2026-03-04,wikipedia-ref,
wiki-08674-2,Nghị quyết số 111/2025/UBTVQH15 về phân loại đô thị,https://xaydungchinhsach.chinhphu.vn/nghi-quyet-so-111-2025-ubtvqh15-ve-phan-loai-do-thi-119260101170432239.htm,2026-01-21,wikipedia-ref,
wiki-08674-3,TOÀN VĂN: Nghị quyết số 202/2025/QH15 về sắp xếp đơn vị hành chính cấp tỉnh,https://xaydungchinhsach.chinhphu.vn/toan-van-nghi-quyet-so-202-2025-qh15-ve-sap-xep-don-vi-hanh-chinh-cap-tinh-119250612174148722.htm,2025-07-16,wikipedia-ref,
wiki-08686-1,"Danh sách Thôn vùng đồng bào dân tộc thiểu số và miền núi, thôn đặc biệt khó khăn giai đoạn 2026 - 2030 trên địa bàn tỉnh Phú Thọ",http://files.ubdt.gov.vn/files/ecm/source_files/2026/02/05/11252411_4.%20Ph%C3%BA%20Th%E1%BB%8D%201%20(th%C3%B4n).signed_26-02-05.pdf,2026-01-29,wikipedia-ref,
wiki-08686-2,"Thông báo số 143/TB-UBND về Ngày bầu cử, địa điểm bỏ phiếu, thời gian bỏ phiếu bầu cử đại biểu Quốc hội khóa XVI và đại biểu Hội đồng nhân dân các cấp nhiệm kỳ 2026 - 2031 trên địa bàn xã Tu Vũ",https://web.facebook.com/story.php?story_fbid=122095563261071993&id=61582159799149&rdid=t7QeGiCerFRAgXoJ#,2026-03-05,wikipedia-ref,
wiki-08686-3,,https://thuvienphapluat.vn/van-ban/Bo-may-hanh-chinh/Nghi-quyet-828-NQ-UBTVQH14-2019-sap-xep-don-vi-hanh-chinh-cap-xa-thuoc-tinh-Phu-Tho-432098.aspx,,wikipedia-ref,
wiki-08707-1,"Nghị quyết số 21/NQ-HĐND về việc sắp xếp, đổi tên các Tổ dân phố trên địa bàn phường Vĩnh Yên",https://vinhyen.phutho.gov.vn/images/Nam_2026/T6/nq21.pdf,6/25/2026,wikipedia-ref,
wiki-08707-2,Nghị quyết số 2/NQ-UBBC về việc công bố danh sách những người ứng cử đại biểu Hội đồng nhân dân phường Vĩnh Yên nhiệm kỳ 2026 - 2031 theo từng đơn vị bầu cử,https://vinhyen.phutho.gov.vn/images/Nam_2026/T3/NQ_02.pdf,2026-02-13,wikipedia-ref,
wiki-08707-3,TOÀN VĂN: Nghị quyết số 202/2025/QH15 về sắp xếp đơn vị hành chính cấp tỉnh,https://xaydungchinhsach.chinhphu.vn/toan-van-nghi-quyet-so-202-2025-qh15-ve-sap-xep-don-vi-hanh-chinh-cap-tinh-119250612174148722.htm,2025-07-16,wikipedia-ref,
wiki-08716-1,Quyết định số 114/QĐ-UBND về việc xác định khu vực bỏ phiếu bầu cử đại biểu Quốc hội khóa XVI và bầu cử đại biểu Hội đồng nhân dân các cấp nhiệm kỳ 2026 - 2031 trên địa bàn phường Vĩnh Phúc,https://vinhphuc.phutho.gov.vn/images/Q%C4%90_X%C3%A1c_%C4%91%E1%BB%8Bnh_khu_v%E1%BB%B1c_b%E1%BB%8F_phi%E1%BA%BFu_26.01.signed.signed.signed.pdf,2026-01-27,wikipedia-ref,
wiki-08716-2,TOÀN VĂN: Nghị quyết số 202/2025/QH15 về sắp xếp đơn vị hành chính cấp tỉnh,https://xaydungchinhsach.chinhphu.vn/toan-van-nghi-quyet-so-202-2025-qh15-ve-sap-xep-don-vi-hanh-chinh-cap-tinh-119250612174148722.htm,2025-07-16,wikipedia-ref,
wiki-08716-3,"NGHỊ QUYẾT 203/2025/QH15 SỬA ĐỔI, BỔ SUNG MỘT SỐ ĐIỀU CỦA HIẾN PHÁP NƯỚC CỘNG HÒA XÃ HỘI CHỦ NGHĨA VIỆT NAM",https://xaydungchinhsach.chinhphu.vn/nghi-quyet-203-2025-qh15-sua-doi-bo-sung-mot-so-dieu-cua-hien-phap-nuoc-cong-hoa-xa-hoi-chu-nghia-viet-nam-119250616181735552.htm,2025-06-28,wikipedia-ref,
wiki-08740-1,"Phường Phúc Yên tổ chức lấy ý kiến Nhân dân về việc sắp xếp, đổi tên tổ dân phố",https://phucyen.phutho.gov.vn/index.php/tin-t-c-s-ki-n/chinh-tr/3819-phuong-phuc-yen-to-chuc-lay-y-kien-nhan-dan-ve-viec-sap-xep-doi-ten-to-dan-pho,7/17/2026,wikipedia-ref,
wiki-08740-2,DANH SÁCH BÍ THƯ CHI BỘ - TỔ TRƯỞNG 25 TỔ DÂN PHỐ PHƯỜNG PHÚC YÊN,https://phucyen.phutho.gov.vn/index.php/tin-t-c-s-ki-n/chinh-tr/3872-danh-sach-bi-thu-chi-bo-to-truong-25-to-dan-pho-phuong-phuc-yen,7/17/2026,wikipedia-ref,
wiki-08740-3,"Nghị quyết số 484/NQ-UBTVQH14 về việc thành lập phường Tiền Châu, phường Nam Viêm thuộc thị xã Phúc Yên và thành lập thành phố Phúc Yên thuộc tỉnh Vĩnh Phúc",https://datafiles.chinhphu.vn/cpp/files/vbpq/2018/02/484.signed.pdf,2018-02-07,wikipedia-ref,
wiki-08746-1,"Nghị quyết số 2/NQ-UBBC về việc công bố danh sách chính thức những người ứng cử đại biểu Hội đồng nhân dân phường Xuân Hòa Khóa XIV, nhiệm kỳ 2026-2031 theo từng đơn vị bầu cử",https://xuanhoa.phutho.gov.vn/images/N%C4%83m_2026/NQ_C%C3%94NG_B%E1%BB%90_DANH_S%C3%81CH_CH%C3%8DNH_TH%E1%BB%A8C_NG%C6%AF%E1%BB%9CI_%E1%BB%A8NG_C%E1%BB%AC_%C4%90B_H%C4%90ND_PH%C6%AF%E1%BB%9CNG.pdf,2026-02-12,wikipedia-ref,
wiki-08746-2,"NGHỊ QUYẾT 203/2025/QH15 SỬA ĐỔI, BỔ SUNG MỘT SỐ ĐIỀU CỦA HIẾN PHÁP NƯỚC CỘNG HÒA XÃ HỘI CHỦ NGHĨA VIỆT NAM",https://xaydungchinhsach.chinhphu.vn/nghi-quyet-203-2025-qh15-sua-doi-bo-sung-mot-so-dieu-cua-hien-phap-nuoc-cong-hoa-xa-hoi-chu-nghia-viet-nam-119250616181735552.htm,2025-06-28,wikipedia-ref,
wiki-08746-3,Nghị quyết số 1676/NQ-UBTVQH15 sắp xếp các ĐVHC cấp xã của tỉnh Phú Thọ năm 2025,https://xaydungchinhsach.chinhphu.vn/toan-van-nghi-quyet-so-1676-nq-ubtvqh15-sap-xep-cac-dvhc-cap-xa-cua-tinh-phu-tho-nam-2025-119250616204317326.htm,2025-06-20,wikipedia-ref,
wiki-08761-1,"Nghị quyết số 2/NQ-UBBC về việc công bố danh sách chính thức những người ứng cử đại biểu Hội đồng nhân dân xã Lập Thạch, khóa II nhiệm kỳ 2026 - 2031 theo từng đơn vị bầu cử",https://lapthach.phutho.gov.vn/images/NQ_02_UBBC_c%C3%B4ng_b%E1%BB%91_DS_ch%C3%ADnh_th%E1%BB%A9c_%E1%BB%A9ng_vi%C3%AAn_%C4%91%E1%BA%A1i_bi%E1%BB%83u_H%C4%90ND_x%C3%A3.pdf,2026-02-24,wikipedia-ref,
wiki-08761-2,Nghị quyết số 111/2025/UBTVQH15 về phân loại đô thị,https://xaydungchinhsach.chinhphu.vn/nghi-quyet-so-111-2025-ubtvqh15-ve-phan-loai-do-thi-119260101170432239.htm,2026-01-21,wikipedia-ref,
wiki-08761-3,"Danh sách Thôn vùng đồng bào dân tộc thiểu số và miền núi, thôn đặc biệt khó khăn giai đoạn 2026 - 2030 trên địa bàn tỉnh Phú Thọ",http://files.ubdt.gov.vn/files/ecm/source_files/2026/02/05/11252411_4.%20Ph%C3%BA%20Th%E1%BB%8D%201%20(th%C3%B4n).signed_26-02-05.pdf,2026-01-29,wikipedia-ref,
wiki-08770-1,"Danh sách Thôn vùng đồng bào dân tộc thiểu số và miền núi, thôn đặc biệt khó khăn giai đoạn 2026 - 2030 trên địa bàn tỉnh Phú Thọ",http://files.ubdt.gov.vn/files/ecm/source_files/2026/02/05/11252411_4.%20Ph%C3%BA%20Th%E1%BB%8D%201%20(th%C3%B4n).signed_26-02-05.pdf,2026-01-29,wikipedia-ref,
wiki-08770-2,"Trân trọng giới thiệu tiểu sử tóm tắt người ứng cử đại biểu Hội đồng nhân dân xã Hợp Lý, tỉnh Phú Thọ, nhiệm kỳ 2026 - 2031 (Đơn vị bầu cử số 01: Ngọc, Ngọc Kỳ, Ngọc Sơn, Nghệ Oản Trung)",https://web.facebook.com/story.php?story_fbid=122161393868936868&id=61578106047925&rdid=cntsHBPx6guhaI9e#,2026-03-13,wikipedia-ref,
wiki-08770-3,"Trân trọng giới thiệu tiểu sử tóm tắt người ứng cử đại biểu Hội đồng nhân dân xã Hợp Lý, tỉnh Phú Thọ, nhiệm kỳ 2026 - 2031 (Đơn vị bầu cử số 02: Minh Sơn, Han, Hạ)",https://web.facebook.com/story.php?story_fbid=122161394762936868&id=61578106047925&rdid=GxaSt93LLbdizLYo#,2026-03-13,wikipedia-ref,
wiki-08773-1,Danh sách chính thức những người ứng cử đại biểu Hội đồng nhân dân xã Yên Lãng nhiệm kỳ 2026 - 2031,https://yenlang.phutho.gov.vn/index.php/bau-cu-dai-bieu-quoc-hoi-khoa-xiv-va-hdnd-cac-cap-nhiem-ky-2026-2031/danh-sach-nguoi-ung-cu-dai-bieu-hdnd-xa-yen-lang-nhiem-ky-2026-2031,2026-02-12,wikipedia-ref,
wiki-08773-2,"Danh sách Thôn vùng đồng bào dân tộc thiểu số và miền núi, thôn đặc biệt khó khăn giai đoạn 2026 - 2030 trên địa bàn tỉnh Phú Thọ",http://files.ubdt.gov.vn/files/ecm/source_files/2026/02/05/11252411_4.%20Ph%C3%BA%20Th%E1%BB%8D%201%20(th%C3%B4n).signed_26-02-05.pdf,2026-01-29,wikipedia-ref,
wiki-08773-3,TOÀN VĂN: Nghị quyết số 202/2025/QH15 về sắp xếp đơn vị hành chính cấp tỉnh,https://xaydungchinhsach.chinhphu.vn/toan-van-nghi-quyet-so-202-2025-qh15-ve-sap-xep-don-vi-hanh-chinh-cap-tinh-119250612174148722.htm,2025-07-16,wikipedia-ref,
portal-08782,"THÔNG BÁO Tên gọi các thôn thuộc xã Hải Lựu, tỉnh Phú Thọ sau sắp xếp, sáp nhập và đổi tên thôn dân cư trên địa bàn xã",https://hailuu.phutho.gov.vn/images/TB_tên_gọi_các_thôn_sau_sắp_xếp_đổi_tên.signed.signed.pdf,2026,cong_ttdt,
wiki-08788-1,"Danh sách Thôn vùng đồng bào dân tộc thiểu số và miền núi, thôn đặc biệt khó khăn giai đoạn 2026 - 2030 trên địa bàn tỉnh Phú Thọ",http://files.ubdt.gov.vn/files/ecm/source_files/2026/02/05/11252411_4.%20Ph%C3%BA%20Th%E1%BB%8D%201%20(th%C3%B4n).signed_26-02-05.pdf,2026-01-29,wikipedia-ref,
wiki-08788-2,"Quyết định số 7/QĐ-UBBC về việc công bố kết quả bầu cử đại biểu Hội đồng nhân dân xã Thái Hòa, nhiệm kỳ 2026 - 2031",https://web.facebook.com/story.php?story_fbid=122162100518924478&id=61577734363967&rdid=yML2aPUDimd6ptT7#,2026-03-16,wikipedia-ref,
wiki-08788-3,TOÀN VĂN: Nghị quyết số 202/2025/QH15 về sắp xếp đơn vị hành chính cấp tỉnh,https://xaydungchinhsach.chinhphu.vn/toan-van-nghi-quyet-so-202-2025-qh15-ve-sap-xep-don-vi-hanh-chinh-cap-tinh-119250612174148722.htm,2025-07-16,wikipedia-ref,
wiki-08812-1,"Nghị quyết số 1/NQ-UBBC về việc ấn định và công bố số đơn vị bầu cử, danh sách các đơn vị bầu cử và số lượng đại biểu Hội đồng nhân dân xã nhiệm kỳ 2026 - 2031 được bầu ở mỗi đơn vị bầu cử",https://lienhoa.phutho.gov.vn/index.php/van-ban-phap-quy?task=download.send&id=10&catid=5&m=0,2025-12-24,wikipedia-ref,
wiki-08812-2,Nghị quyết số 111/2025/UBTVQH15 về phân loại đô thị,https://xaydungchinhsach.chinhphu.vn/nghi-quyet-so-111-2025-ubtvqh15-ve-phan-loai-do-thi-119260101170432239.htm,2026-01-21,wikipedia-ref,
wiki-08812-3,TOÀN VĂN: Nghị quyết số 202/2025/QH15 về sắp xếp đơn vị hành chính cấp tỉnh,https://xaydungchinhsach.chinhphu.vn/toan-van-nghi-quyet-so-202-2025-qh15-ve-sap-xep-don-vi-hanh-chinh-cap-tinh-119250612174148722.htm,2025-07-16,wikipedia-ref,
wiki-08824-1,Nghị quyết số 111/2025/UBTVQH15 về phân loại đô thị,https://xaydungchinhsach.chinhphu.vn/nghi-quyet-so-111-2025-ubtvqh15-ve-phan-loai-do-thi-119260101170432239.htm,2026-01-21,wikipedia-ref,
wiki-08824-2,"Danh sách Thôn vùng đồng bào dân tộc thiểu số và miền núi, thôn đặc biệt khó khăn giai đoạn 2026 - 2030 trên địa bàn tỉnh Phú Thọ",http://files.ubdt.gov.vn/files/ecm/source_files/2026/02/05/11252411_4.%20Ph%C3%BA%20Th%E1%BB%8D%201%20(th%C3%B4n).signed_26-02-05.pdf,2026-01-29,wikipedia-ref,
wiki-08824-3,TOÀN VĂN: Nghị quyết số 202/2025/QH15 về sắp xếp đơn vị hành chính cấp tỉnh,https://xaydungchinhsach.chinhphu.vn/toan-van-nghi-quyet-so-202-2025-qh15-ve-sap-xep-don-vi-hanh-chinh-cap-tinh-119250612174148722.htm,2025-07-16,wikipedia-ref,
wiki-08842-1,"Xã Tiên Lữ trân trọng giới thiệu tiểu sử tóm tắt các ứng cử viên Đại biểu Hội đồng Nhân dân xã khóa II, nhiệm kỳ 2026 - 2031 tại Đơn vị bầu cử số 01, gồm Thôn Nhật Tân, thôn Xuân Quang, thôn Lai Châu, thôn Nam, thôn Mỹ Đức, thôn Sơn Phùng, thôn Sơn Bình, thôn Lan Hùng",https://web.facebook.com/story.php?story_fbid=122164284968926997&id=61577809936144&rdid=Lqn4HEi4jEtajOVy#,2026-03-05,wikipedia-ref,
wiki-08842-2,"Xã Tiên Lữ trân trọng giới thiệu tiểu sử tóm tắt các ứng cử viên Đại biểu Hội đồng Nhân dân xã khóa II, nhiệm kỳ 2026 - 2031 tại Đơn vị bầu cử số 02, gồm Thôn Mới, thôn Dộc, thôn Quẵng, thôn Minh trụ, thôn Quang Trung, thôn Nương Ải, thôn Tân Thành, thôn Vinh Quang",https://web.facebook.com/story.php?story_fbid=122164533944926997&id=61577809936144&rdid=es0ZoqC0wiQy2LBT#,2026-03-07,wikipedia-ref,
wiki-08842-3,"Xã Tiên Lữ trân trọng giới thiệu tiểu sử tóm tắt các ứng cử viên Đại biểu Hội đồng Nhân dân xã khóa II, nhiệm kỳ 2026 - 2031 tại Đơn vị bầu cử số 03, gồm Thôn Vườn Tràng, thôn Lục Thụ, thôn Minh Khai, thôn Đông Xuân, thôn Nghĩa An, thôn Liên Sơn, thôn Xuân Phong, thôn Đoàn Kết, thôn Thi Đua, Thôn Đồng Tâm. thôn Cộng Hòa, Thôn Chiến Thắng",https://web.facebook.com/story.php?story_fbid=122164535876926997&id=61577809936144&rdid=Tkho2m0XMGvLDBEp#,2026-03-07,wikipedia-ref,
wiki-08848-1,"Danh sách người ứng cử đại biểu Hội đồng nhân dân xã Sông Lô, nhiệm kỳ 2026 - 2031 tại Đơn vị bầu cử số 1 gồm Thôn Minh Khai, Đại Thắng, Thống Nhất, Đoàn Kết, Minh Tân",https://www.facebook.com/story.php?story_fbid=122163505814931629&id=61577948889394&rdid=9yITT3B0AZRb87UA#,2026-03-05,wikipedia-ref,
wiki-08848-2,"Danh sách người ứng cử đại biểu Hội đồng nhân dân xã Sông Lô, nhiệm kỳ 2026 - 2031 tại Đơn vị bầu cử số 2 gồm Thôn Tiền Phong, Hoa Mỹ, An Khang, Sông Lô",https://www.facebook.com/story.php?story_fbid=122163506036931629&id=61577948889394&rdid=kENBxQrOMKQrMo8D#,2026-03-05,wikipedia-ref,
wiki-08848-3,"Danh sách người ứng cử đại biểu Hội đồng nhân dân xã Sông Lô, nhiệm kỳ 2026 - 2031 tại Đơn vị bầu cử số 3 gồm Thôn Phú Cường, Yên Lương, Lương Thịnh, Yên Kiều, Yên Mỹ, Phú Thượng.",https://www.facebook.com/story.php?story_fbid=122163506498931629&id=61577948889394&rdid=sKhDEm5BFAw9Vbes#,2026-03-05,wikipedia-ref,
wiki-08866-1,Tiểu sử tóm tắt của người ứng cử đại biểu Hội đồng nhân dân xã Sơn Đông nhiệm kỳ 2026 – 2031,https://sondong.phutho.gov.vn/tieu-su-tom-tat-cua-nguoi-ung-cu-dai-bieu-hdnd-xa-son-dong-nhiem-ky-2026-2031/,2026-03-15,wikipedia-ref,
wiki-08866-2,TOÀN VĂN: Nghị quyết số 202/2025/QH15 về sắp xếp đơn vị hành chính cấp tỉnh,https://xaydungchinhsach.chinhphu.vn/toan-van-nghi-quyet-so-202-2025-qh15-ve-sap-xep-don-vi-hanh-chinh-cap-tinh-119250612174148722.htm,2025-07-16,wikipedia-ref,
wiki-08866-3,"NGHỊ QUYẾT 203/2025/QH15 SỬA ĐỔI, BỔ SUNG MỘT SỐ ĐIỀU CỦA HIẾN PHÁP NƯỚC CỘNG HÒA XÃ HỘI CHỦ NGHĨA VIỆT NAM",https://xaydungchinhsach.chinhphu.vn/nghi-quyet-203-2025-qh15-sua-doi-bo-sung-mot-so-dieu-cua-hien-phap-nuoc-cong-hoa-xa-hoi-chu-nghia-viet-nam-119250616181735552.htm,2025-06-28,wikipedia-ref,
wiki-08869-1,Nghị quyết số 2/NQ-UBBC về việc công bố danh sách chính thức những người ứng cử đại biểu Hội đồng nhân dân xã Tam Dương nhiệm kỳ 2026 - 2031 theo từng đơn vị bầu cử,https://www.facebook.com/share/p/1CQZLM9M8U/,2026-02-24,wikipedia-ref,
wiki-08869-2,Nghị quyết số 111/2025/UBTVQH15 về phân loại đô thị,https://xaydungchinhsach.chinhphu.vn/nghi-quyet-so-111-2025-ubtvqh15-ve-phan-loai-do-thi-119260101170432239.htm,2026-01-21,wikipedia-ref,
wiki-08869-3,TOÀN VĂN: Nghị quyết số 202/2025/QH15 về sắp xếp đơn vị hành chính cấp tỉnh,https://xaydungchinhsach.chinhphu.vn/toan-van-nghi-quyet-so-202-2025-qh15-ve-sap-xep-don-vi-hanh-chinh-cap-tinh-119250612174148722.htm,2025-07-16,wikipedia-ref,
wiki-08872-1,"Nghị quyết số 1/NQ-UBBC về việc ấn định và công bố số đơn vị bầu cử, danh sách các đơn vị bầu cử và số lượng đại biểu được bầu ở mỗi đơn vị bầu cử đại biểu Hội đồng nhân dân xã Tam Dương Bắc, nhiệm kỳ 2026 - 2031",https://tamduongbac.phutho.gov.vn/index.php/van-ban-phap-quy/3-van-ban-cua-xa,2025-12-24,wikipedia-ref,
wiki-08872-2,"Danh sách Thôn vùng đồng bào dân tộc thiểu số và miền núi, thôn đặc biệt khó khăn giai đoạn 2026 - 2030 trên địa bàn tỉnh Phú Thọ",http://files.ubdt.gov.vn/files/ecm/source_files/2026/02/05/11252411_4.%20Ph%C3%BA%20Th%E1%BB%8D%201%20(th%C3%B4n).signed_26-02-05.pdf,2026-01-29,wikipedia-ref,
wiki-08872-3,TOÀN VĂN: Nghị quyết số 202/2025/QH15 về sắp xếp đơn vị hành chính cấp tỉnh,https://xaydungchinhsach.chinhphu.vn/toan-van-nghi-quyet-so-202-2025-qh15-ve-sap-xep-don-vi-hanh-chinh-cap-tinh-119250612174148722.htm,2025-07-16,wikipedia-ref,
wiki-08896-1,"Tiểu sử tóm tắt 07 người ứng cử đại biểu Hội đồng nhân dân xã Hoàng An nhiệm kỳ 2026 - 2031 tại Đơn vị bầu cử số 01 (gồm các thôn: Nội Điện, Yên Thượng, Đô Lương, Hương Đình)",https://web.facebook.com/story.php?story_fbid=122162544308928788&id=61577863662471&rdid=KqkzHp7QiXcdkyC1#,2026-03-02,wikipedia-ref,
wiki-08896-2,"Tiểu sử tóm tắt 05 người ứng cử đại biểu Hội đồng nhân dân xã Hoàng An khóa nhiệm kỳ 2026 - 2031 tại Đơn vị bầu cử số 02 (Gồm các thôn: Ngọc Thạch 1, Ngọc Thạch 2, Phương Lâu)",https://web.facebook.com/story.php?story_fbid=122162542034928788&id=61577863662471&rdid=dKRdrloGbupHS7C2#,2026-04-21,wikipedia-ref,
wiki-08896-3,"Tiểu sử tóm tắt 05 người ứng cử đại biểu Hội đồng nhân dân xã Hoàng An khóa nhiệm kỳ 2026 - 2031 tại Đơn vị bầu cử số 03 (Gồm các thôn: Bắc 1, Bắc 2, Đoài Đỗ, Mới 2, Đông, Ngòi)",https://web.facebook.com/story.php?story_fbid=122162589788928788&id=61577863662471&rdid=kyTaJMhNo4xNYsZk#,2026-03-02,wikipedia-ref,
wiki-08905-1,"Tiểu sử tóm tắt 05 người ứng cử đại biểu Hội đồng nhân dân xã Hội Thịnh khóa III, nhiệm kỳ 2026 - 2031. Tại Đơn vị bầu cử số 01 (Gồm các thôn: Lạc Thịnh, Hưng Thịnh, Quang Trung, Thọ Khánh).",https://hoithinh.phutho.gov.vn/index.php/tin-tuc-su-kien/chinh-tri/tieu-su-tom-tat-05-nguoi-ung-cu-dai-bieu-hoi-dong-nhan-dan-xa-hoi-thinh-khoa-iii-nhiem-ky-2026-2031-tai-don-vi-bau-cu-so-01,2026-03-06,wikipedia-ref,
wiki-08905-2,"Tiểu sử tóm tắt 05 người ứng cử đại biểu Hội đồng nhân dân xã Hội Thịnh khóa III, nhiệm kỳ 2026 - 2031. Tại Đơn vị bầu cử số 02 (Gồm các thôn: Lê Lợi, Tân Thịnh, Vân Sau, Vân Nội).",https://hoithinh.phutho.gov.vn/index.php/tin-tuc-su-kien/chinh-tri/tieu-su-tom-tat-05-nguoi-ung-cu-dai-bieu-hoi-dong-nhan-dan-xa-hoi-thinh-khoa-iii-nhiem-ky-2026-2031-tai-don-vi-bau-cu-so-02,2026-03-06,wikipedia-ref,
wiki-08905-3,"Tiểu sử tóm tắt 05 người ứng cử đại biểu Hội đồng nhân dân xã Hội Thịnh khóa III, nhiệm kỳ 2026 - 2031. Tại Đơn vị bầu cử số 03 (Gồm các thôn: Chấn Yên, Vân Tập, Vân Giữa, Giữa)",https://hoithinh.phutho.gov.vn/index.php/tin-tuc-su-kien/chinh-tri/tieu-su-tom-tat-05-nguoi-ung-cu-dai-bieu-hoi-dong-nhan-dan-xa-hoi-thinh-khoa-iii-nhiem-ky-2026-2031-tai-don-vi-bau-cu-so-03,2026-03-06,wikipedia-ref,
wiki-08911-1,"Nghị quyết số 2/NQ-UBBC về việc Công bố danh sách chính thức những người ứng cử đại biểu Hội đồng nhân dân xã Tam Đảo Khóa II, nhiệm kỳ 2026 - 2031 theo từng đơn vị bầu cử",https://www.facebook.com/story.php?story_fbid=122176982918928009&id=61577840287449&rdid=1siWcnccZT14yYPj#,2026-02-13,wikipedia-ref,
wiki-08911-2,Nghị quyết số 111/2025/UBTVQH15 về phân loại đô thị,https://xaydungchinhsach.chinhphu.vn/nghi-quyet-so-111-2025-ubtvqh15-ve-phan-loai-do-thi-119260101170432239.htm,2026-01-21,wikipedia-ref,
wiki-08911-3,"Danh sách Thôn vùng đồng bào dân tộc thiểu số và miền núi, thôn đặc biệt khó khăn giai đoạn 2026 - 2030 trên địa bàn tỉnh Phú Thọ",http://files.ubdt.gov.vn/files/ecm/source_files/2026/02/05/11252411_4.%20Ph%C3%BA%20Th%E1%BB%8D%201%20(th%C3%B4n).signed_26-02-05.pdf,2026-01-29,wikipedia-ref,
wiki-08914-1,"Danh sách Thôn vùng đồng bào dân tộc thiểu số và miền núi, thôn đặc biệt khó khăn giai đoạn 2026 - 2030 trên địa bàn tỉnh Phú Thọ",http://files.ubdt.gov.vn/files/ecm/source_files/2026/02/05/11252411_4.%20Ph%C3%BA%20Th%E1%BB%8D%201%20(th%C3%B4n).signed_26-02-05.pdf,2026-01-29,wikipedia-ref,
wiki-08914-2,"Danh sách chính thức những người ứng cử đại biểu Hội đồng nhân dân xã Đạo Trù khóa XXI, nhiệm kỳ 2026 - 2031",https://web.facebook.com/story.php?story_fbid=122159717090933571&id=61578007145704&rdid=sn4P5jCetMLyxjyf#,2026-02-25,wikipedia-ref,
wiki-08914-3,TOÀN VĂN: Nghị quyết số 202/2025/QH15 về sắp xếp đơn vị hành chính cấp tỉnh,https://xaydungchinhsach.chinhphu.vn/toan-van-nghi-quyet-so-202-2025-qh15-ve-sap-xep-don-vi-hanh-chinh-cap-tinh-119250612174148722.htm,2025-07-16,wikipedia-ref,
wiki-08923-1,"Quyết định số 8/QĐ-UBND về việc phân chia khu vực bỏ phiếu bầu cử đại biểu Quốc hội khóa XVI và đại biểu Hội đồng nhân dân các cấp, nhiệm kỳ 2026 - 2031",https://daidinh.phutho.gov.vn/index.php/bau-cu/3502-quyet-dinh-ve-viec-phan-chia-khu-vuc-bo-phieu-bau-cu-dai-bieu-quoc-hoi-khoa-xvi-va-dai-bieu-hdnd-cac-cap-nhiem-ky-2026-2031,2026-01-22,wikipedia-ref,
wiki-08923-2,Nghị quyết của UBND tỉnh Vĩnh Phúc,https://vinhphuc.gov.vn/ct/cms/HeThongChinhTriTinh/uybannhandan/Lists/QuyetDinh/View_Detail.aspx?ItemID=676,2020-04-12,wikipedia-ref,
wiki-08923-3,Nghị quyết số 111/2025/UBTVQH15 về phân loại đô thị,https://xaydungchinhsach.chinhphu.vn/nghi-quyet-so-111-2025-ubtvqh15-ve-phan-loai-do-thi-119260101170432239.htm,2026-01-21,wikipedia-ref,
wiki-08935-1,"THÔNG BÁO Về việc triển khai thực hiện Nghị quyết số 26/NQ-HĐND, ngày 26/6/2026 của Hội đồng nhân dân xã Bình Nguyên về sắp xếp, đổi tên thôn",https://binhnguyen.phutho.gov.vn/images/TB_914.pdf,7/17/2026,wikipedia-ref,
wiki-08935-2,Nghị quyết số 111/2025/UBTVQH15 về phân loại đô thị,https://xaydungchinhsach.chinhphu.vn/nghi-quyet-so-111-2025-ubtvqh15-ve-phan-loai-do-thi-119260101170432239.htm,2026-01-21,wikipedia-ref,
wiki-08935-3,TOÀN VĂN: Nghị quyết số 202/2025/QH15 về sắp xếp đơn vị hành chính cấp tỉnh,https://xaydungchinhsach.chinhphu.vn/toan-van-nghi-quyet-so-202-2025-qh15-ve-sap-xep-don-vi-hanh-chinh-cap-tinh-119250612174148722.htm,2025-07-16,wikipedia-ref,
wiki-08944-1,Nghị quyết của UBND tỉnh Vĩnh Phúc,https://vinhphuc.gov.vn/ct/cms/HeThongChinhTriTinh/uybannhandan/Lists/QuyetDinh/View_Detail.aspx?ItemID=677,2020-04-12,wikipedia-ref,
wiki-08944-2,Nghị quyết số 111/2025/UBTVQH15 về phân loại đô thị,https://xaydungchinhsach.chinhphu.vn/nghi-quyet-so-111-2025-ubtvqh15-ve-phan-loai-do-thi-119260101170432239.htm,2026-01-21,wikipedia-ref,
wiki-08944-3,"Danh sách Thôn vùng đồng bào dân tộc thiểu số và miền núi, thôn đặc biệt khó khăn giai đoạn 2026 - 2030 trên địa bàn tỉnh Phú Thọ",http://files.ubdt.gov.vn/files/ecm/source_files/2026/02/05/11252411_4.%20Ph%C3%BA%20Th%E1%BB%8D%201%20(th%C3%B4n).signed_26-02-05.pdf,2026-01-29,wikipedia-ref,
danviet-08950,Xã Bình Xuyên công bố nghị quyết sắp xếp thôn — còn 17 thôn (Báo Dân Việt),https://danviet.vn/sap-xep-thon-to-dan-pho-moi-nhat-o-phu-tho-dia-phan-vinh-phuc-cu-xa-binh-xuyen-co-cong-bo-quan-trong-nay-d1439766.html,2026-07-01,bao,
wiki-08971-1,Nghị quyết của UBND tỉnh Vĩnh Phúc,https://vinhphuc.gov.vn/ct/cms/HeThongChinhTriTinh/uybannhandan/Lists/QuyetDinh/View_Detail.aspx?ItemID=677,2025-12-10,wikipedia-ref,
wiki-08971-2,"Quyết định số 1679/QĐ-UBND về việc thành lập khu vực bỏ phiếu bầu cử đại biểu Quốc hội khóa XVI và đại biểu Hội đồng nhân dân các cấp xã Xuân Lãng, nhiệm kỳ 2026 - 2031",https://xuanlang.phutho.gov.vn/images/N%C4%83m_2026/V%C4%83n_b%E1%BA%A3n/1679-Q%C4%90_TH%C3%80NH_L%E1%BA%ACP_KV_B%E1%BB%8E_PHI%E1%BA%BEU.pdf,2025-12-31,wikipedia-ref,
wiki-08971-3,Nghị quyết số 868/NQ-UBTVQH14 của ỦY BAN THƯỜNG VỤ QUỐC HỘI: Về việc sắp xếp các đơn vị hành chính cấp xã thuộc tỉnh Vĩnh Phúc,http://vanban.chinhphu.vn/default.aspx?pageid=27160&docid=199019,2026-07-17,wikipedia-ref,
wiki-09025-1,Nghị quyết số 111/2025/UBTVQH15 về phân loại đô thị,https://xaydungchinhsach.chinhphu.vn/nghi-quyet-so-111-2025-ubtvqh15-ve-phan-loai-do-thi-119260101170432239.htm,2026-01-21,wikipedia-ref,
wiki-09025-2,Xã Yên Lạc công bố danh sách chính thức những người ứng cử đại biểu Hội đồng nhân dân xã nhiệm kỳ 2026 - 2031,https://web.facebook.com/reel/1461395022059419,2026-02-28,wikipedia-ref,
wiki-09025-3,TOÀN VĂN: Nghị quyết số 202/2025/QH15 về sắp xếp đơn vị hành chính cấp tỉnh,https://xaydungchinhsach.chinhphu.vn/toan-van-nghi-quyet-so-202-2025-qh15-ve-sap-xep-don-vi-hanh-chinh-cap-tinh-119250612174148722.htm,2025-07-16,wikipedia-ref,
wiki-09040-1,Ủy ban bầu cử xã Tề Lỗ công bố danh sách chính thức những người ứng cử đại biểu Hội đồng nhân dân xã Tề Lỗ nhiệm kỳ 2026 - 2031 theo từng đơn vị bầu cử,https://web.facebook.com/story.php?story_fbid=122173649300919277&id=61577578334853&rdid=t5CyIIQe8aZRs7UT#,2026-03-02,wikipedia-ref,
wiki-09040-2,TOÀN VĂN: Nghị quyết số 202/2025/QH15 về sắp xếp đơn vị hành chính cấp tỉnh,https://xaydungchinhsach.chinhphu.vn/toan-van-nghi-quyet-so-202-2025-qh15-ve-sap-xep-don-vi-hanh-chinh-cap-tinh-119250612174148722.htm,2025-07-16,wikipedia-ref,
wiki-09040-3,"NGHỊ QUYẾT 203/2025/QH15 SỬA ĐỔI, BỔ SUNG MỘT SỐ ĐIỀU CỦA HIẾN PHÁP NƯỚC CỘNG HÒA XÃ HỘI CHỦ NGHĨA VIỆT NAM",https://xaydungchinhsach.chinhphu.vn/nghi-quyet-203-2025-qh15-sua-doi-bo-sung-mot-so-dieu-cua-hien-phap-nuoc-cong-hoa-xa-hoi-chu-nghia-viet-nam-119250616181735552.htm,2025-06-28,wikipedia-ref,
wiki-09043-1,Nghị quyết số 111/2025/UBTVQH15 về phân loại đô thị,https://xaydungchinhsach.chinhphu.vn/nghi-quyet-so-111-2025-ubtvqh15-ve-phan-loai-do-thi-119260101170432239.htm,2026-01-21,wikipedia-ref,
wiki-09043-2,"Tiểu sử tóm tắt các ứng cử viên ứng cử đại biểu Hội đồng nhân dân xã Tam Hồng khóa II, nhiệm kỳ 2026 - 2031",https://www.facebook.com/story.php?story_fbid=122129391633006156&id=61580184704728&rdid=j9tnINjvlzb3STeB#,2026-03-10,wikipedia-ref,
wiki-09043-3,TOÀN VĂN: Nghị quyết số 202/2025/QH15 về sắp xếp đơn vị hành chính cấp tỉnh,https://xaydungchinhsach.chinhphu.vn/toan-van-nghi-quyet-so-202-2025-qh15-ve-sap-xep-don-vi-hanh-chinh-cap-tinh-119250612174148722.htm,2025-07-16,wikipedia-ref,
wiki-09052-1,"Thông báo số 62/TB-UBND về Nơi bỏ phiếu bầu cử đại biểu Quốc hội khóa XVI và bầu cử đại biểu Hội đồng nhân dân các cấp, nhiệm kỳ 2026 - 2031 trên địa bàn xã Nguyệt Đức",https://web.facebook.com/story.php?story_fbid=122165030402929908&id=61577897251692&rdid=7RXVRX5V7sud5pL6#,2026-03-09,wikipedia-ref,
wiki-09052-2,TOÀN VĂN: Nghị quyết số 202/2025/QH15 về sắp xếp đơn vị hành chính cấp tỉnh,https://xaydungchinhsach.chinhphu.vn/toan-van-nghi-quyet-so-202-2025-qh15-ve-sap-xep-don-vi-hanh-chinh-cap-tinh-119250612174148722.htm,2025-07-16,wikipedia-ref,
wiki-09052-3,"NGHỊ QUYẾT 203/2025/QH15 SỬA ĐỔI, BỔ SUNG MỘT SỐ ĐIỀU CỦA HIẾN PHÁP NƯỚC CỘNG HÒA XÃ HỘI CHỦ NGHĨA VIỆT NAM",https://xaydungchinhsach.chinhphu.vn/nghi-quyet-203-2025-qh15-sua-doi-bo-sung-mot-so-dieu-cua-hien-phap-nuoc-cong-hoa-xa-hoi-chu-nghia-viet-nam-119250616181735552.htm,2025-06-28,wikipedia-ref,
wiki-09064-1,"Nghị quyết số 2/NQ-UBBC về việc công bố danh sách chính thức những người ứng cử đại biểu Hội đồng nhân dân xã Liên Châu, nhiệm kỳ 2026 - 2031",https://lienchau.phutho.gov.vn/index.php/2013-12-13-01-52-02/1-van-ban-cua-xa/26-nghi-quyet-so-02-nq-ubbc?start=20,2026-02-23,wikipedia-ref,
wiki-09064-2,TOÀN VĂN: Nghị quyết số 202/2025/QH15 về sắp xếp đơn vị hành chính cấp tỉnh,https://xaydungchinhsach.chinhphu.vn/toan-van-nghi-quyet-so-202-2025-qh15-ve-sap-xep-don-vi-hanh-chinh-cap-tinh-119250612174148722.htm,2025-07-16,wikipedia-ref,
wiki-09064-3,"NGHỊ QUYẾT 203/2025/QH15 SỬA ĐỔI, BỔ SUNG MỘT SỐ ĐIỀU CỦA HIẾN PHÁP NƯỚC CỘNG HÒA XÃ HỘI CHỦ NGHĨA VIỆT NAM",https://xaydungchinhsach.chinhphu.vn/nghi-quyet-203-2025-qh15-sua-doi-bo-sung-mot-so-dieu-cua-hien-phap-nuoc-cong-hoa-xa-hoi-chu-nghia-viet-nam-119250616181735552.htm,2025-06-28,wikipedia-ref,
wiki-09076-1,"Quyết định số 7/QĐ-UBBC về việc ấn định và công bố số đơn vị bầu cử, danh sách các đơn vị bầu cử và số lượng đại biểu được bầu ở mỗi đơn vị bầu cử đại biểu Hội đồng nhân dân xã Vĩnh Tường, nhiệm kỳ 2026 - 2031",https://vinhtuong.phutho.gov.vn/index.php/2013-12-13-01-52-02/1-van-ban-cua-xa,2025-12-24,wikipedia-ref,
wiki-09076-2,Nghị quyết số 111/2025/UBTVQH15 về phân loại đô thị,https://xaydungchinhsach.chinhphu.vn/nghi-quyet-so-111-2025-ubtvqh15-ve-phan-loai-do-thi-119260101170432239.htm,2026-01-21,wikipedia-ref,
wiki-09076-3,Nghị quyết số 1287/NQ-UBTVQH15 của UBTVQH Về việc sắp xếp đơn vị hành chính cấp xã của tỉnh Vĩnh Phúc giai đoạn 2023 – 2025,https://quochoi.vn/tintuc/Pages/tin-hoat-dong-cua-quoc-hoi.aspx?ItemID=91157,2024-11-21,wikipedia-ref,
wiki-09079-1,"Quyết định số 71/QĐ-UBND về việc phân chia khu vực bỏ phiếu bầu cử Quốc hội khóa XVI và bầu cử đại biểu Hội đồng nhân dân các cấp, nhiệm kỳ 2026 - 2031",https://vinhan.phutho.gov.vn/images/Q%C4%90_ph%C3%A2n_chia_khu_v%E1%BB%B1c_b%E1%BB%8F_phi%E1%BA%BFu.signed.signed.pdf,2026-01-19,wikipedia-ref,
wiki-09079-2,TOÀN VĂN: Nghị quyết số 202/2025/QH15 về sắp xếp đơn vị hành chính cấp tỉnh,https://xaydungchinhsach.chinhphu.vn/toan-van-nghi-quyet-so-202-2025-qh15-ve-sap-xep-don-vi-hanh-chinh-cap-tinh-119250612174148722.htm,2025-07-16,wikipedia-ref,
wiki-09079-3,"NGHỊ QUYẾT 203/2025/QH15 SỬA ĐỔI, BỔ SUNG MỘT SỐ ĐIỀU CỦA HIẾN PHÁP NƯỚC CỘNG HÒA XÃ HỘI CHỦ NGHĨA VIỆT NAM",https://xaydungchinhsach.chinhphu.vn/nghi-quyet-203-2025-qh15-sua-doi-bo-sung-mot-so-dieu-cua-hien-phap-nuoc-cong-hoa-xa-hoi-chu-nghia-viet-nam-119250616181735552.htm,2025-06-28,wikipedia-ref,
wiki-09100-1,"Nghị quyết 50/NQ-UBBC về việc công bố danh sách những người ứng cử đại biểu Hội đồng nhân dân xã Vĩnh Hưng, nhiệm kỳ 2026 - 2031 theo từng đơn vị bầu cử",https://web.facebook.com/story.php?story_fbid=122165019824930096&id=61577902893072&rdid=FQu6nzSXGHOPbKiU#,2026-02-25,wikipedia-ref,
wiki-09100-2,Nghị quyết số 1287/NQ-UBTVQH15 của UBTVQH Về việc sắp xếp đơn vị hành chính cấp xã của tỉnh Vĩnh Phúc giai đoạn 2023 – 2025,https://quochoi.vn/tintuc/Pages/tin-hoat-dong-cua-quoc-hoi.aspx?ItemID=91157,2026-06-24,wikipedia-ref,
wiki-09100-3,TOÀN VĂN: Nghị quyết số 202/2025/QH15 về sắp xếp đơn vị hành chính cấp tỉnh,https://xaydungchinhsach.chinhphu.vn/toan-van-nghi-quyet-so-202-2025-qh15-ve-sap-xep-don-vi-hanh-chinh-cap-tinh-119250612174148722.htm,2025-07-16,wikipedia-ref,
danviet-09100,Sáp nhập thôn — Báo Dân Việt,https://danviet.vn/sap-nhap-thon-moi-nhat-o-phu-tho-xa-vinh-hung-dia-phan-vinh-phuc-cu-con-12-truong-thon-d1449588.html,2026,bao,
wiki-09106-1,"Nghị quyết số 2/NQ-UBBC về việc công bố danh sách những người ứng cử đại biểu Hội đồng nhân dân xã Vĩnh Thành, nhiệm kỳ 2026 - 2031 theo từng đơn vị bầu cử",https://web.facebook.com/share/p/18pmHhf5cJ/,2026-02-24,wikipedia-ref,
wiki-09106-2,Nghị quyết số 1287/NQ-UBTVQH15 của UBTVQH Về việc sắp xếp đơn vị hành chính cấp xã của tỉnh Vĩnh Phúc giai đoạn 2023 – 2025,https://quochoi.vn/tintuc/Pages/tin-hoat-dong-cua-quoc-hoi.aspx?ItemID=91157,2026-06-24,wikipedia-ref,
wiki-09106-3,TOÀN VĂN: Nghị quyết số 202/2025/QH15 về sắp xếp đơn vị hành chính cấp tỉnh,https://xaydungchinhsach.chinhphu.vn/toan-van-nghi-quyet-so-202-2025-qh15-ve-sap-xep-don-vi-hanh-chinh-cap-tinh-119250612174148722.htm,2025-07-16,wikipedia-ref,
wiki-09112-1,"Thông báo Về việc niêm yết danh sách cử tri, địa điểm niêm yết danh sách cử tri, địa điểm bỏ phiếu bầu cử đại biểu Quốc hội khóa XVI và đại biểu Hội đồng nhân dân các cấp nhiệm kỳ 2026 - 2031",https://thotang.phutho.gov.vn/index.php/tin-t-c-s-ki-n/chinh-tr/3442-thong-bao-ve-viec-niem-yet-danh-sach-cu-tri-dia-diem-niem-yet-danh-sach-cu-tri-dia-diem-bo-phieu-bau-cu-dai-bieu-quoc-hoi-khoa-xvi-vadai-bieu-hdnd-cac-cap-nhiem-ky-2026-2031,2026-02-02,wikipedia-ref,
wiki-09112-2,Nghị quyết số 111/2025/UBTVQH15 về phân loại đô thị,https://xaydungchinhsach.chinhphu.vn/nghi-quyet-so-111-2025-ubtvqh15-ve-phan-loai-do-thi-119260101170432239.htm,2026-01-21,wikipedia-ref,
wiki-09112-3,TOÀN VĂN: Nghị quyết số 202/2025/QH15 về sắp xếp đơn vị hành chính cấp tỉnh,https://xaydungchinhsach.chinhphu.vn/toan-van-nghi-quyet-so-202-2025-qh15-ve-sap-xep-don-vi-hanh-chinh-cap-tinh-119250612174148722.htm,2025-07-16,wikipedia-ref,
wiki-09154-1,Nghị quyết số 1287/NQ-UBTVQH15 của UBTVQH Về việc sắp xếp đơn vị hành chính cấp xã của tỉnh Vĩnh Phúc giai đoạn 2023 – 2025,https://quochoi.vn/tintuc/Pages/tin-hoat-dong-cua-quoc-hoi.aspx?ItemID=91157,2026-06-24,wikipedia-ref,
wiki-09154-2,TOÀN VĂN: Nghị quyết số 202/2025/QH15 về sắp xếp đơn vị hành chính cấp tỉnh,https://xaydungchinhsach.chinhphu.vn/toan-van-nghi-quyet-so-202-2025-qh15-ve-sap-xep-don-vi-hanh-chinh-cap-tinh-119250612174148722.htm,2025-07-16,wikipedia-ref,
wiki-09154-3,"NGHỊ QUYẾT 203/2025/QH15 SỬA ĐỔI, BỔ SUNG MỘT SỐ ĐIỀU CỦA HIẾN PHÁP NƯỚC CỘNG HÒA XÃ HỘI CHỦ NGHĨA VIỆT NAM",https://xaydungchinhsach.chinhphu.vn/nghi-quyet-203-2025-qh15-sua-doi-bo-sung-mot-so-dieu-cua-hien-phap-nuoc-cong-hoa-xa-hoi-chu-nghia-viet-nam-119250616181735552.htm,2025-06-28,wikipedia-ref,
